,POS,PLAYER,"
                                Ov
                            ","
                                Runs
                            ","
                                Wkts
                            ","
                                SR
                            ","
                                Against
                            ","
                                Venue
                            ","
                                Match Date
                            "
0,1,Adam Zampa,4,19,6,4.00,SRH,ACA-VDCA Stadium,10 May 2016
1,2,Dwayne Smith,4,8,4,6.00,KKR,Green Park,19 May 2016
2,3,Chris Jordan,3,11,4,4.50,GL,M. Chinnaswamy Stadium,14 May 2016
3,4,Amit Mishra,3,11,4,4.50,KXIP,Feroz Shah Kotla Ground,15 April 2016
4,5,Dhawal Kulkarni,4,14,4,6.00,RCB,M. Chinnaswamy Stadium,24 May 2016
5,6,Marcus Stoinis,4,15,4,6.00,MI,ACA-VDCA Stadium,13 May 2016
6,7,Andre Russell,4,20,4,6.00,KXIP,Eden Gardens,04 May 2016
7,8,Axar Patel,4,21,4,6.00,GL,Saurashtra Cricket Association Stadium,01 May 2016
8,9,Mitchell McClenaghan,4,21,4,6.00,GL,Wankhede Stadium,16 April 2016
9,10,Dwayne Bravo,4,22,4,6.00,KXIP,IS Bindra Stadium,11 April 2016
10,11,Yuzvendra Chahal,3,25,4,4.50,KXIP,M. Chinnaswamy Stadium,18 May 2016
11,12,Shane Watson,4,29,4,6.00,GL,M. Chinnaswamy Stadium,24 May 2016
12,13,Bhuvneshwar Kumar,4,29,4,6.00,GL,Saurashtra Cricket Association Stadium,21 April 2016
13,14,Ravichandran Ashwin,4,34,4,6.00,KXIP,ACA-VDCA Stadium,21 May 2016
14,15,Jasprit Bumrah,4,13,3,8.00,DC,ACA-VDCA Stadium,15 May 2016
15,16,Kane Richardson,3,13,3,6.00,RPS,Maharashtra Cricket Association's International Stadium,22 April 2016
16,17,Ashish Nehra,3,15,3,6.00,MI,ACA-VDCA Stadium,08 May 2016
17,18,Mustafizur Rahman,3,16,3,6.00,MI,ACA-VDCA Stadium,08 May 2016
18,19,Yuzvendra Chahal,4,19,3,8.00,GL,M. Chinnaswamy Stadium,14 May 2016
19,20,Brad Hogg,4,19,3,8.00,DC,Eden Gardens,10 April 2016
20,21,Dhawal Kulkarni,4,19,3,8.00,DC,Feroz Shah Kotla Ground,27 April 2016
21,22,Bhuvneshwar Kumar,4,19,3,8.00,KKR,Feroz Shah Kotla Ground,25 May 2016
22,23,Shivil Kaushik,4,20,3,8.00,KXIP,Saurashtra Cricket Association Stadium,01 May 2016
23,24,Ashok Dinda,4,20,3,8.00,DC,ACA-VDCA Stadium,17 May 2016
24,25,Adam Zampa,4,21,3,8.00,DC,ACA-VDCA Stadium,17 May 2016
25,26,Zaheer Khan,3.3,21,3,7.00,KKR,Feroz Shah Kotla Ground,30 April 2016
26,27,Mohit Sharma,4,23,3,8.00,RPS,IS Bindra Stadium,17 April 2016
27,28,Ashok Dinda,4,23,3,8.00,SRH,Rajiv Gandhi Intl. Cricket Stadium,26 April 2016
28,29,Imran Tahir,4,24,3,8.00,GL,Feroz Shah Kotla Ground,27 April 2016
29,30,Shane Watson,4,24,3,8.00,RPS,M. Chinnaswamy Stadium,07 May 2016
30,31,Tim Southee,4,24,3,8.00,SRH,Rajiv Gandhi Intl. Cricket Stadium,18 April 2016
31,32,Andre Russell,3,24,3,6.00,DC,Eden Gardens,10 April 2016
32,33,Jasprit Bumrah,4,26,3,8.00,KXIP,IS Bindra Stadium,25 April 2016
33,34,Sunil Narine,4,26,3,8.00,SRH,Eden Gardens,22 May 2016
34,35,Andre Russell,4,26,3,8.00,DC,Feroz Shah Kotla Ground,30 April 2016
35,36,Barinder Sran,4,28,3,8.00,MI,Rajiv Gandhi Intl. Cricket Stadium,18 April 2016
36,37,Umesh Yadav,4,28,3,8.00,SRH,Rajiv Gandhi Intl. Cricket Stadium,16 April 2016
37,38,Jasprit Bumrah,4,29,3,8.00,RPS,Maharashtra Cricket Association's International Stadium,01 May 2016
38,39,Ashish Nehra,4,29,3,8.00,RPS,ACA-VDCA Stadium,10 May 2016
39,40,Jasprit Bumrah,4,31,3,8.00,RCB,Wankhede Stadium,20 April 2016
40,41,Mohit Sharma,4,32,3,8.00,GL,Saurashtra Cricket Association Stadium,01 May 2016
41,42,Yuzvendra Chahal,4,32,3,8.00,DC,Shaheed Veer Narayan Singh International Cricket Stadium,22 May 2016
42,43,Umesh Yadav,3,33,3,6.00,DC,Feroz Shah Kotla Ground,30 April 2016
43,44,Thisara Perera,4,34,3,8.00,RCB,Maharashtra Cricket Association's International Stadium,22 April 2016
44,45,Kuldeep Yadav,4,35,3,8.00,SRH,Feroz Shah Kotla Ground,25 May 2016
45,46,Murugan Ashwin,4,36,3,8.00,KXIP,IS Bindra Stadium,17 April 2016
46,47,Mohit Sharma,4,38,3,8.00,MI,IS Bindra Stadium,25 April 2016
47,48,Iqbal Abdulla,4,40,3,8.00,MI,Wankhede Stadium,20 April 2016
48,49,Marcus Stoinis,4,40,3,8.00,DC,IS Bindra Stadium,07 May 2016
49,50,Chris Jordan,4,45,3,8.00,SRH,M. Chinnaswamy Stadium,29 May 2016
50,51,Carlos Brathwaite,4,47,3,8.00,KKR,Feroz Shah Kotla Ground,30 April 2016
51,52,Sachin Baby,0.4,4,2,2.00,GL,M. Chinnaswamy Stadium,14 May 2016
52,53,John Hastings,2.4,6,2,8.00,DC,Eden Gardens,10 April 2016
53,54,Shane Watson,2,7,2,6.00,KXIP,M. Chinnaswamy Stadium,18 May 2016
54,55,Mustafizur Rahman,4,9,2,12.00,KXIP,Rajiv Gandhi Intl. Cricket Stadium,23 April 2016
55,56,Sandeep Sharma,4,11,2,12.00,MI,ACA-VDCA Stadium,13 May 2016
56,57,Chris Gayle,2,11,2,6.00,DC,Shaheed Veer Narayan Singh International Cricket Stadium,22 May 2016
57,58,Pravin Tambe,2,12,2,6.00,MI,Wankhede Stadium,16 April 2016
58,59,Mitchell Marsh,4,14,2,12.00,SRH,Rajiv Gandhi Intl. Cricket Stadium,26 April 2016
59,60,Dwayne Bravo,3,14,2,9.00,SRH,Rajiv Gandhi Intl. Cricket Stadium,06 May 2016
60,61,Krunal Pandya,2.1,15,2,6.50,DC,ACA-VDCA Stadium,15 May 2016
61,62,Gurkeerat Mann Singh,2,15,2,6.00,RPS,ACA-VDCA Stadium,21 May 2016
62,63,KC Cariappa,3,16,2,9.00,RCB,IS Bindra Stadium,09 May 2016
63,64,Deepak Hooda,2,16,2,6.00,KKR,Eden Gardens,22 May 2016
64,65,Dhawal Kulkarni,4,17,2,12.00,SRH,Rajiv Gandhi Intl. Cricket Stadium,06 May 2016
65,66,Mustafizur Rahman,4,17,2,12.00,GL,Rajiv Gandhi Intl. Cricket Stadium,06 May 2016
66,67,Vinay Kumar,3,17,2,9.00,GL,Green Park,21 May 2016
67,68,Moises Henriques,3,17,2,9.00,KKR,Feroz Shah Kotla Ground,25 May 2016
68,69,Ravindra Jadeja,4,18,2,12.00,RPS,Saurashtra Cricket Association Stadium,14 April 2016
69,70,Pradeep Sahu,4,18,2,12.00,KKR,IS Bindra Stadium,19 April 2016
70,71,Barinder Sran,3.3,18,2,10.50,MI,ACA-VDCA Stadium,08 May 2016
71,72,Sreenath Arvind,2,18,2,6.00,KXIP,M. Chinnaswamy Stadium,18 May 2016
72,73,Dhawal Kulkarni,4,19,2,12.00,MI,Wankhede Stadium,16 April 2016
73,74,Rajat Bhatia,4,19,2,12.00,KKR,Maharashtra Cricket Association's International Stadium,24 April 2016
74,75,Praveen Kumar,4,19,2,12.00,KKR,Eden Gardens,08 May 2016
75,76,Moises Henriques,3,19,2,9.00,DC,Rajiv Gandhi Intl. Cricket Stadium,12 May 2016
76,77,Axar Patel,3,19,2,9.00,KKR,IS Bindra Stadium,19 April 2016
77,78,Amit Mishra,3,19,2,9.00,SRH,Rajiv Gandhi Intl. Cricket Stadium,12 May 2016
78,79,Ben Cutting,3,20,2,9.00,GL,Feroz Shah Kotla Ground,27 May 2016
79,80,Mitchell Marsh,4,21,2,12.00,MI,Wankhede Stadium,09 April 2016
80,81,Piyush Chawla,4,21,2,12.00,RPS,Eden Gardens,14 May 2016
81,82,Ravindra Jadeja,4,21,2,12.00,RCB,M. Chinnaswamy Stadium,24 May 2016
82,83,Piyush Chawla,4,21,2,12.00,DC,Eden Gardens,10 April 2016
83,84,Sunil Narine,4,22,2,12.00,KXIP,IS Bindra Stadium,19 April 2016
84,85,Rajat Bhatia,4,22,2,12.00,DC,Feroz Shah Kotla Ground,05 May 2016
85,86,Shivil Kaushik,4,22,2,12.00,SRH,Feroz Shah Kotla Ground,27 May 2016
86,87,Sunil Narine,4,22,2,12.00,MI,Wankhede Stadium,28 April 2016
87,88,Shane Watson,4,22,2,12.00,KXIP,IS Bindra Stadium,09 May 2016
88,89,Dwayne Bravo,4,22,2,12.00,MI,Green Park,21 May 2016
89,90,Sandeep Sharma,4,23,2,12.00,RPS,IS Bindra Stadium,17 April 2016
90,91,Shahbaz Nadeem,3,23,2,9.00,GL,Saurashtra Cricket Association Stadium,03 May 2016
91,92,Praveen Kumar,4,24,2,12.00,MI,Green Park,21 May 2016
92,93,Amit Mishra,4,24,2,12.00,MI,Feroz Shah Kotla Ground,23 April 2016
93,94,Mitchell McClenaghan,3,24,2,9.00,KXIP,ACA-VDCA Stadium,13 May 2016
94,95,Nathan Coulter-Nile,4,25,2,12.00,SRH,Rajiv Gandhi Intl. Cricket Stadium,12 May 2016
95,96,Mitchell McClenaghan,4,25,2,12.00,KKR,Eden Gardens,13 April 2016
96,97,Shane Watson,4,25,2,12.00,DC,M. Chinnaswamy Stadium,17 April 2016
97,98,Praveen Kumar,2.5,25,2,8.50,KXIP,Saurashtra Cricket Association Stadium,01 May 2016
98,99,Mustafizur Rahman,4,26,2,12.00,RCB,M. Chinnaswamy Stadium,12 April 2016
99,100,Imran Tahir,4,26,2,12.00,RPS,Feroz Shah Kotla Ground,05 May 2016
