,POS,PLAYER,"
                                Ov
                            ","
                                Econ
                            ","
                                Dots
                            ","
                                Runs
                            ","
                                Wkts
                            ","
                                SR
                            ","
                                Against
                            ","
                                Venue
                            ","
                                Match Date
                            "
0,1,Chris Gayle,2,1.50,10,3,0,-,GL,M. Chinnaswamy Stadium,14 May 2016
1,2,Dwayne Smith,4,2.00,18,8,4,6.00,KKR,Green Park,19 May 2016
2,3,John Hastings,2.4,2.25,13,6,2,8.00,DC,Eden Gardens,10 April 2016
3,4,Mustafizur Rahman,4,2.25,17,9,2,12.00,KXIP,Rajiv Gandhi Intl. Cricket Stadium,23 April 2016
4,5,Rajat Bhatia,4,2.50,17,10,1,24.00,MI,Wankhede Stadium,09 April 2016
5,6,Sunil Narine,3.4,2.72,13,10,0,-,RPS,Eden Gardens,14 May 2016
6,7,Sandeep Sharma,4,2.75,16,11,2,12.00,MI,ACA-VDCA Stadium,13 May 2016
7,8,Sandeep Sharma,2,3.00,9,6,1,12.00,DC,Feroz Shah Kotla Ground,15 April 2016
8,9,Jasprit Bumrah,4,3.25,12,13,3,8.00,DC,ACA-VDCA Stadium,15 May 2016
9,10,Praveen Kumar,4,3.25,12,13,0,-,DC,Feroz Shah Kotla Ground,27 April 2016
10,11,Dhawal Kulkarni,4,3.50,13,14,4,6.00,RCB,M. Chinnaswamy Stadium,24 May 2016
11,12,Shane Watson,2,3.50,7,7,2,6.00,KXIP,M. Chinnaswamy Stadium,18 May 2016
12,13,Mitchell Marsh,4,3.50,15,14,2,12.00,SRH,Rajiv Gandhi Intl. Cricket Stadium,26 April 2016
13,14,Ravichandran Ashwin,4,3.50,11,14,1,24.00,SRH,Rajiv Gandhi Intl. Cricket Stadium,26 April 2016
14,15,Zaheer Khan,4,3.50,17,14,1,24.00,KXIP,Feroz Shah Kotla Ground,15 April 2016
15,16,Chris Jordan,3,3.66,9,11,4,4.50,GL,M. Chinnaswamy Stadium,14 May 2016
16,17,Amit Mishra,3,3.66,13,11,4,4.50,KXIP,Feroz Shah Kotla Ground,15 April 2016
17,18,Marcus Stoinis,4,3.75,11,15,4,6.00,MI,ACA-VDCA Stadium,13 May 2016
18,19,Krunal Pandya,4,3.75,11,15,1,24.00,RCB,M. Chinnaswamy Stadium,11 May 2016
19,20,Murugan Ashwin,4,4.00,13,16,1,24.00,MI,Wankhede Stadium,09 April 2016
20,21,Ravichandran Ashwin,4,4.00,14,16,1,24.00,SRH,ACA-VDCA Stadium,10 May 2016
21,22,Yuzvendra Chahal,4,4.00,9,16,1,24.00,MI,M. Chinnaswamy Stadium,11 May 2016
22,23,Mustafizur Rahman,4,4.25,14,17,2,12.00,GL,Rajiv Gandhi Intl. Cricket Stadium,06 May 2016
23,24,Dhawal Kulkarni,4,4.25,16,17,2,12.00,SRH,Rajiv Gandhi Intl. Cricket Stadium,06 May 2016
24,25,Bhuvneshwar Kumar,4,4.25,14,17,1,24.00,MI,Rajiv Gandhi Intl. Cricket Stadium,18 April 2016
25,26,Kane Richardson,3,4.33,11,13,3,6.00,RPS,Maharashtra Cricket Association's International Stadium,22 April 2016
26,27,Shadab Jakati,3,4.33,12,13,1,18.00,MI,Wankhede Stadium,16 April 2016
27,28,Sreenath Arvind,3,4.33,9,13,0,-,GL,M. Chinnaswamy Stadium,24 May 2016
28,29,Pradeep Sahu,4,4.50,10,18,2,12.00,KKR,IS Bindra Stadium,19 April 2016
29,30,Ravindra Jadeja,4,4.50,13,18,2,12.00,RPS,Saurashtra Cricket Association Stadium,14 April 2016
30,31,Moises Henriques,4,4.50,9,18,1,24.00,MI,ACA-VDCA Stadium,08 May 2016
31,32,Carlos Brathwaite,2,4.50,6,9,0,-,KKR,Eden Gardens,10 April 2016
32,33,Dwayne Bravo,3,4.66,6,14,2,9.00,SRH,Rajiv Gandhi Intl. Cricket Stadium,06 May 2016
33,34,Ben Cutting,3,4.66,7,14,1,18.00,KKR,Feroz Shah Kotla Ground,25 May 2016
34,35,Shakib Al Hasan,3,4.66,7,14,1,18.00,RPS,Maharashtra Cricket Association's International Stadium,24 April 2016
35,36,Adam Zampa,4,4.75,11,19,6,4.00,SRH,ACA-VDCA Stadium,10 May 2016
36,37,Dhawal Kulkarni,4,4.75,14,19,3,8.00,DC,Feroz Shah Kotla Ground,27 April 2016
37,38,Yuzvendra Chahal,4,4.75,13,19,3,8.00,GL,M. Chinnaswamy Stadium,14 May 2016
38,39,Brad Hogg,4,4.75,16,19,3,8.00,DC,Eden Gardens,10 April 2016
39,40,Bhuvneshwar Kumar,4,4.75,10,19,3,8.00,KKR,Feroz Shah Kotla Ground,25 May 2016
40,41,Rajat Bhatia,4,4.75,8,19,2,12.00,KKR,Maharashtra Cricket Association's International Stadium,24 April 2016
41,42,Praveen Kumar,4,4.75,14,19,2,12.00,KKR,Eden Gardens,08 May 2016
42,43,Dhawal Kulkarni,4,4.75,16,19,2,12.00,MI,Wankhede Stadium,16 April 2016
43,44,Chris Morris,4,4.75,12,19,1,24.00,KXIP,Feroz Shah Kotla Ground,15 April 2016
44,45,Chris Morris,4,4.75,10,19,1,24.00,SRH,Rajiv Gandhi Intl. Cricket Stadium,12 May 2016
45,46,Andre Russell,4,4.75,10,19,1,24.00,SRH,Rajiv Gandhi Intl. Cricket Stadium,16 April 2016
46,47,Mustafizur Rahman,4,4.75,10,19,1,24.00,GL,Saurashtra Cricket Association Stadium,21 April 2016
47,48,Andre Russell,4,5.00,13,20,4,6.00,KXIP,Eden Gardens,04 May 2016
48,49,Ashok Dinda,4,5.00,14,20,3,8.00,DC,ACA-VDCA Stadium,17 May 2016
49,50,Shivil Kaushik,4,5.00,10,20,3,8.00,KXIP,Saurashtra Cricket Association Stadium,01 May 2016
50,51,Ashish Nehra,3,5.00,12,15,3,6.00,MI,ACA-VDCA Stadium,08 May 2016
51,52,Krunal Pandya,4,5.00,8,20,1,24.00,GL,Wankhede Stadium,16 April 2016
52,53,Bipul Sharma,2,5.00,5,10,1,12.00,GL,Saurashtra Cricket Association Stadium,21 April 2016
53,54,Sandeep Sharma,4,5.00,13,20,1,24.00,MI,IS Bindra Stadium,25 April 2016
54,55,Bhuvneshwar Kumar,4,5.00,12,20,1,24.00,RPS,ACA-VDCA Stadium,10 May 2016
55,56,Sreenath Arvind,3,5.00,8,15,1,18.00,GL,M. Chinnaswamy Stadium,14 May 2016
56,57,Chris Jordan,2,5.00,7,10,1,12.00,DC,Shaheed Veer Narayan Singh International Cricket Stadium,22 May 2016
57,58,KC Cariappa,3,5.00,7,15,0,-,GL,Saurashtra Cricket Association Stadium,01 May 2016
58,59,Anureet Singh,3,5.00,6,15,0,-,RCB,IS Bindra Stadium,09 May 2016
59,60,Amit Mishra,2,5.00,5,10,0,-,RPS,ACA-VDCA Stadium,17 May 2016
60,61,Mohit Sharma,2,5.00,6,10,0,-,DC,Feroz Shah Kotla Ground,15 April 2016
61,62,Barinder Sran,3.3,5.14,13,18,2,10.50,MI,ACA-VDCA Stadium,08 May 2016
62,63,Axar Patel,4,5.25,12,21,4,6.00,GL,Saurashtra Cricket Association Stadium,01 May 2016
63,64,Mitchell McClenaghan,4,5.25,11,21,4,6.00,GL,Wankhede Stadium,16 April 2016
64,65,Adam Zampa,4,5.25,7,21,3,8.00,DC,ACA-VDCA Stadium,17 May 2016
65,66,Piyush Chawla,4,5.25,16,21,2,12.00,DC,Eden Gardens,10 April 2016
66,67,Ravindra Jadeja,4,5.25,9,21,2,12.00,RCB,M. Chinnaswamy Stadium,24 May 2016
67,68,Mitchell Marsh,4,5.25,13,21,2,12.00,MI,Wankhede Stadium,09 April 2016
68,69,Piyush Chawla,4,5.25,13,21,2,12.00,RPS,Eden Gardens,14 May 2016
69,70,Tabraiz Shamsi,4,5.25,9,21,1,24.00,GL,Saurashtra Cricket Association Stadium,24 April 2016
70,71,Mohit Sharma,4,5.25,12,21,0,-,DC,IS Bindra Stadium,07 May 2016
71,72,Chris Morris,4,5.25,13,21,0,-,KKR,Eden Gardens,10 April 2016
72,73,Mustafizur Rahman,3,5.33,8,16,3,6.00,MI,ACA-VDCA Stadium,08 May 2016
73,74,KC Cariappa,3,5.33,5,16,2,9.00,RCB,IS Bindra Stadium,09 May 2016
74,75,Ashok Dinda,3,5.33,9,16,1,18.00,KXIP,ACA-VDCA Stadium,21 May 2016
75,76,Dwayne Bravo,4,5.50,9,22,4,6.00,KXIP,IS Bindra Stadium,11 April 2016
76,77,Chris Gayle,2,5.50,3,11,2,6.00,DC,Shaheed Veer Narayan Singh International Cricket Stadium,22 May 2016
77,78,Shane Watson,4,5.50,10,22,2,12.00,KXIP,IS Bindra Stadium,09 May 2016
78,79,Shivil Kaushik,4,5.50,11,22,2,12.00,SRH,Feroz Shah Kotla Ground,27 May 2016
79,80,Sunil Narine,4,5.50,11,22,2,12.00,MI,Wankhede Stadium,28 April 2016
80,81,Rajat Bhatia,4,5.50,6,22,2,12.00,DC,Feroz Shah Kotla Ground,05 May 2016
81,82,Dwayne Bravo,4,5.50,8,22,2,12.00,MI,Green Park,21 May 2016
82,83,Sunil Narine,4,5.50,9,22,2,12.00,KXIP,IS Bindra Stadium,19 April 2016
83,84,Iqbal Abdulla,4,5.50,8,22,1,24.00,KKR,Eden Gardens,16 May 2016
84,85,Shadab Jakati,4,5.50,5,22,1,24.00,KKR,Green Park,19 May 2016
85,86,Andre Russell,2,5.50,6,11,1,12.00,RPS,Eden Gardens,14 May 2016
86,87,Tim Southee,4,5.50,13,22,1,24.00,KXIP,ACA-VDCA Stadium,13 May 2016
87,88,Amit Mishra,2,5.50,6,11,1,12.00,KKR,Eden Gardens,10 April 2016
88,89,Vinay Kumar,3,5.66,9,17,2,9.00,GL,Green Park,21 May 2016
89,90,Moises Henriques,3,5.66,5,17,2,9.00,KKR,Feroz Shah Kotla Ground,25 May 2016
90,91,Bhuvneshwar Kumar,3,5.66,10,17,1,18.00,RPS,Rajiv Gandhi Intl. Cricket Stadium,26 April 2016
91,92,Umesh Yadav,3,5.66,5,17,1,18.00,KXIP,IS Bindra Stadium,19 April 2016
92,93,Moises Henriques,3,5.66,3,17,0,-,GL,Saurashtra Cricket Association Stadium,21 April 2016
93,94,Yusuf Pathan,3,5.66,6,17,0,-,SRH,Feroz Shah Kotla Ground,25 May 2016
94,95,Ravindra Jadeja,3,5.66,4,17,0,-,RCB,Saurashtra Cricket Association Stadium,24 April 2016
95,96,Irfan Pathan,3,5.66,9,17,0,-,DC,ACA-VDCA Stadium,17 May 2016
96,97,Carlos Brathwaite,3.1,5.68,6,18,1,19.00,RCB,Shaheed Veer Narayan Singh International Cricket Stadium,22 May 2016
97,98,Ashok Dinda,4,5.75,15,23,3,8.00,SRH,Rajiv Gandhi Intl. Cricket Stadium,26 April 2016
98,99,Mohit Sharma,4,5.75,7,23,3,8.00,RPS,IS Bindra Stadium,17 April 2016
99,100,Sandeep Sharma,4,5.75,11,23,2,12.00,RPS,IS Bindra Stadium,17 April 2016
