,POS,PLAYER,"
                                Distance (m)
                            "
0,1,Ben Cutting,117.00
1,2,AB de Villiers,111.00
2,3,David Miller,110.00
3,4,Shane Watson,109.00
4,5,Glenn Maxwell,108.00
5,6,Shane Watson,108.00
6,7,Ambati Rayudu,108.00
7,8,Yuvraj Singh,107.00
8,9,Brendon McCullum,106.00
9,10,Manan Vohra,105.00
10,11,Sanju Samson,105.00
11,12,Andre Russell,105.00
12,13,Rohit Sharma,104.00
13,14,Shane Watson,104.00
14,15,MS Dhoni,103.00
15,16,AB de Villiers,103.00
16,17,Thisara Perera,103.00
17,18,Aaron Finch,103.00
18,19,Yusuf Pathan,102.00
19,20,Chris Morris,102.00
20,21,Glenn Maxwell,102.00
21,22,Rohit Sharma,102.00
22,23,AB de Villiers,101.00
23,24,AB de Villiers,101.00
24,25,Yuvraj Singh,101.00
25,26,Chris Morris,101.00
26,27,Jos Buttler,101.00
27,28,Glenn Maxwell,100.00
28,29,Yuvraj Singh,100.00
29,30,AB de Villiers,99.00
30,31,Chris Gayle,99.00
31,32,Carlos Brathwaite,99.00
32,33,Andre Russell,98.00
33,34,Jos Buttler,98.00
34,35,Brendon McCullum,98.00
35,36,MS Dhoni,98.00
36,37,David Miller,98.00
37,38,Saurabh Tiwary,98.00
38,39,Virat Kohli,98.00
39,40,Axar Patel,97.00
40,41,Suryakumar Yadav,97.00
41,42,Tim Southee,97.00
42,43,Jos Buttler,97.00
43,44,Stuart Binny,97.00
44,45,Chris Gayle,97.00
45,46,Shikhar Dhawan,97.00
46,47,Albie Morkel,96.00
47,48,Moises Henriques,96.00
48,49,Andre Russell,96.00
49,50,Andre Russell,96.00
50,51,Murali Vijay,96.00
51,52,MS Dhoni,95.00
52,53,Jos Buttler,95.00
53,54,Murali Vijay,95.00
54,55,David Warner,95.00
55,56,Aaron Finch,95.00
56,57,Jason Holder,95.00
57,58,Krunal Pandya,95.00
58,59,Jos Buttler,95.00
59,60,David Miller,95.00
60,61,Ben Cutting,94.00
61,62,Moises Henriques,94.00
62,63,Steve Smith,94.00
63,64,Chris Morris,94.00
64,65,Chris Gayle,94.00
65,66,Ben Cutting,94.00
66,67,AB de Villiers,94.00
67,68,Sanju Samson,94.00
68,69,AB de Villiers,94.00
69,70,Quinton de Kock,93.00
70,71,Jos Buttler,93.00
71,72,Chris Gayle,93.00
72,73,Chris Lynn,93.00
73,74,Virat Kohli,93.00
74,75,Thisara Perera,93.00
75,76,AB de Villiers,93.00
76,77,Axar Patel,92.00
77,78,KL Rahul,92.00
78,79,David Warner,92.00
79,80,Manish Pandey,92.00
80,81,Krunal Pandya,92.00
81,82,Stuart Binny,91.00
82,83,Gurkeerat Mann Singh,91.00
83,84,Umesh Yadav,91.00
84,85,AB de Villiers,91.00
85,86,Ravichandran Ashwin,91.00
86,87,Virat Kohli,91.00
87,88,AB de Villiers,91.00
88,89,Virat Kohli,91.00
89,90,Shaun Marsh,91.00
90,91,Aaron Finch,91.00
91,92,Murali Vijay,90.00
92,93,Kieron Pollard,90.00
93,94,Hashim Amla,90.00
94,95,David Warner,90.00
95,96,Yuvraj Singh,90.00
96,97,Deepak Hooda,90.00
97,98,Saurabh Tiwary,90.00
98,99,Rohit Sharma,90.00
99,100,Andre Russell,89.00
