,POS,PLAYER,"
                                Against
                            ","
                                Venue
                            ","
                                Match Date
                            ","
                                BF
                            ","
                                6s
                            ","
                                4s
                            ","
                                Runs
                            "
0,1,Chris Morris,GL,Feroz Shah Kotla Ground,27 April 2016,17,8,4,82
1,2,Kieron Pollard,KKR,Wankhede Stadium,28 April 2016,17,6,2,51
2,3,David Warner,RCB,M. Chinnaswamy Stadium,12 April 2016,21,5,4,58
3,4,Quinton de Kock,RCB,M. Chinnaswamy Stadium,17 April 2016,22,3,15,108
4,5,Krunal Pandya,DC,ACA-VDCA Stadium,15 May 2016,22,6,7,86
5,6,David Warner,KXIP,Rajiv Gandhi Intl. Cricket Stadium,23 April 2016,23,3,7,59
6,7,David Warner,RCB,M. Chinnaswamy Stadium,29 May 2016,24,3,8,69
7,8,Robin Uthappa,KXIP,IS Bindra Stadium,19 April 2016,24,0,9,53
8,9,AB de Villiers,GL,M. Chinnaswamy Stadium,14 May 2016,25,12,10,129
9,10,AB de Villiers,RPS,Maharashtra Cricket Association's International Stadium,22 April 2016,25,4,6,83
10,11,Chris Gayle,SRH,M. Chinnaswamy Stadium,29 May 2016,25,8,4,76
11,12,Rishabh Pant,GL,Saurashtra Cricket Association Stadium,03 May 2016,25,2,9,69
12,13,AB de Villiers,DC,M. Chinnaswamy Stadium,17 April 2016,25,1,9,55
13,14,AB de Villiers,SRH,M. Chinnaswamy Stadium,12 April 2016,26,6,7,82
14,15,Chris Gayle,KXIP,M. Chinnaswamy Stadium,18 May 2016,26,8,4,73
15,16,Dwayne Smith,DC,Feroz Shah Kotla Ground,27 April 2016,26,3,5,53
16,17,Manish Pandey,MI,Eden Gardens,13 April 2016,26,3,3,52
17,18,KL Rahul,SRH,Rajiv Gandhi Intl. Cricket Stadium,30 April 2016,26,1,6,51
18,19,Brendon McCullum,DC,Feroz Shah Kotla Ground,27 April 2016,27,3,6,60
19,20,Yusuf Pathan,RCB,M. Chinnaswamy Stadium,02 May 2016,27,3,6,60
20,21,Quinton de Kock,KXIP,IS Bindra Stadium,07 May 2016,27,2,6,52
21,22,Dinesh Karthik,KKR,Eden Gardens,08 May 2016,27,1,8,51
22,23,Virat Kohli,KXIP,M. Chinnaswamy Stadium,18 May 2016,28,8,12,113
23,24,Nitish Rana,GL,Green Park,21 May 2016,28,4,7,70
24,25,Dwayne Smith,RPS,Maharashtra Cricket Association's International Stadium,29 April 2016,28,1,9,63
25,26,Shikhar Dhawan,KKR,Eden Gardens,22 May 2016,28,3,4,51
26,27,Steve Smith,GL,Maharashtra Cricket Association's International Stadium,29 April 2016,29,5,8,101
27,28,David Warner,GL,Saurashtra Cricket Association Stadium,21 April 2016,29,0,9,74
28,29,Glenn Maxwell,KKR,Eden Gardens,04 May 2016,29,4,6,68
29,30,AB de Villiers,KKR,Eden Gardens,16 May 2016,29,3,5,59
30,31,Wriddhiman Saha,DC,IS Bindra Stadium,07 May 2016,29,0,7,52
31,32,KL Rahul,KKR,M. Chinnaswamy Stadium,02 May 2016,29,2,6,52
32,33,Gurkeerat Mann Singh,RPS,ACA-VDCA Stadium,21 May 2016,29,3,3,51
33,34,Hashim Amla,SRH,IS Bindra Stadium,15 May 2016,30,2,14,96
34,35,AB de Villiers,KXIP,IS Bindra Stadium,09 May 2016,30,2,5,64
35,36,MS Dhoni,KXIP,ACA-VDCA Stadium,21 May 2016,30,5,4,64
36,37,Suresh Raina,MI,Green Park,21 May 2016,30,2,8,58
37,38,Yusuf Pathan,SRH,Eden Gardens,22 May 2016,30,2,3,52
38,39,Virat Kohli,RPS,M. Chinnaswamy Stadium,07 May 2016,31,7,8,108
39,40,Dwayne Smith,RCB,M. Chinnaswamy Stadium,24 May 2016,31,6,5,73
40,41,Ambati Rayudu,KXIP,IS Bindra Stadium,25 April 2016,31,4,4,65
41,42,Yusuf Pathan,GL,Eden Gardens,08 May 2016,31,1,7,63
42,43,Manan Vohra,RPS,IS Bindra Stadium,17 April 2016,31,0,7,51
43,44,Aaron Finch,SRH,Feroz Shah Kotla Ground,27 May 2016,31,2,7,50
44,45,David Warner,RCB,Rajiv Gandhi Intl. Cricket Stadium,30 April 2016,32,5,9,92
45,46,Aaron Finch,KXIP,IS Bindra Stadium,11 April 2016,32,0,12,74
46,47,Ajinkya Rahane,MI,Wankhede Stadium,09 April 2016,32,3,7,66
47,48,Virat Kohli,SRH,M. Chinnaswamy Stadium,29 May 2016,32,2,5,54
48,49,Gautam Gambhir,RCB,Eden Gardens,16 May 2016,32,0,7,51
49,50,AB de Villiers,GL,M. Chinnaswamy Stadium,24 May 2016,33,5,5,79
50,51,Faf du Plessis,GL,Saurashtra Cricket Association Stadium,14 April 2016,33,4,5,69
51,52,Glenn Maxwell,MI,IS Bindra Stadium,25 April 2016,33,1,5,56
52,53,Sam Billings,KKR,Feroz Shah Kotla Ground,30 April 2016,33,2,3,54
53,54,Suresh Raina,KKR,Green Park,19 May 2016,33,1,7,53
54,55,Aaron Finch,RPS,Saurashtra Cricket Association Stadium,14 April 2016,33,2,7,50
55,56,Suresh Raina,SRH,Saurashtra Cricket Association Stadium,21 April 2016,34,0,9,75
56,57,Ajinkya Rahane,RCB,M. Chinnaswamy Stadium,07 May 2016,34,2,8,74
57,58,KL Rahul,GL,Saurashtra Cricket Association Stadium,24 April 2016,34,3,4,51
58,59,Manish Pandey,RCB,Eden Gardens,16 May 2016,34,2,5,50
59,60,David Warner,GL,Feroz Shah Kotla Ground,27 May 2016,35,3,11,93
60,61,Murali Vijay,RCB,IS Bindra Stadium,09 May 2016,36,1,12,89
61,62,Virat Kohli,DC,M. Chinnaswamy Stadium,17 April 2016,36,3,7,79
62,63,Rohit Sharma,KKR,Wankhede Stadium,28 April 2016,36,2,8,68
63,64,Murali Vijay,RPS,ACA-VDCA Stadium,21 May 2016,36,3,4,59
64,65,Murali Vijay,GL,Saurashtra Cricket Association Stadium,01 May 2016,36,0,6,55
65,66,Karun Nair,RCB,M. Chinnaswamy Stadium,17 April 2016,36,1,6,54
66,67,Virat Kohli,KKR,Eden Gardens,16 May 2016,37,3,5,75
67,68,Ajinkya Rahane,RCB,Maharashtra Cricket Association's International Stadium,22 April 2016,37,0,8,60
68,69,Saurabh Tiwary,RCB,M. Chinnaswamy Stadium,07 May 2016,37,0,9,52
69,70,Kane Williamson,RCB,Rajiv Gandhi Intl. Cricket Stadium,30 April 2016,37,0,7,50
70,71,Rohit Sharma,RPS,Maharashtra Cricket Association's International Stadium,01 May 2016,38,3,8,85
71,72,Rohit Sharma,KKR,Eden Gardens,13 April 2016,38,2,10,84
72,73,Robin Uthappa,KXIP,Eden Gardens,04 May 2016,38,2,6,70
73,74,Ajinkya Rahane,DC,Feroz Shah Kotla Ground,05 May 2016,38,0,7,63
74,75,Rohit Sharma,RCB,Wankhede Stadium,20 April 2016,38,3,4,62
75,76,Quinton de Kock,KXIP,Feroz Shah Kotla Ground,15 April 2016,38,1,9,59
76,77,Wriddhiman Saha,MI,ACA-VDCA Stadium,13 May 2016,38,1,6,56
77,78,David Warner,KXIP,IS Bindra Stadium,15 May 2016,38,1,5,52
78,79,Virat Kohli,GL,M. Chinnaswamy Stadium,14 May 2016,39,8,5,109
79,80,Karun Nair,KKR,Feroz Shah Kotla Ground,30 April 2016,39,1,9,68
80,81,Gautam Gambhir,MI,Eden Gardens,13 April 2016,39,1,4,64
81,82,Suryakumar Yadav,RPS,Maharashtra Cricket Association's International Stadium,24 April 2016,39,2,6,60
82,83,Gautam Gambhir,MI,Wankhede Stadium,28 April 2016,39,1,6,59
83,84,Saurabh Tiwary,MI,Maharashtra Cricket Association's International Stadium,01 May 2016,39,2,4,57
84,85,Dinesh Karthik,RCB,Saurashtra Cricket Association Stadium,24 April 2016,39,0,3,50
85,86,Virat Kohli,GL,Saurashtra Cricket Association Stadium,24 April 2016,40,1,11,100
86,87,Virat Kohli,SRH,M. Chinnaswamy Stadium,12 April 2016,40,3,7,75
87,88,David Warner,DC,Shaheed Veer Narayan Singh International Cricket Stadium,20 May 2016,40,1,8,73
88,89,Sanju Samson,MI,Feroz Shah Kotla Ground,23 April 2016,40,2,4,60
89,90,Shaun Marsh,KKR,IS Bindra Stadium,19 April 2016,40,1,5,56
90,91,Virat Kohli,DC,Shaheed Veer Narayan Singh International Cricket Stadium,22 May 2016,40,0,6,54
91,92,Shikhar Dhawan,GL,Saurashtra Cricket Association Stadium,21 April 2016,40,0,5,53
92,93,Gautam Gambhir,SRH,Rajiv Gandhi Intl. Cricket Stadium,16 April 2016,41,1,13,90
93,94,Parthiv Patel,KXIP,IS Bindra Stadium,25 April 2016,41,2,10,81
94,95,Shakib Al Hasan,GL,Eden Gardens,08 May 2016,41,4,4,66
95,96,Rohit Sharma,DC,Feroz Shah Kotla Ground,23 April 2016,41,1,7,65
96,97,Eoin Morgan,KKR,Rajiv Gandhi Intl. Cricket Stadium,16 April 2016,41,2,3,51
97,98,David Warner,MI,Rajiv Gandhi Intl. Cricket Stadium,18 April 2016,42,4,7,90
98,99,Karun Nair,SRH,Shaheed Veer Narayan Singh International Cricket Stadium,20 May 2016,42,3,8,83
99,100,KL Rahul,MI,M. Chinnaswamy Stadium,11 May 2016,42,4,3,68
