,POS,PLAYER,"
                                Speed (km/h)
                            "
0,1,Jason Holder,150.31
1,2,Chris Morris,150.02
2,3,Chris Morris,149.99
3,4,Varun Aaron,149.32
4,5,Chris Morris,149.25
5,6,Nathan Coulter-Nile,149.00
6,7,Chris Morris,148.95
7,8,Chris Morris,148.95
8,9,Adam Milne,148.83
9,10,Chris Morris,148.76
10,11,Chris Morris,148.69
11,12,Chris Morris,148.66
12,13,Chris Morris,148.66
13,14,Chris Morris,148.51
14,15,Chris Morris,148.51
15,16,Mohammed Shami,148.49
16,17,Chris Morris,148.48
17,18,Chris Morris,148.40
18,19,Adam Milne,148.40
19,20,Adam Milne,148.37
20,21,Chris Morris,148.27
21,22,Mitchell McClenaghan,148.26
22,23,Chris Morris,148.25
23,24,Chris Morris,148.15
24,25,Varun Aaron,148.15
25,26,Chris Morris,148.14
26,27,Chris Morris,148.13
27,28,Varun Aaron,148.08
28,29,Varun Aaron,148.06
29,30,Mitchell McClenaghan,148.05
30,31,Morne Morkel,148.04
31,32,Varun Aaron,148.02
32,33,Morne Morkel,147.99
33,34,Chris Morris,147.96
34,35,Chris Morris,147.95
35,36,Chris Morris,147.88
36,37,Chris Morris,147.88
37,38,Chris Morris,147.76
38,39,Andre Russell,147.71
39,40,Chris Morris,147.68
40,41,Chris Jordan,147.67
41,42,Chris Morris,147.67
42,43,Chris Morris,147.65
43,44,Varun Aaron,147.40
44,45,Ishant Sharma,147.29
45,46,Umesh Yadav,147.19
46,47,Andre Russell,147.11
47,48,Chris Morris,147.06
48,49,Chris Morris,147.03
49,50,Adam Milne,146.99
50,51,Chris Morris,146.97
51,52,Chris Morris,146.97
52,53,Umesh Yadav,146.96
53,54,Ankit Rajpoot,146.92
54,55,Andre Russell,146.86
55,56,Mohammed Shami,146.85
56,57,Ishant Sharma,146.84
57,58,Chris Morris,146.84
58,59,Varun Aaron,146.77
59,60,Umesh Yadav,146.74
60,61,Nathan Coulter-Nile,146.72
61,62,Andre Russell,146.72
62,63,Chris Morris,146.72
63,64,Umesh Yadav,146.68
64,65,Varun Aaron,146.65
65,66,Mohammed Shami,146.55
66,67,Varun Aaron,146.50
67,68,Nathan Coulter-Nile,146.50
68,69,Ishant Sharma,146.44
69,70,Chris Morris,146.44
70,71,Dale Steyn,146.43
71,72,Chris Morris,146.40
72,73,Chris Morris,146.37
73,74,Chris Morris,146.35
74,75,Mitchell Johnson,146.34
75,76,Chris Morris,146.31
76,77,Chris Morris,146.31
77,78,Chris Morris,146.30
78,79,Chris Morris,146.30
79,80,Chris Morris,146.29
80,81,Varun Aaron,146.28
81,82,Mohammed Shami,146.27
82,83,Chris Morris,146.25
83,84,Varun Aaron,146.23
84,85,Mohammed Shami,146.23
85,86,Chris Morris,146.23
86,87,Chris Morris,146.21
87,88,Chris Morris,146.20
88,89,Varun Aaron,146.17
89,90,Morne Morkel,146.13
90,91,Morne Morkel,146.12
91,92,Andre Russell,146.12
92,93,Chris Jordan,146.12
93,94,Umesh Yadav,146.09
94,95,Adam Milne,146.03
95,96,Chris Jordan,146.02
96,97,Chris Morris,145.97
97,98,Varun Aaron,145.95
98,99,Chris Morris,145.90
99,100,Andre Russell,145.89
