,POS,PLAYER,"
                                HS
                            ","
                                BF
                            ","
                                4s
                            ","
                                6s
                            ","
                                SR
                            ","
                                Against
                            ","
                                Venue
                            ","
                                Match Date
                            "
0,1,AB de Villiers,129*,52,10,12,248.07,GL,M. Chinnaswamy Stadium,14 May 2016
1,2,Virat Kohli,113,50,12,8,226.00,KXIP,M. Chinnaswamy Stadium,18 May 2016
2,3,Virat Kohli,109,55,5,8,198.18,GL,M. Chinnaswamy Stadium,14 May 2016
3,4,Virat Kohli,108*,58,8,7,186.20,RPS,M. Chinnaswamy Stadium,07 May 2016
4,5,Quinton de Kock,108,51,15,3,211.76,RCB,M. Chinnaswamy Stadium,17 April 2016
5,6,Steve Smith,101,54,8,5,187.03,GL,Maharashtra Cricket Association's International Stadium,29 April 2016
6,7,Virat Kohli,100*,63,11,1,158.73,GL,Saurashtra Cricket Association Stadium,24 April 2016
7,8,Hashim Amla,96,56,14,2,171.42,SRH,IS Bindra Stadium,15 May 2016
8,9,David Warner,93*,58,11,3,160.34,GL,Feroz Shah Kotla Ground,27 May 2016
9,10,David Warner,92,50,9,5,184.00,RCB,Rajiv Gandhi Intl. Cricket Stadium,30 April 2016
10,11,David Warner,90*,59,7,4,152.54,MI,Rajiv Gandhi Intl. Cricket Stadium,18 April 2016
11,12,Gautam Gambhir,90*,60,13,1,150.00,SRH,Rajiv Gandhi Intl. Cricket Stadium,16 April 2016
12,13,Murali Vijay,89,57,12,1,156.14,RCB,IS Bindra Stadium,09 May 2016
13,14,Krunal Pandya,86,37,7,6,232.43,DC,ACA-VDCA Stadium,15 May 2016
14,15,Rohit Sharma,85*,60,8,3,141.66,RPS,Maharashtra Cricket Association's International Stadium,01 May 2016
15,16,Rohit Sharma,84*,54,10,2,155.55,KKR,Eden Gardens,13 April 2016
16,17,Karun Nair,83*,59,8,3,140.67,SRH,Shaheed Veer Narayan Singh International Cricket Stadium,20 May 2016
17,18,AB de Villiers,83,46,6,4,180.43,RPS,Maharashtra Cricket Association's International Stadium,22 April 2016
18,19,Chris Morris,82*,32,4,8,256.25,GL,Feroz Shah Kotla Ground,27 April 2016
19,20,Shikhar Dhawan,82*,57,10,1,143.85,MI,ACA-VDCA Stadium,08 May 2016
20,21,AB de Villiers,82,42,7,6,195.23,SRH,M. Chinnaswamy Stadium,12 April 2016
21,22,Parthiv Patel,81,58,10,2,139.65,KXIP,IS Bindra Stadium,25 April 2016
22,23,Virat Kohli,80,63,7,2,126.98,RPS,Maharashtra Cricket Association's International Stadium,22 April 2016
23,24,AB de Villiers,79*,47,5,5,168.08,GL,M. Chinnaswamy Stadium,24 May 2016
24,25,Virat Kohli,79,48,7,3,164.58,DC,M. Chinnaswamy Stadium,17 April 2016
25,26,Chris Gayle,76,38,4,8,200.00,SRH,M. Chinnaswamy Stadium,29 May 2016
26,27,Virat Kohli,75*,51,5,3,147.05,KKR,Eden Gardens,16 May 2016
27,28,Virat Kohli,75,51,7,3,147.05,SRH,M. Chinnaswamy Stadium,12 April 2016
28,29,Suresh Raina,75,51,9,0,147.05,SRH,Saurashtra Cricket Association Stadium,21 April 2016
29,30,David Warner,74*,48,9,0,154.16,GL,Saurashtra Cricket Association Stadium,21 April 2016
30,31,Aaron Finch,74,47,12,0,157.44,KXIP,IS Bindra Stadium,11 April 2016
31,32,Ajinkya Rahane,74,48,8,2,154.16,RCB,M. Chinnaswamy Stadium,07 May 2016
32,33,Chris Gayle,73,32,4,8,228.12,KXIP,M. Chinnaswamy Stadium,18 May 2016
33,34,Dwayne Smith,73,41,5,6,178.04,RCB,M. Chinnaswamy Stadium,24 May 2016
34,35,David Warner,73,56,8,1,130.35,DC,Shaheed Veer Narayan Singh International Cricket Stadium,20 May 2016
35,36,Robin Uthappa,72,52,6,2,138.46,DC,Feroz Shah Kotla Ground,30 April 2016
36,37,Nitish Rana,70,36,7,4,194.44,GL,Green Park,21 May 2016
37,38,Robin Uthappa,70,49,6,2,142.85,KXIP,Eden Gardens,04 May 2016
38,39,David Warner,69,38,8,3,181.57,RCB,M. Chinnaswamy Stadium,29 May 2016
39,40,Rishabh Pant,69,40,9,2,172.50,GL,Saurashtra Cricket Association Stadium,03 May 2016
40,41,Faf du Plessis,69,43,5,4,160.46,GL,Saurashtra Cricket Association Stadium,14 April 2016
41,42,Rohit Sharma,68*,49,8,2,138.77,KKR,Wankhede Stadium,28 April 2016
42,43,KL Rahul,68*,53,3,4,128.30,MI,M. Chinnaswamy Stadium,11 May 2016
43,44,Glenn Maxwell,68,42,6,4,161.90,KKR,Eden Gardens,04 May 2016
44,45,Karun Nair,68,50,9,1,136.00,KKR,Feroz Shah Kotla Ground,30 April 2016
45,46,Aaron Finch,67*,54,7,1,124.07,MI,Wankhede Stadium,16 April 2016
46,47,Ajinkya Rahane,67,52,4,3,128.84,KKR,Maharashtra Cricket Association's International Stadium,24 April 2016
47,48,Faf du Plessis,67,53,8,0,126.41,KXIP,IS Bindra Stadium,17 April 2016
48,49,Ajinkya Rahane,66*,42,7,3,157.14,MI,Wankhede Stadium,09 April 2016
49,50,Shakib Al Hasan,66*,49,4,4,134.69,GL,Eden Gardens,08 May 2016
50,51,Ambati Rayudu,65,37,4,4,175.67,KXIP,IS Bindra Stadium,25 April 2016
51,52,Rohit Sharma,65,48,7,1,135.41,DC,Feroz Shah Kotla Ground,23 April 2016
52,53,MS Dhoni,64*,32,4,5,200.00,KXIP,ACA-VDCA Stadium,21 May 2016
53,54,AB de Villiers,64,35,5,2,182.85,KXIP,IS Bindra Stadium,09 May 2016
54,55,Gautam Gambhir,64,52,4,1,123.07,MI,Eden Gardens,13 April 2016
55,56,Yusuf Pathan,63*,41,7,1,153.65,GL,Eden Gardens,08 May 2016
56,57,Ajinkya Rahane,63*,48,7,0,131.25,DC,Feroz Shah Kotla Ground,05 May 2016
57,58,Dwayne Smith,63,37,9,1,170.27,RPS,Maharashtra Cricket Association's International Stadium,29 April 2016
58,59,Rohit Sharma,62,44,4,3,140.90,RCB,Wankhede Stadium,20 April 2016
59,60,Yusuf Pathan,60*,29,6,3,206.89,RCB,M. Chinnaswamy Stadium,02 May 2016
60,61,Brendon McCullum,60,36,6,3,166.66,DC,Feroz Shah Kotla Ground,27 April 2016
61,62,Ajinkya Rahane,60,46,8,0,130.43,RCB,Maharashtra Cricket Association's International Stadium,22 April 2016
62,63,Sanju Samson,60,48,4,2,125.00,MI,Feroz Shah Kotla Ground,23 April 2016
63,64,Suryakumar Yadav,60,49,6,2,122.44,RPS,Maharashtra Cricket Association's International Stadium,24 April 2016
64,65,Quinton de Kock,60,52,5,1,115.38,RCB,Shaheed Veer Narayan Singh International Cricket Stadium,22 May 2016
65,66,AB de Villiers,59*,31,5,3,190.32,KKR,Eden Gardens,16 May 2016
66,67,Quinton de Kock,59*,42,9,1,140.47,KXIP,Feroz Shah Kotla Ground,15 April 2016
67,68,David Warner,59,31,7,3,190.32,KXIP,Rajiv Gandhi Intl. Cricket Stadium,23 April 2016
68,69,Murali Vijay,59,41,4,3,143.90,RPS,ACA-VDCA Stadium,21 May 2016
69,70,Gautam Gambhir,59,45,6,1,131.11,MI,Wankhede Stadium,28 April 2016
70,71,David Warner,58,25,4,5,232.00,RCB,M. Chinnaswamy Stadium,12 April 2016
71,72,Suresh Raina,58,36,8,2,161.11,MI,Green Park,21 May 2016
72,73,Saurabh Tiwary,57,45,4,2,126.66,MI,Maharashtra Cricket Association's International Stadium,01 May 2016
73,74,Shaun Marsh,56*,41,5,1,136.58,KKR,IS Bindra Stadium,19 April 2016
74,75,Shikhar Dhawan,56*,53,2,1,105.66,RPS,Rajiv Gandhi Intl. Cricket Stadium,26 April 2016
75,76,Glenn Maxwell,56,39,5,1,143.58,MI,IS Bindra Stadium,25 April 2016
76,77,Wriddhiman Saha,56,40,6,1,140.00,MI,ACA-VDCA Stadium,13 May 2016
77,78,AB de Villiers,55,33,9,1,166.66,DC,M. Chinnaswamy Stadium,17 April 2016
78,79,Murali Vijay,55,41,6,0,134.14,GL,Saurashtra Cricket Association Stadium,01 May 2016
79,80,Karun Nair,54*,42,6,1,128.57,RCB,M. Chinnaswamy Stadium,17 April 2016
80,81,Virat Kohli,54*,45,6,0,120.00,DC,Shaheed Veer Narayan Singh International Cricket Stadium,22 May 2016
81,82,Murali Vijay,54*,52,5,1,103.84,MI,ACA-VDCA Stadium,13 May 2016
82,83,Sam Billings,54,34,3,2,158.82,KKR,Feroz Shah Kotla Ground,30 April 2016
83,84,Virat Kohli,54,35,5,2,154.28,SRH,M. Chinnaswamy Stadium,29 May 2016
84,85,Gautam Gambhir,54,45,6,1,120.00,KXIP,Eden Gardens,04 May 2016
85,86,Ambati Rayudu,54,49,3,2,110.20,SRH,Rajiv Gandhi Intl. Cricket Stadium,18 April 2016
86,87,Suresh Raina,53*,36,7,1,147.22,KKR,Green Park,19 May 2016
87,88,Shikhar Dhawan,53*,41,5,0,129.26,GL,Saurashtra Cricket Association Stadium,21 April 2016
88,89,Robin Uthappa,53,28,9,0,189.28,KXIP,IS Bindra Stadium,19 April 2016
89,90,Dwayne Smith,53,30,5,3,176.66,DC,Feroz Shah Kotla Ground,27 April 2016
90,91,Dinesh Karthik,53,43,5,0,123.25,DC,Saurashtra Cricket Association Stadium,03 May 2016
91,92,Ajinkya Rahane,53,45,5,0,117.77,GL,Maharashtra Cricket Association's International Stadium,29 April 2016
92,93,Murali Vijay,53,49,5,2,108.16,RPS,IS Bindra Stadium,17 April 2016
93,94,Yusuf Pathan,52*,34,3,2,152.94,SRH,Eden Gardens,22 May 2016
94,95,Manish Pandey,52,29,3,3,179.31,MI,Eden Gardens,13 April 2016
95,96,Quinton de Kock,52,30,6,2,173.33,KXIP,IS Bindra Stadium,07 May 2016
96,97,KL Rahul,52,32,6,2,162.50,KKR,M. Chinnaswamy Stadium,02 May 2016
97,98,Wriddhiman Saha,52,33,7,0,157.57,DC,IS Bindra Stadium,07 May 2016
98,99,Saurabh Tiwary,52,39,9,0,133.33,RCB,M. Chinnaswamy Stadium,07 May 2016
99,100,David Warner,52,41,5,1,126.82,KXIP,IS Bindra Stadium,15 May 2016
