,POS,PLAYER,"
                                Runs
                            ","
                                BF
                            ","
                                4s
                            ","
                                6s
                            ","
                                SR
                            ","
                                Against
                            ","
                                Venue
                            ","
                                Match Date
                            "
0,1,Virat Kohli,30,6,1,4,500.00,GL,M. Chinnaswamy Stadium,14 May 2016
1,2,Yusuf Pathan,24,6,4,1,400.00,RCB,M. Chinnaswamy Stadium,02 May 2016
2,3,Ben Cutting,23,5,1,3,460.00,RCB,M. Chinnaswamy Stadium,29 May 2016
3,4,AB de Villiers,23,6,1,3,383.33,GL,M. Chinnaswamy Stadium,14 May 2016
4,5,Brendon McCullum,22,6,3,1,366.66,RPS,Maharashtra Cricket Association's International Stadium,29 April 2016
5,6,Sarfaraz Khan,22,5,4,1,440.00,SRH,M. Chinnaswamy Stadium,12 April 2016
6,7,MS Dhoni,22,6,1,3,366.66,KXIP,ACA-VDCA Stadium,21 May 2016
7,8,Chris Morris,21,5,2,2,420.00,RPS,ACA-VDCA Stadium,17 May 2016
8,9,Kieron Pollard,20,4,0,3,500.00,KKR,Wankhede Stadium,28 April 2016
9,10,Yusuf Pathan,20,5,2,2,400.00,RPS,Eden Gardens,14 May 2016
10,11,Brendon McCullum,20,4,2,2,500.00,RCB,Saurashtra Cricket Association Stadium,24 April 2016
11,12,Kieron Pollard,20,5,0,3,400.00,KKR,Wankhede Stadium,28 April 2016
12,13,MS Dhoni,20,6,2,1,333.33,GL,Saurashtra Cricket Association Stadium,14 April 2016
13,14,Shane Watson,20,6,5,0,333.33,RPS,M. Chinnaswamy Stadium,07 May 2016
14,15,Chris Morris,19,4,0,3,475.00,GL,Feroz Shah Kotla Ground,27 April 2016
15,16,Krunal Pandya,19,4,0,3,475.00,SRH,Rajiv Gandhi Intl. Cricket Stadium,18 April 2016
16,17,KL Rahul,19,5,3,1,380.00,KXIP,IS Bindra Stadium,09 May 2016
17,18,David Warner,18,6,3,0,300.00,GL,Saurashtra Cricket Association Stadium,21 April 2016
18,19,Suryakumar Yadav,18,6,2,1,300.00,DC,Feroz Shah Kotla Ground,30 April 2016
19,20,Virat Kohli,18,6,0,3,300.00,KXIP,M. Chinnaswamy Stadium,18 May 2016
20,21,Chris Gayle,18,6,0,3,300.00,KXIP,M. Chinnaswamy Stadium,18 May 2016
21,22,Thisara Perera,18,4,3,1,450.00,RCB,Maharashtra Cricket Association's International Stadium,22 April 2016
22,23,David Warner,18,5,1,2,360.00,RCB,M. Chinnaswamy Stadium,12 April 2016
23,24,David Warner,18,6,1,2,300.00,KXIP,Rajiv Gandhi Intl. Cricket Stadium,23 April 2016
24,25,Virat Kohli,18,6,2,1,300.00,KXIP,M. Chinnaswamy Stadium,18 May 2016
25,26,Shane Watson,18,6,0,3,300.00,SRH,M. Chinnaswamy Stadium,12 April 2016
26,27,Quinton de Kock,18,4,3,1,450.00,MI,ACA-VDCA Stadium,15 May 2016
27,28,Suresh Raina,18,6,3,1,300.00,MI,Green Park,21 May 2016
28,29,Dwayne Smith,18,6,4,0,300.00,DC,Feroz Shah Kotla Ground,27 April 2016
29,30,Saurabh Tiwary,18,5,1,2,360.00,MI,Maharashtra Cricket Association's International Stadium,01 May 2016
30,31,Andre Russell,17,5,1,2,340.00,RCB,M. Chinnaswamy Stadium,02 May 2016
31,32,Virat Kohli,17,5,1,2,340.00,RPS,M. Chinnaswamy Stadium,07 May 2016
32,33,Chris Gayle,17,4,1,2,425.00,KXIP,M. Chinnaswamy Stadium,18 May 2016
33,34,Brendon McCullum,17,6,1,2,283.33,KKR,Eden Gardens,08 May 2016
34,35,David Warner,17,4,1,2,425.00,RCB,Rajiv Gandhi Intl. Cricket Stadium,30 April 2016
35,36,Jos Buttler,17,4,1,2,425.00,KKR,Eden Gardens,13 April 2016
36,37,Virat Kohli,17,6,1,2,283.33,KXIP,M. Chinnaswamy Stadium,18 May 2016
37,38,Rohit Sharma,17,5,4,0,340.00,KKR,Eden Gardens,13 April 2016
38,39,MS Dhoni,17,6,2,1,283.33,KKR,Maharashtra Cricket Association's International Stadium,24 April 2016
39,40,Brendon McCullum,17,5,2,1,340.00,MI,Green Park,21 May 2016
40,41,Krunal Pandya,16,4,1,2,400.00,DC,ACA-VDCA Stadium,15 May 2016
41,42,Rohit Sharma,16,6,2,1,266.66,RPS,Maharashtra Cricket Association's International Stadium,01 May 2016
42,43,Sachin Baby,16,4,1,2,400.00,MI,M. Chinnaswamy Stadium,11 May 2016
43,44,AB de Villiers,16,3,1,2,533.33,GL,M. Chinnaswamy Stadium,14 May 2016
44,45,Chris Gayle,16,4,1,2,400.00,SRH,M. Chinnaswamy Stadium,29 May 2016
45,46,Chris Gayle,16,6,1,2,266.66,SRH,M. Chinnaswamy Stadium,29 May 2016
46,47,Aaron Finch,16,5,4,0,320.00,RPS,Saurashtra Cricket Association Stadium,14 April 2016
47,48,Stuart Binny,16,4,1,2,400.00,KKR,M. Chinnaswamy Stadium,02 May 2016
48,49,KL Rahul,16,4,1,2,400.00,MI,Wankhede Stadium,20 April 2016
49,50,Thisara Perera,16,6,2,1,266.66,KXIP,ACA-VDCA Stadium,21 May 2016
50,51,Quinton de Kock,15,4,2,1,375.00,KXIP,Feroz Shah Kotla Ground,15 April 2016
51,52,Virat Kohli,15,5,2,1,300.00,GL,Saurashtra Cricket Association Stadium,24 April 2016
52,53,Rishabh Pant,15,5,2,1,300.00,GL,Saurashtra Cricket Association Stadium,03 May 2016
53,54,Harbhajan Singh,15,4,2,1,375.00,RPS,Wankhede Stadium,09 April 2016
54,55,Dwayne Smith,15,5,2,1,300.00,RCB,M. Chinnaswamy Stadium,24 May 2016
55,56,AB de Villiers,15,4,0,2,375.00,SRH,Rajiv Gandhi Intl. Cricket Stadium,30 April 2016
56,57,AB de Villiers,15,4,2,1,375.00,GL,M. Chinnaswamy Stadium,14 May 2016
57,58,Steve Smith,15,6,3,0,250.00,KXIP,IS Bindra Stadium,17 April 2016
58,59,David Warner,15,6,0,2,250.00,GL,Rajiv Gandhi Intl. Cricket Stadium,06 May 2016
59,60,Aaron Finch,15,5,2,1,300.00,KKR,Eden Gardens,08 May 2016
60,61,Virat Kohli,15,4,0,2,375.00,RPS,M. Chinnaswamy Stadium,07 May 2016
61,62,Shane Watson,15,5,2,1,300.00,DC,M. Chinnaswamy Stadium,17 April 2016
62,63,Rohit Sharma,15,5,3,0,300.00,DC,Feroz Shah Kotla Ground,23 April 2016
63,64,AB de Villiers,15,5,1,1,300.00,KXIP,IS Bindra Stadium,09 May 2016
64,65,David Warner,15,5,2,1,300.00,DC,Rajiv Gandhi Intl. Cricket Stadium,12 May 2016
65,66,Glenn Maxwell,15,4,2,1,375.00,KKR,Eden Gardens,04 May 2016
66,67,KL Rahul,15,6,2,1,250.00,MI,M. Chinnaswamy Stadium,11 May 2016
67,68,Sachin Baby,15,6,2,1,250.00,KKR,M. Chinnaswamy Stadium,02 May 2016
68,69,Kieron Pollard,15,5,2,1,300.00,RCB,M. Chinnaswamy Stadium,11 May 2016
69,70,Wriddhiman Saha,15,5,3,0,300.00,DC,IS Bindra Stadium,07 May 2016
70,71,AB de Villiers,15,4,0,2,375.00,RPS,Maharashtra Cricket Association's International Stadium,22 April 2016
71,72,Quinton de Kock,15,5,1,1,300.00,KXIP,IS Bindra Stadium,07 May 2016
72,73,Andre Russell,15,6,0,2,250.00,MI,Eden Gardens,13 April 2016
73,74,Aaron Finch,14,4,2,1,350.00,SRH,Feroz Shah Kotla Ground,27 May 2016
74,75,Yusuf Pathan,14,4,0,2,350.00,SRH,Eden Gardens,22 May 2016
75,76,Virat Kohli,14,3,2,1,466.66,DC,M. Chinnaswamy Stadium,17 April 2016
76,77,Sam Billings,14,4,0,2,350.00,RPS,Feroz Shah Kotla Ground,05 May 2016
77,78,Aaron Finch,14,5,1,1,280.00,KKR,Eden Gardens,08 May 2016
78,79,Chris Morris,14,4,0,2,350.00,GL,Feroz Shah Kotla Ground,27 April 2016
79,80,Kieron Pollard,14,6,2,1,233.33,RCB,Wankhede Stadium,20 April 2016
80,81,AB de Villiers,14,4,0,2,350.00,SRH,M. Chinnaswamy Stadium,12 April 2016
81,82,Marcus Stoinis,14,5,1,1,280.00,GL,Saurashtra Cricket Association Stadium,01 May 2016
82,83,AB de Villiers,14,6,2,1,233.33,SRH,M. Chinnaswamy Stadium,12 April 2016
83,84,Dwayne Smith,14,5,1,1,280.00,RCB,Saurashtra Cricket Association Stadium,24 April 2016
84,85,Parthiv Patel,14,6,3,0,233.33,RPS,Maharashtra Cricket Association's International Stadium,01 May 2016
85,86,Virat Kohli,14,4,0,2,350.00,GL,M. Chinnaswamy Stadium,14 May 2016
86,87,Jos Buttler,14,4,0,2,350.00,RCB,M. Chinnaswamy Stadium,11 May 2016
87,88,Gurkeerat Mann Singh,14,4,0,2,350.00,RPS,ACA-VDCA Stadium,21 May 2016
88,89,Virat Kohli,14,5,3,0,280.00,KXIP,M. Chinnaswamy Stadium,18 May 2016
89,90,MS Dhoni,14,5,1,1,280.00,DC,Feroz Shah Kotla Ground,05 May 2016
90,91,Rishabh Pant,14,6,3,0,233.33,GL,Saurashtra Cricket Association Stadium,03 May 2016
91,92,Marcus Stoinis,14,5,1,1,280.00,RCB,IS Bindra Stadium,09 May 2016
92,93,Virat Kohli,14,5,1,1,280.00,SRH,M. Chinnaswamy Stadium,12 April 2016
93,94,Manan Vohra,14,5,3,0,280.00,RPS,IS Bindra Stadium,17 April 2016
94,95,Stuart Binny,14,5,2,1,280.00,GL,M. Chinnaswamy Stadium,24 May 2016
95,96,Manan Vohra,14,6,3,0,233.33,GL,IS Bindra Stadium,11 April 2016
96,97,Dwayne Smith,14,6,2,0,233.33,RPS,Maharashtra Cricket Association's International Stadium,29 April 2016
97,98,David Warner,14,7,2,1,200.00,RCB,Rajiv Gandhi Intl. Cricket Stadium,30 April 2016
98,99,Dwayne Bravo,13,4,3,0,325.00,RPS,Saurashtra Cricket Association Stadium,14 April 2016
99,100,Wriddhiman Saha,13,4,1,1,325.00,MI,ACA-VDCA Stadium,13 May 2016
