,POS,PLAYER,"
                                Ov
                            ","
                                Maid
                            ","
                                Dots
                            ","
                                Runs
                            ","
                                Wkts
                            ","
                                SR
                            ","
                                Against
                            ","
                                Venue
                            ","
                                Match Date
                            "
0,1,Dwayne Smith,4,0,18,8,4,6.00,KKR,Green Park,19 May 2016
1,2,Mustafizur Rahman,4,1,17,9,2,12.00,KXIP,Rajiv Gandhi Intl. Cricket Stadium,23 April 2016
2,3,Rajat Bhatia,4,1,17,10,1,24.00,MI,Wankhede Stadium,09 April 2016
3,4,Zaheer Khan,4,1,17,14,1,24.00,KXIP,Feroz Shah Kotla Ground,15 April 2016
4,5,Sandeep Sharma,4,0,16,11,2,12.00,MI,ACA-VDCA Stadium,13 May 2016
5,6,Dhawal Kulkarni,4,1,16,17,2,12.00,SRH,Rajiv Gandhi Intl. Cricket Stadium,06 May 2016
6,7,Brad Hogg,4,1,16,19,3,8.00,DC,Eden Gardens,10 April 2016
7,8,Dhawal Kulkarni,4,1,16,19,2,12.00,MI,Wankhede Stadium,16 April 2016
8,9,Piyush Chawla,4,0,16,21,2,12.00,DC,Eden Gardens,10 April 2016
9,10,Mitchell Marsh,4,0,15,14,2,12.00,SRH,Rajiv Gandhi Intl. Cricket Stadium,26 April 2016
10,11,Ashok Dinda,4,1,15,23,3,8.00,SRH,Rajiv Gandhi Intl. Cricket Stadium,26 April 2016
11,12,Praveen Kumar,4,0,15,24,2,12.00,MI,Green Park,21 May 2016
12,13,Mohit Sharma,4,0,15,26,2,12.00,MI,ACA-VDCA Stadium,13 May 2016
13,14,Ravichandran Ashwin,4,0,14,16,1,24.00,SRH,ACA-VDCA Stadium,10 May 2016
14,15,Mustafizur Rahman,4,0,14,17,2,12.00,GL,Rajiv Gandhi Intl. Cricket Stadium,06 May 2016
15,16,Bhuvneshwar Kumar,4,0,14,17,1,24.00,MI,Rajiv Gandhi Intl. Cricket Stadium,18 April 2016
16,17,Dhawal Kulkarni,4,1,14,19,3,8.00,DC,Feroz Shah Kotla Ground,27 April 2016
17,18,Praveen Kumar,4,1,14,19,2,12.00,KKR,Eden Gardens,08 May 2016
18,19,Ashok Dinda,4,1,14,20,3,8.00,DC,ACA-VDCA Stadium,17 May 2016
19,20,Mitchell McClenaghan,4,0,14,26,0,-,DC,ACA-VDCA Stadium,15 May 2016
20,21,Ishant Sharma,4,0,14,36,2,12.00,MI,Wankhede Stadium,09 April 2016
21,22,John Hastings,2.4,1,13,6,2,8.00,DC,Eden Gardens,10 April 2016
22,23,Sunil Narine,3.4,0,13,10,0,-,RPS,Eden Gardens,14 May 2016
23,24,Dhawal Kulkarni,4,1,13,14,4,6.00,RCB,M. Chinnaswamy Stadium,24 May 2016
24,25,Amit Mishra,3,0,13,11,4,4.50,KXIP,Feroz Shah Kotla Ground,15 April 2016
25,26,Murugan Ashwin,4,0,13,16,1,24.00,MI,Wankhede Stadium,09 April 2016
26,27,Ravindra Jadeja,4,0,13,18,2,12.00,RPS,Saurashtra Cricket Association Stadium,14 April 2016
27,28,Yuzvendra Chahal,4,0,13,19,3,8.00,GL,M. Chinnaswamy Stadium,14 May 2016
28,29,Andre Russell,4,0,13,20,4,6.00,KXIP,Eden Gardens,04 May 2016
29,30,Sandeep Sharma,4,0,13,20,1,24.00,MI,IS Bindra Stadium,25 April 2016
30,31,Barinder Sran,3.3,0,13,18,2,10.50,MI,ACA-VDCA Stadium,08 May 2016
31,32,Piyush Chawla,4,0,13,21,2,12.00,RPS,Eden Gardens,14 May 2016
32,33,Mitchell Marsh,4,0,13,21,2,12.00,MI,Wankhede Stadium,09 April 2016
33,34,Chris Morris,4,0,13,21,0,-,KKR,Eden Gardens,10 April 2016
34,35,Tim Southee,4,0,13,22,1,24.00,KXIP,ACA-VDCA Stadium,13 May 2016
35,36,Ashish Nehra,4,1,13,23,0,-,GL,Rajiv Gandhi Intl. Cricket Stadium,06 May 2016
36,37,Ravichandran Ashwin,4,0,13,26,0,-,GL,Saurashtra Cricket Association Stadium,14 April 2016
37,38,Shane Watson,4,0,13,29,4,6.00,GL,M. Chinnaswamy Stadium,24 May 2016
38,39,Harbhajan Singh,4,0,13,29,2,12.00,SRH,ACA-VDCA Stadium,08 May 2016
39,40,Nathan Coulter-Nile,4,0,13,32,0,-,KKR,Eden Gardens,10 April 2016
40,41,Jasprit Bumrah,4,0,12,13,3,8.00,DC,ACA-VDCA Stadium,15 May 2016
41,42,Praveen Kumar,4,0,12,13,0,-,DC,Feroz Shah Kotla Ground,27 April 2016
42,43,Shadab Jakati,3,0,12,13,1,18.00,MI,Wankhede Stadium,16 April 2016
43,44,Chris Morris,4,0,12,19,1,24.00,KXIP,Feroz Shah Kotla Ground,15 April 2016
44,45,Ashish Nehra,3,0,12,15,3,6.00,MI,ACA-VDCA Stadium,08 May 2016
45,46,Bhuvneshwar Kumar,4,1,12,20,1,24.00,RPS,ACA-VDCA Stadium,10 May 2016
46,47,Axar Patel,4,0,12,21,4,6.00,GL,Saurashtra Cricket Association Stadium,01 May 2016
47,48,Mohit Sharma,4,0,12,21,0,-,DC,IS Bindra Stadium,07 May 2016
48,49,Jayant Yadav,4,0,12,23,1,24.00,KXIP,Feroz Shah Kotla Ground,15 April 2016
49,50,Shane Watson,4,0,12,24,3,8.00,RPS,M. Chinnaswamy Stadium,07 May 2016
50,51,Ashok Dinda,4,0,12,26,0,-,SRH,ACA-VDCA Stadium,10 May 2016
51,52,Mitchell McClenaghan,4,0,12,27,1,24.00,RPS,Maharashtra Cricket Association's International Stadium,01 May 2016
52,53,Tim Southee,4,0,12,27,1,24.00,RCB,M. Chinnaswamy Stadium,11 May 2016
53,54,Zaheer Khan,4,0,12,27,1,24.00,GL,Saurashtra Cricket Association Stadium,03 May 2016
54,55,Barinder Sran,4,0,12,28,3,8.00,MI,Rajiv Gandhi Intl. Cricket Stadium,18 April 2016
55,56,Ashish Nehra,4,0,12,29,3,8.00,RPS,ACA-VDCA Stadium,10 May 2016
56,57,Zaheer Khan,4,0,12,30,1,24.00,RCB,Shaheed Veer Narayan Singh International Cricket Stadium,22 May 2016
57,58,Sandeep Sharma,4,0,12,30,1,24.00,SRH,Rajiv Gandhi Intl. Cricket Stadium,23 April 2016
58,59,Mitchell McClenaghan,4,0,12,31,2,12.00,DC,Feroz Shah Kotla Ground,23 April 2016
59,60,Dhawal Kulkarni,4,0,12,34,1,24.00,KKR,Green Park,19 May 2016
60,61,Ashok Dinda,4,0,12,34,1,24.00,DC,Feroz Shah Kotla Ground,05 May 2016
61,62,Yuzvendra Chahal,4,0,12,43,2,12.00,SRH,M. Chinnaswamy Stadium,12 April 2016
62,63,Ravichandran Ashwin,4,0,11,14,1,24.00,SRH,Rajiv Gandhi Intl. Cricket Stadium,26 April 2016
63,64,Marcus Stoinis,4,0,11,15,4,6.00,MI,ACA-VDCA Stadium,13 May 2016
64,65,Krunal Pandya,4,0,11,15,1,24.00,RCB,M. Chinnaswamy Stadium,11 May 2016
65,66,Kane Richardson,3,0,11,13,3,6.00,RPS,Maharashtra Cricket Association's International Stadium,22 April 2016
66,67,Adam Zampa,4,0,11,19,6,4.00,SRH,ACA-VDCA Stadium,10 May 2016
67,68,Mitchell McClenaghan,4,0,11,21,4,6.00,GL,Wankhede Stadium,16 April 2016
68,69,Shivil Kaushik,4,0,11,22,2,12.00,SRH,Feroz Shah Kotla Ground,27 May 2016
69,70,Sunil Narine,4,0,11,22,2,12.00,MI,Wankhede Stadium,28 April 2016
70,71,Sandeep Sharma,4,0,11,23,2,12.00,RPS,IS Bindra Stadium,17 April 2016
71,72,Mustafizur Rahman,4,0,11,24,1,24.00,DC,Shaheed Veer Narayan Singh International Cricket Stadium,20 May 2016
72,73,Andre Russell,4,0,11,24,1,24.00,RCB,M. Chinnaswamy Stadium,02 May 2016
73,74,Tim Southee,4,0,11,25,0,-,RCB,Wankhede Stadium,20 April 2016
74,75,Andre Russell,4,0,11,26,3,8.00,DC,Feroz Shah Kotla Ground,30 April 2016
75,76,Sunil Narine,4,0,11,26,3,8.00,SRH,Eden Gardens,22 May 2016
76,77,Mustafizur Rahman,4,0,11,26,2,12.00,RCB,M. Chinnaswamy Stadium,12 April 2016
77,78,Piyush Chawla,4,0,11,27,2,12.00,KXIP,Eden Gardens,04 May 2016
78,79,Morne Morkel,4,0,11,27,2,12.00,KXIP,IS Bindra Stadium,19 April 2016
79,80,Morne Morkel,4,0,11,27,1,24.00,KXIP,Eden Gardens,04 May 2016
80,81,Bhuvneshwar Kumar,4,1,11,28,2,12.00,GL,Rajiv Gandhi Intl. Cricket Stadium,06 May 2016
81,82,Tim Southee,4,0,11,28,2,12.00,KXIP,IS Bindra Stadium,25 April 2016
82,83,Kuldeep Yadav,4,0,11,28,2,12.00,SRH,Eden Gardens,22 May 2016
83,84,Ashish Nehra,3,0,11,21,1,18.00,RPS,Rajiv Gandhi Intl. Cricket Stadium,26 April 2016
84,85,Praveen Kumar,4,0,11,28,1,24.00,SRH,Rajiv Gandhi Intl. Cricket Stadium,06 May 2016
85,86,Andre Russell,3,0,11,21,1,18.00,GL,Eden Gardens,08 May 2016
86,87,Sunil Narine,4.1,0,11,30,1,25.00,GL,Green Park,19 May 2016
87,88,Sandeep Sharma,4,0,11,29,1,24.00,RPS,ACA-VDCA Stadium,21 May 2016
88,89,Piyush Chawla,4,0,11,30,1,24.00,GL,Eden Gardens,08 May 2016
89,90,Deepak Hooda,4,0,11,30,0,-,KXIP,Rajiv Gandhi Intl. Cricket Stadium,23 April 2016
90,91,Morne Morkel,4,0,11,31,2,12.00,SRH,Feroz Shah Kotla Ground,25 May 2016
91,92,Sandeep Sharma,4,0,11,31,1,24.00,GL,Saurashtra Cricket Association Stadium,01 May 2016
92,93,Barinder Sran,4,0,11,31,0,-,KKR,Rajiv Gandhi Intl. Cricket Stadium,16 April 2016
93,94,Tim Southee,4,0,11,31,0,-,GL,Wankhede Stadium,16 April 2016
94,95,Bhuvneshwar Kumar,4,0,11,33,0,-,DC,Shaheed Veer Narayan Singh International Cricket Stadium,20 May 2016
95,96,Sunil Narine,4,0,11,34,1,24.00,RCB,Eden Gardens,16 May 2016
96,97,Morne Morkel,4,0,11,35,2,12.00,SRH,Rajiv Gandhi Intl. Cricket Stadium,16 April 2016
97,98,Sunil Narine,4,0,11,35,0,-,SRH,Feroz Shah Kotla Ground,25 May 2016
98,99,KC Cariappa,4,0,11,36,0,-,MI,ACA-VDCA Stadium,13 May 2016
99,100,Trent Boult,4,0,11,39,1,24.00,GL,Feroz Shah Kotla Ground,27 May 2016
