,POS,PLAYER,"
                                Runs
                            ","
                                BF
                            ","
                                4s
                            ","
                                6s
                            ","
                                SR
                            ","
                                Against
                            ","
                                Venue
                            ","
                                Match Date
                            "
0,1,Quinton de Kock,108,51,15,3,211.76,RCB,M. Chinnaswamy Stadium,17 April 2016
1,2,Hashim Amla,96,56,14,2,171.42,SRH,IS Bindra Stadium,15 May 2016
2,3,Gautam Gambhir,90,60,13,1,150.00,SRH,Rajiv Gandhi Intl. Cricket Stadium,16 April 2016
3,4,Virat Kohli,113,50,12,8,226.00,KXIP,M. Chinnaswamy Stadium,18 May 2016
4,5,Aaron Finch,74,47,12,0,157.44,KXIP,IS Bindra Stadium,11 April 2016
5,6,Murali Vijay,89,57,12,1,156.14,RCB,IS Bindra Stadium,09 May 2016
6,7,David Warner,93,58,11,3,160.34,GL,Feroz Shah Kotla Ground,27 May 2016
7,8,Virat Kohli,100,63,11,1,158.73,GL,Saurashtra Cricket Association Stadium,24 April 2016
8,9,AB de Villiers,129,52,10,12,248.07,GL,M. Chinnaswamy Stadium,14 May 2016
9,10,Rohit Sharma,84,54,10,2,155.55,KKR,Eden Gardens,13 April 2016
10,11,Shikhar Dhawan,82,57,10,1,143.85,MI,ACA-VDCA Stadium,08 May 2016
11,12,Parthiv Patel,81,58,10,2,139.65,KXIP,IS Bindra Stadium,25 April 2016
12,13,Robin Uthappa,53,28,9,0,189.28,KXIP,IS Bindra Stadium,19 April 2016
13,14,David Warner,92,50,9,5,184.00,RCB,Rajiv Gandhi Intl. Cricket Stadium,30 April 2016
14,15,Rishabh Pant,69,40,9,2,172.50,GL,Saurashtra Cricket Association Stadium,03 May 2016
15,16,Dwayne Smith,63,37,9,1,170.27,RPS,Maharashtra Cricket Association's International Stadium,29 April 2016
16,17,AB de Villiers,55,33,9,1,166.66,DC,M. Chinnaswamy Stadium,17 April 2016
17,18,David Warner,74,48,9,0,154.16,GL,Saurashtra Cricket Association Stadium,21 April 2016
18,19,Suresh Raina,75,51,9,0,147.05,SRH,Saurashtra Cricket Association Stadium,21 April 2016
19,20,Quinton de Kock,59,42,9,1,140.47,KXIP,Feroz Shah Kotla Ground,15 April 2016
20,21,Karun Nair,68,50,9,1,136.00,KKR,Feroz Shah Kotla Ground,30 April 2016
21,22,Saurabh Tiwary,52,39,9,0,133.33,RCB,M. Chinnaswamy Stadium,07 May 2016
22,23,Steve Smith,101,54,8,5,187.03,GL,Maharashtra Cricket Association's International Stadium,29 April 2016
23,24,Virat Kohli,108,58,8,7,186.20,RPS,M. Chinnaswamy Stadium,07 May 2016
24,25,David Warner,69,38,8,3,181.57,RCB,M. Chinnaswamy Stadium,29 May 2016
25,26,Brendon McCullum,48,27,8,1,177.77,MI,Green Park,21 May 2016
26,27,Dinesh Karthik,51,29,8,1,175.86,KKR,Eden Gardens,08 May 2016
27,28,Suresh Raina,58,36,8,2,161.11,MI,Green Park,21 May 2016
28,29,Ajinkya Rahane,74,48,8,2,154.16,RCB,M. Chinnaswamy Stadium,07 May 2016
29,30,Yuvraj Singh,44,30,8,1,146.66,KKR,Feroz Shah Kotla Ground,25 May 2016
30,31,Rohit Sharma,85,60,8,3,141.66,RPS,Maharashtra Cricket Association's International Stadium,01 May 2016
31,32,Karun Nair,83,59,8,3,140.67,SRH,Shaheed Veer Narayan Singh International Cricket Stadium,20 May 2016
32,33,Rohit Sharma,68,49,8,2,138.77,KKR,Wankhede Stadium,28 April 2016
33,34,Ajinkya Rahane,60,46,8,0,130.43,RCB,Maharashtra Cricket Association's International Stadium,22 April 2016
34,35,David Warner,73,56,8,1,130.35,DC,Shaheed Veer Narayan Singh International Cricket Stadium,20 May 2016
35,36,Faf du Plessis,67,53,8,0,126.41,KXIP,IS Bindra Stadium,17 April 2016
36,37,Krunal Pandya,86,37,7,6,232.43,DC,ACA-VDCA Stadium,15 May 2016
37,38,AB de Villiers,82,42,7,6,195.23,SRH,M. Chinnaswamy Stadium,12 April 2016
38,39,Nitish Rana,70,36,7,4,194.44,GL,Green Park,21 May 2016
39,40,David Warner,59,31,7,3,190.32,KXIP,Rajiv Gandhi Intl. Cricket Stadium,23 April 2016
40,41,Virat Kohli,79,48,7,3,164.58,DC,M. Chinnaswamy Stadium,17 April 2016
41,42,Dinesh Karthik,41,26,7,0,157.69,KXIP,IS Bindra Stadium,11 April 2016
42,43,Wriddhiman Saha,52,33,7,0,157.57,DC,IS Bindra Stadium,07 May 2016
43,44,Ajinkya Rahane,66,42,7,3,157.14,MI,Wankhede Stadium,09 April 2016
44,45,Aaron Finch,50,32,7,2,156.25,SRH,Feroz Shah Kotla Ground,27 May 2016
45,46,Manan Vohra,51,33,7,0,154.54,RPS,IS Bindra Stadium,17 April 2016
46,47,Yusuf Pathan,63,41,7,1,153.65,GL,Eden Gardens,08 May 2016
47,48,David Warner,90,59,7,4,152.54,MI,Rajiv Gandhi Intl. Cricket Stadium,18 April 2016
48,49,Gautam Gambhir,51,34,7,0,150.00,RCB,Eden Gardens,16 May 2016
49,50,Harbhajan Singh,45,30,7,1,150.00,RPS,Wankhede Stadium,09 April 2016
50,51,Suresh Raina,53,36,7,1,147.22,KKR,Green Park,19 May 2016
51,52,Virat Kohli,75,51,7,3,147.05,SRH,M. Chinnaswamy Stadium,12 April 2016
52,53,David Warner,48,33,7,1,145.45,MI,ACA-VDCA Stadium,08 May 2016
53,54,Aaron Finch,50,36,7,2,138.88,RPS,Saurashtra Cricket Association Stadium,14 April 2016
54,55,Rohit Sharma,65,48,7,1,135.41,DC,Feroz Shah Kotla Ground,23 April 2016
55,56,Kane Williamson,50,38,7,0,131.57,RCB,Rajiv Gandhi Intl. Cricket Stadium,30 April 2016
56,57,Ajinkya Rahane,63,48,7,0,131.25,DC,Feroz Shah Kotla Ground,05 May 2016
57,58,Steve Smith,46,36,7,0,127.77,SRH,Rajiv Gandhi Intl. Cricket Stadium,26 April 2016
58,59,Virat Kohli,80,63,7,2,126.98,RPS,Maharashtra Cricket Association's International Stadium,22 April 2016
59,60,Aaron Finch,67,54,7,1,124.07,MI,Wankhede Stadium,16 April 2016
60,61,Robin Uthappa,35,33,7,0,106.06,DC,Eden Gardens,10 April 2016
61,62,Yusuf Pathan,60,29,6,3,206.89,RCB,M. Chinnaswamy Stadium,02 May 2016
62,63,KL Rahul,51,28,6,1,182.14,SRH,Rajiv Gandhi Intl. Cricket Stadium,30 April 2016
63,64,AB de Villiers,83,46,6,4,180.43,RPS,Maharashtra Cricket Association's International Stadium,22 April 2016
64,65,Quinton de Kock,52,30,6,2,173.33,KXIP,IS Bindra Stadium,07 May 2016
65,66,KL Rahul,42,25,6,1,168.00,KXIP,IS Bindra Stadium,09 May 2016
66,67,Brendon McCullum,60,36,6,3,166.66,DC,Feroz Shah Kotla Ground,27 April 2016
67,68,KL Rahul,52,32,6,2,162.50,KKR,M. Chinnaswamy Stadium,02 May 2016
68,69,Glenn Maxwell,68,42,6,4,161.90,KKR,Eden Gardens,04 May 2016
69,70,David Warner,46,30,6,1,153.33,DC,Rajiv Gandhi Intl. Cricket Stadium,12 May 2016
70,71,Robin Uthappa,70,49,6,2,142.85,KXIP,Eden Gardens,04 May 2016
71,72,Wriddhiman Saha,56,40,6,1,140.00,MI,ACA-VDCA Stadium,13 May 2016
72,73,Robin Uthappa,72,52,6,2,138.46,DC,Feroz Shah Kotla Ground,30 April 2016
73,74,Murali Vijay,55,41,6,0,134.14,GL,Saurashtra Cricket Association Stadium,01 May 2016
74,75,Gautam Gambhir,59,45,6,1,131.11,MI,Wankhede Stadium,28 April 2016
75,76,Karun Nair,54,42,6,1,128.57,RCB,M. Chinnaswamy Stadium,17 April 2016
76,77,Suryakumar Yadav,60,49,6,2,122.44,RPS,Maharashtra Cricket Association's International Stadium,24 April 2016
77,78,Virat Kohli,54,45,6,0,120.00,DC,Shaheed Veer Narayan Singh International Cricket Stadium,22 May 2016
78,79,Gautam Gambhir,54,45,6,1,120.00,KXIP,Eden Gardens,04 May 2016
79,80,Shikhar Dhawan,47,40,6,0,117.50,GL,Rajiv Gandhi Intl. Cricket Stadium,06 May 2016
80,81,Sarfaraz Khan,35,10,5,2,350.00,SRH,M. Chinnaswamy Stadium,12 April 2016
81,82,Shane Watson,36,13,5,2,276.92,RPS,M. Chinnaswamy Stadium,07 May 2016
82,83,Wriddhiman Saha,24,10,5,0,240.00,RCB,M. Chinnaswamy Stadium,18 May 2016
83,84,Virat Kohli,109,55,5,8,198.18,GL,M. Chinnaswamy Stadium,14 May 2016
84,85,Brendon McCullum,43,22,5,2,195.45,RPS,Maharashtra Cricket Association's International Stadium,29 April 2016
85,86,AB de Villiers,59,31,5,3,190.32,KKR,Eden Gardens,16 May 2016
86,87,AB de Villiers,64,35,5,2,182.85,KXIP,IS Bindra Stadium,09 May 2016
87,88,Dwayne Smith,73,41,5,6,178.04,RCB,M. Chinnaswamy Stadium,24 May 2016
88,89,Dwayne Smith,53,30,5,3,176.66,DC,Feroz Shah Kotla Ground,27 April 2016
89,90,Brendon McCullum,42,24,5,2,175.00,RCB,Saurashtra Cricket Association Stadium,24 April 2016
90,91,AB de Villiers,79,47,5,5,168.08,GL,M. Chinnaswamy Stadium,24 May 2016
91,92,Shane Watson,34,21,5,1,161.90,KKR,M. Chinnaswamy Stadium,02 May 2016
92,93,Faf du Plessis,69,43,5,4,160.46,GL,Saurashtra Cricket Association Stadium,14 April 2016
93,94,Ambati Rayudu,32,20,5,1,160.00,KKR,Wankhede Stadium,28 April 2016
94,95,Chris Gayle,49,31,5,4,158.06,KKR,Eden Gardens,16 May 2016
95,96,Virat Kohli,54,35,5,2,154.28,SRH,M. Chinnaswamy Stadium,29 May 2016
96,97,Virat Kohli,75,51,5,3,147.05,KKR,Eden Gardens,16 May 2016
97,98,Steve Smith,38,26,5,0,146.15,KXIP,IS Bindra Stadium,17 April 2016
98,99,Glenn Maxwell,56,39,5,1,143.58,MI,IS Bindra Stadium,25 April 2016
99,100,Manish Pandey,50,35,5,2,142.85,RCB,Eden Gardens,16 May 2016
