,POS,PLAYER,"
                                Ov
                            ","
                                Runs
                            ","
                                Wkts
                            ","
                                SR
                            ","
                                Against
                            ","
                                Venue
                            ","
                                Match Date
                            "
0,1,Shane Watson,4,61,0,-,SRH,M. Chinnaswamy Stadium,29 May 2016
1,2,Imran Tahir,4,59,0,-,MI,ACA-VDCA Stadium,15 May 2016
2,3,Karn Sharma,4,57,0,-,RCB,M. Chinnaswamy Stadium,12 April 2016
3,4,Umesh Yadav,4,56,1,24.00,RCB,M. Chinnaswamy Stadium,02 May 2016
4,5,Bhuvneshwar Kumar,4,55,2,12.00,RCB,M. Chinnaswamy Stadium,12 April 2016
5,6,KC Cariappa,3,55,0,-,RCB,M. Chinnaswamy Stadium,18 May 2016
6,7,Kane Richardson,4,53,1,24.00,GL,Saurashtra Cricket Association Stadium,24 April 2016
7,8,Chris Jordan,4,52,0,-,KXIP,IS Bindra Stadium,09 May 2016
8,9,Andre Russell,4,52,1,24.00,MI,Eden Gardens,13 April 2016
9,10,Tabraiz Shamsi,4,51,0,-,KKR,M. Chinnaswamy Stadium,02 May 2016
10,11,Zaheer Khan,4,50,1,24.00,RCB,M. Chinnaswamy Stadium,17 April 2016
11,12,Mohammed Shami,3.1,50,0,-,RPS,Feroz Shah Kotla Ground,05 May 2016
12,13,Shivil Kaushik,3,50,0,-,RCB,M. Chinnaswamy Stadium,14 May 2016
13,14,David Wiese,4,49,0,-,DC,M. Chinnaswamy Stadium,17 April 2016
14,15,Sandeep Sharma,4,49,2,12.00,RCB,IS Bindra Stadium,09 May 2016
15,16,Jaydev Unadkat,3,49,0,-,MI,Wankhede Stadium,28 April 2016
16,17,Zaheer Khan,4,48,0,-,GL,Feroz Shah Kotla Ground,27 April 2016
17,18,Kyle Abbott,3,48,1,18.00,RCB,M. Chinnaswamy Stadium,18 May 2016
18,19,Ishant Sharma,4,47,0,-,RCB,Maharashtra Cricket Association's International Stadium,22 April 2016
19,20,Carlos Brathwaite,4,47,3,8.00,KKR,Feroz Shah Kotla Ground,30 April 2016
20,21,Shane Watson,4,46,0,-,KKR,Eden Gardens,16 May 2016
21,22,Mitchell McClenaghan,4,46,1,24.00,RCB,Wankhede Stadium,20 April 2016
22,23,Harshal Patel,4,46,1,24.00,RPS,Maharashtra Cricket Association's International Stadium,22 April 2016
23,24,Dwayne Bravo,3,46,0,-,RCB,M. Chinnaswamy Stadium,14 May 2016
24,25,Axar Patel,3,46,1,18.00,RCB,M. Chinnaswamy Stadium,18 May 2016
25,26,Rajat Bhatia,4,45,0,-,RCB,M. Chinnaswamy Stadium,07 May 2016
26,27,Sunil Narine,4,45,0,-,RCB,M. Chinnaswamy Stadium,02 May 2016
27,28,Praveen Kumar,4,45,2,12.00,RCB,M. Chinnaswamy Stadium,14 May 2016
28,29,Kane Richardson,4,45,2,12.00,SRH,Rajiv Gandhi Intl. Cricket Stadium,30 April 2016
29,30,Chris Jordan,4,45,3,8.00,SRH,M. Chinnaswamy Stadium,29 May 2016
30,31,Shadab Jakati,3,45,0,-,RCB,M. Chinnaswamy Stadium,24 May 2016
31,32,Tim Southee,4,43,0,-,KKR,Eden Gardens,13 April 2016
32,33,Dwayne Bravo,4,43,0,-,RCB,Saurashtra Cricket Association Stadium,24 April 2016
33,34,Dwayne Bravo,4,43,1,24.00,RPS,Saurashtra Cricket Association Stadium,14 April 2016
34,35,Chris Jordan,4,43,1,24.00,RPS,M. Chinnaswamy Stadium,07 May 2016
35,36,Adam Milne,4,43,1,24.00,SRH,M. Chinnaswamy Stadium,12 April 2016
36,37,Mitchell Johnson,4,43,1,24.00,MI,IS Bindra Stadium,25 April 2016
37,38,Axar Patel,4,43,1,24.00,RPS,ACA-VDCA Stadium,21 May 2016
38,39,Yuzvendra Chahal,4,43,2,12.00,SRH,M. Chinnaswamy Stadium,12 April 2016
39,40,Jasprit Bumrah,4,42,0,-,DC,Feroz Shah Kotla Ground,23 April 2016
40,41,Shahbaz Nadeem,4,42,0,-,MI,ACA-VDCA Stadium,15 May 2016
41,42,Yuzvendra Chahal,4,42,1,24.00,GL,M. Chinnaswamy Stadium,24 May 2016
42,43,Jasprit Bumrah,4,42,1,24.00,GL,Green Park,21 May 2016
43,44,Amit Mishra,4,42,1,24.00,MI,ACA-VDCA Stadium,15 May 2016
44,45,Moises Henriques,4,41,0,-,RCB,M. Chinnaswamy Stadium,12 April 2016
45,46,Iqbal Abdulla,4,41,0,-,GL,Saurashtra Cricket Association Stadium,24 April 2016
46,47,Axar Patel,4,41,1,24.00,MI,IS Bindra Stadium,25 April 2016
47,48,Dhawal Kulkarni,4,41,2,12.00,MI,Green Park,21 May 2016
48,49,Sreenath Arvind,4,41,2,12.00,KKR,Eden Gardens,16 May 2016
49,50,Thisara Perera,4,41,2,12.00,GL,Maharashtra Cricket Association's International Stadium,29 April 2016
50,51,Barinder Sran,3,41,1,18.00,RCB,M. Chinnaswamy Stadium,29 May 2016
51,52,Bipul Sharma,4,40,0,-,MI,Rajiv Gandhi Intl. Cricket Stadium,18 April 2016
52,53,Shadab Jakati,4,40,0,-,RPS,Saurashtra Cricket Association Stadium,14 April 2016
53,54,Shane Watson,4,40,0,-,MI,Wankhede Stadium,20 April 2016
54,55,Dwayne Bravo,4,40,1,24.00,DC,Feroz Shah Kotla Ground,27 April 2016
55,56,Dwayne Bravo,4,40,1,24.00,RPS,Maharashtra Cricket Association's International Stadium,29 April 2016
56,57,Moises Henriques,4,40,1,24.00,RCB,Rajiv Gandhi Intl. Cricket Stadium,30 April 2016
57,58,James Faulkner,4,40,1,24.00,MI,Wankhede Stadium,16 April 2016
58,59,Ashok Dinda,4,40,2,12.00,GL,Maharashtra Cricket Association's International Stadium,29 April 2016
59,60,Marcus Stoinis,4,40,3,8.00,DC,IS Bindra Stadium,07 May 2016
60,61,Iqbal Abdulla,4,40,3,8.00,MI,Wankhede Stadium,20 April 2016
61,62,Mohit Sharma,3.4,40,0,-,SRH,IS Bindra Stadium,15 May 2016
62,63,Thisara Perera,3,40,0,-,RCB,M. Chinnaswamy Stadium,07 May 2016
63,64,Moises Henriques,3,40,0,-,RCB,M. Chinnaswamy Stadium,29 May 2016
64,65,Mohit Sharma,4,39,0,-,KKR,Eden Gardens,04 May 2016
65,66,James Faulkner,4,39,0,-,KXIP,IS Bindra Stadium,11 April 2016
66,67,Dwayne Bravo,4,39,0,-,KKR,Eden Gardens,08 May 2016
67,68,Mustafizur Rahman,4,39,0,-,DC,Rajiv Gandhi Intl. Cricket Stadium,12 May 2016
68,69,Shakib Al Hasan,4,39,0,-,RCB,Eden Gardens,16 May 2016
69,70,Brad Hogg,4,39,0,-,DC,Feroz Shah Kotla Ground,30 April 2016
70,71,Trent Boult,4,39,1,24.00,GL,Feroz Shah Kotla Ground,27 May 2016
71,72,Dwayne Bravo,4,39,1,24.00,MI,Wankhede Stadium,16 April 2016
72,73,Tabraiz Shamsi,4,39,1,24.00,SRH,Rajiv Gandhi Intl. Cricket Stadium,30 April 2016
73,74,Dhawal Kulkarni,4,39,1,24.00,RCB,Saurashtra Cricket Association Stadium,24 April 2016
74,75,Mohit Sharma,4,39,1,24.00,RPS,ACA-VDCA Stadium,21 May 2016
75,76,Ishant Sharma,4,39,1,24.00,GL,Saurashtra Cricket Association Stadium,14 April 2016
76,77,Morne Morkel,3.3,39,1,21.00,GL,Green Park,19 May 2016
77,78,Karn Sharma,3,39,0,-,KKR,Eden Gardens,22 May 2016
78,79,Morne Morkel,4,38,0,-,GL,Eden Gardens,08 May 2016
79,80,Harbhajan Singh,4,38,0,-,SRH,Rajiv Gandhi Intl. Cricket Stadium,18 April 2016
80,81,Yuzvendra Chahal,4,38,1,24.00,RPS,M. Chinnaswamy Stadium,07 May 2016
81,82,Mitchell McClenaghan,4,38,1,24.00,SRH,ACA-VDCA Stadium,08 May 2016
82,83,Yuzvendra Chahal,4,38,1,24.00,KKR,Eden Gardens,16 May 2016
83,84,Kyle Abbott,4,38,1,24.00,RPS,IS Bindra Stadium,17 April 2016
84,85,Tim Southee,4,38,2,12.00,KKR,Wankhede Stadium,28 April 2016
85,86,Iqbal Abdulla,4,38,2,12.00,GL,M. Chinnaswamy Stadium,24 May 2016
86,87,Mohit Sharma,4,38,3,8.00,MI,IS Bindra Stadium,25 April 2016
87,88,Mitchell McClenaghan,3.5,38,0,-,GL,Green Park,21 May 2016
88,89,Shane Watson,3,38,0,-,MI,M. Chinnaswamy Stadium,11 May 2016
89,90,Shakib Al Hasan,3,38,1,18.00,GL,Eden Gardens,08 May 2016
90,91,Shane Watson,3,38,1,18.00,KKR,M. Chinnaswamy Stadium,02 May 2016
91,92,Amit Mishra,4,37,0,-,KXIP,IS Bindra Stadium,07 May 2016
92,93,Irfan Pathan,4,37,0,-,KXIP,ACA-VDCA Stadium,21 May 2016
93,94,Varun Aaron,4,37,0,-,MI,Wankhede Stadium,20 April 2016
94,95,Ravichandran Ashwin,4,37,0,-,GL,Maharashtra Cricket Association's International Stadium,29 April 2016
95,96,Jayant Yadav,4,37,0,-,SRH,Shaheed Veer Narayan Singh International Cricket Stadium,20 May 2016
96,97,Praveen Kumar,4,37,0,-,RPS,Maharashtra Cricket Association's International Stadium,29 April 2016
97,98,Ravindra Jadeja,4,37,0,-,RPS,Maharashtra Cricket Association's International Stadium,29 April 2016
98,99,Brad Hogg,4,37,0,-,MI,Eden Gardens,13 April 2016
99,100,KC Cariappa,4,37,1,24.00,DC,IS Bindra Stadium,07 May 2016
