,POS,PLAYER,"
                                Ov
                            ","
                                Runs
                            ","
                                Wkts
                            ","
                                SR
                            ","
                                Against
                            ","
                                Venue
                            ","
                                Match Date
                            "
0,1,Rohit Sharma,2,6,4,3.00,MI,Supersport Park,06 May 2009
1,2,Sanath Jayasuriya,1,3,2,3.00,RR,Kingsmead,14 May 2009
2,3,Anil Kumble,3.1,5,5,3.80,RR,Newlands,18 April 2009
3,4,Lasith Malinga,2.2,11,3,4.66,KKR,St George's Park,27 April 2009
4,5,Jacob Oram,1.4,12,2,5.00,RCB,Kingsmead,14 May 2009
5,6,Lakshmipathy Balaji,3.3,21,4,5.25,RR,Supersport Park,30 April 2009
6,7,RP Singh,3.4,22,4,5.50,KKR,Newlands,19 April 2009
7,8,YA Abdulla,4,31,4,6.00,RCB,Kingsmead,24 April 2009
8,9,YA Abdulla,4,36,4,6.00,RCB,Kingsmead,01 May 2009
9,10,Shadab Jakati,4,22,4,6.00,DEC,Buffalo Park,04 May 2009
10,11,Harbhajan Singh,4,17,4,6.00,DC,Supersport Park,21 May 2009
11,12,Amit Singh,4,19,4,6.00,RCB,Supersport Park,07 May 2009
12,13,Anil Kumble,4,16,4,6.00,DEC,New Wanderers Stadium,24 May 2009
13,14,Shadab Jakati,4,24,4,6.00,DC,New Wanderers Stadium,02 May 2009
14,15,Rohit Sharma,3,12,3,6.00,RR,De Beers Diamond Oval,11 May 2009
15,16,Abhishek Nayar,3,13,3,6.00,KKR,St George's Park,27 April 2009
16,17,Ramesh Powar,2,11,2,6.00,DEC,New Wanderers Stadium,17 May 2009
17,18,Pragyan Ojha,2,11,2,6.00,CSK,Kingsmead,27 April 2009
18,19,Rohit Sharma,2,12,2,6.00,KXIP,De Beers Diamond Oval,09 May 2009
19,20,Venugopal Rao,2,23,2,6.00,RR,St George's Park,02 May 2009
20,21,Lakshmipathy Balaji,2.2,18,2,7.00,RCB,St George's Park,20 April 2009
21,22,Laxmi Ratan Shukla,4,25,3,8.00,MI,St George's Park,27 April 2009
22,23,Amit Mishra,4,14,3,8.00,KKR,New Wanderers Stadium,10 May 2009
23,24,Dwayne Bravo,4,34,3,8.00,DEC,Kingsmead,25 April 2009
24,25,Amit Mishra,4,33,3,8.00,RR,OUTsurance Oval,17 May 2009
25,26,RP Singh,4,26,3,8.00,KXIP,New Wanderers Stadium,17 May 2009
26,27,Amit Mishra,4,19,3,8.00,DEC,Supersport Park,22 May 2009
27,28,Amit Singh,4,9,3,8.00,KXIP,Kingsmead,05 May 2009
28,29,Pragyan Ojha,4,28,3,8.00,RCB,New Wanderers Stadium,24 May 2009
29,30,Charl Langeveldt,4,15,3,8.00,RR,Kingsmead,20 May 2009
30,31,Zaheer Khan,4,31,3,8.00,KKR,Buffalo Park,01 May 2009
31,32,Shane Warne,4,24,3,8.00,MI,Kingsmead,14 May 2009
32,33,Lasith Malinga,4,19,3,8.00,DEC,Kingsmead,25 April 2009
33,34,Dimitri Mascarenhas,4,20,3,8.00,RCB,Newlands,18 April 2009
34,35,Yuvraj Singh,4,22,3,8.00,RCB,Kingsmead,01 May 2009
35,36,Scott Styris,4,32,3,8.00,RCB,Newlands,22 April 2009
36,37,Pragyan Ojha,4,21,3,8.00,MI,Kingsmead,25 April 2009
37,38,Brad Hodge,4,29,3,8.00,RCB,Kingsmead,29 April 2009
38,39,Kamran Khan,4,18,3,8.00,KKR,Newlands,23 April 2009
39,40,Praveen Kumar,4,30,3,8.00,DC,New Wanderers Stadium,19 May 2009
40,41,Brett Lee,4,15,3,8.00,DC,OUTsurance Oval,15 May 2009
41,42,Ryan Harris,4,27,3,8.00,DC,Supersport Park,22 May 2009
42,43,Yusuf Pathan,4,34,3,8.00,DEC,De Beers Diamond Oval,11 May 2009
43,44,Ravindra Jadeja,4,15,3,8.00,RCB,Supersport Park,07 May 2009
44,45,Yuvraj Singh,4,13,3,8.00,DEC,New Wanderers Stadium,17 May 2009
45,46,Lakshmipathy Balaji,4,19,3,8.00,DC,Kingsmead,23 April 2009
46,47,Lasith Malinga,4,15,3,8.00,CSK,Newlands,18 April 2009
47,48,YA Abdulla,4,21,3,8.00,RR,Newlands,26 April 2009
48,49,Irfan Pathan,4,35,3,8.00,RCB,Kingsmead,24 April 2009
49,50,Muttiah Muralitharan,4,11,3,8.00,RCB,St George's Park,20 April 2009
50,51,D du Preez,4,32,3,8.00,MI,New Wanderers Stadium,03 May 2009
51,52,Amit Mishra,4.1,34,3,8.33,RR,Supersport Park,28 April 2009
52,53,Sudeep Tyagi,3,18,2,9.00,DC,New Wanderers Stadium,02 May 2009
53,54,Dwayne Bravo,3,31,2,9.00,KKR,St George's Park,27 April 2009
54,55,Irfan Pathan,3,29,2,9.00,DEC,New Wanderers Stadium,17 May 2009
55,56,Shane Warne,3,38,2,9.00,KXIP,Kingsmead,05 May 2009
56,57,Praveen Kumar,3,7,2,9.00,RR,Newlands,18 April 2009
57,58,Andrew Symonds,3,18,2,9.00,RCB,New Wanderers Stadium,24 May 2009
58,59,Yusuf Pathan,3,17,2,9.00,CSK,Supersport Park,30 April 2009
59,60,Vinay Kumar,3,30,2,9.00,CSK,Kingsmead,14 May 2009
60,61,Muttiah Muralitharan,3,11,2,9.00,DEC,Buffalo Park,04 May 2009
61,62,Munaf Patel,3,25,2,9.00,RCB,Newlands,18 April 2009
62,63,Albie Morkel,3,24,2,9.00,DEC,Buffalo Park,04 May 2009
63,64,Shoaib Ahmed,3,25,2,9.00,KXIP,De Beers Diamond Oval,09 May 2009
64,65,Roelof van der Merwe,3,22,2,9.00,KXIP,Kingsmead,01 May 2009
65,66,Munaf Patel,3.5,22,2,11.50,MI,Kingsmead,14 May 2009
66,67,Muttiah Muralitharan,4,8,2,12.00,KXIP,Kingsmead,20 May 2009
67,68,YA Abdulla,4,19,2,12.00,MI,Kingsmead,29 April 2009
68,69,Harmeet Singh Bansal,4,23,2,12.00,RCB,New Wanderers Stadium,24 May 2009
69,70,Kamran Khan,4,15,2,12.00,KXIP,Newlands,26 April 2009
70,71,Anil Kumble,4,23,2,12.00,DEC,Supersport Park,21 May 2009
71,72,Praveen Kumar,4,27,2,12.00,KXIP,Kingsmead,01 May 2009
72,73,RP Singh,4,19,2,12.00,MI,Supersport Park,06 May 2009
73,74,Jacques Kallis,4,18,2,12.00,CSK,Kingsmead,14 May 2009
74,75,Pragyan Ojha,4,14,2,12.00,KKR,Newlands,19 April 2009
75,76,Ishant Sharma,4,15,2,12.00,RCB,Kingsmead,29 April 2009
76,77,Sanath Jayasuriya,4,34,2,12.00,CSK,Newlands,18 April 2009
77,78,Dimitri Mascarenhas,4,28,2,12.00,DC,Supersport Park,28 April 2009
78,79,Irfan Pathan,4,32,2,12.00,CSK,Kingsmead,20 May 2009
79,80,Albie Morkel,4,21,2,12.00,RR,Supersport Park,30 April 2009
80,81,Kevin Pietersen,4,31,2,12.00,DEC,Newlands,22 April 2009
81,82,Ishant Sharma,4,36,2,12.00,RR,Newlands,23 April 2009
82,83,Piyush Chawla,4,27,2,12.00,KKR,St George's Park,03 May 2009
83,84,Sourav Ganguly,4,24,2,12.00,KXIP,Kingsmead,21 April 2009
84,85,Jesse Ryder,4,14,2,12.00,RR,Newlands,18 April 2009
85,86,Ravichandran Ashwin,4,13,2,12.00,KXIP,Kingsmead,20 May 2009
86,87,Irfan Pathan,4,22,2,12.00,DC,OUTsurance Oval,15 May 2009
87,88,Ishant Sharma,4,23,2,12.00,KKR,New Wanderers Stadium,10 May 2009
88,89,Munaf Patel,4,24,2,12.00,KXIP,Newlands,26 April 2009
89,90,SM Harwood,4,25,2,12.00,DEC,St George's Park,02 May 2009
90,91,Anil Kumble,4,12,2,12.00,CSK,Kingsmead,14 May 2009
91,92,Ishant Sharma,4,15,2,12.00,RCB,Kingsmead,29 April 2009
92,93,Vinay Kumar,4,38,2,12.00,CSK,New Wanderers Stadium,23 May 2009
93,94,Munaf Patel,4,14,2,12.00,DC,Supersport Park,28 April 2009
94,95,Shanthakumaran Sreesanth,4,23,2,12.00,CSK,Kingsmead,20 May 2009
95,96,Chaminda Vaas,4,19,2,12.00,RR,De Beers Diamond Oval,11 May 2009
96,97,Pankaj Singh,4,31,2,12.00,DC,St George's Park,26 April 2009
97,98,Shadab Jakati,4,35,2,12.00,RR,De Beers Diamond Oval,09 May 2009
98,99,Ajantha Mendis,4,19,2,12.00,RR,Newlands,23 April 2009
99,100,Ishant Sharma,4,27,2,12.00,KXIP,St George's Park,03 May 2009
