,POS,PLAYER,"
                                Against
                            ","
                                Venue
                            ","
                                Match Date
                            ","
                                BF
                            ","
                                6s
                            ","
                                4s
                            ","
                                Runs
                            "
0,1,Adam Gilchrist,DC,Supersport Park,22 May 2009,17,5,10,85
1,2,Brendon McCullum,CSK,Supersport Park,18 May 2009,21,3,11,81
2,3,Matthew Hayden,RCB,St George's Park,20 April 2009,22,2,9,65
3,4,Matthew Hayden,DC,Kingsmead,23 April 2009,22,3,5,57
4,5,Ross Taylor,KKR,Supersport Park,12 May 2009,24,5,7,81
5,6,Adam Gilchrist,DC,Kingsmead,13 May 2009,24,5,5,64
6,7,MS Dhoni,KXIP,Supersport Park,07 May 2009,24,2,7,56
7,8,Simon Katich,CSK,Supersport Park,07 May 2009,24,4,3,50
8,9,Suresh Raina,RR,Supersport Park,30 April 2009,26,5,10,98
9,10,Graeme Smith,KXIP,Kingsmead,05 May 2009,26,1,12,77
10,11,Yusuf Pathan,DC,Supersport Park,28 April 2009,26,6,3,62
11,12,Sanath Jayasuriya,KKR,St George's Park,27 April 2009,26,4,2,52
12,13,Andrew Symonds,KXIP,De Beers Diamond Oval,09 May 2009,28,4,2,60
13,14,Yuvraj Singh,CSK,Supersport Park,07 May 2009,28,2,5,58
14,15,Rohit Sharma,RCB,Newlands,22 April 2009,28,5,1,52
15,16,Adam Gilchrist,RCB,Newlands,22 April 2009,31,5,6,71
16,17,Virat Kohli,DEC,Newlands,22 April 2009,31,0,7,50
17,18,Herschelle Gibbs,RCB,Supersport Park,21 May 2009,32,4,3,60
18,19,Yuvraj Singh,RCB,Kingsmead,01 May 2009,33,4,3,50
19,20,Sachin Tendulkar,KKR,St George's Park,27 April 2009,34,4,6,68
20,21,Matthew Hayden,RCB,Kingsmead,14 May 2009,34,3,5,60
21,22,Brad Hodge,CSK,Supersport Park,18 May 2009,35,4,4,71
22,23,Dwayne Bravo,KXIP,Supersport Park,12 May 2009,35,3,7,70
23,24,MS Dhoni,DEC,Buffalo Park,04 May 2009,35,1,6,58
24,25,Suresh Raina,KKR,Supersport Park,18 May 2009,35,3,3,52
25,26,Manish Pandey,DEC,Supersport Park,21 May 2009,36,4,10,114
26,27,Brad Hodge,KXIP,St George's Park,03 May 2009,36,1,10,70
27,28,Robin Uthappa,MI,New Wanderers Stadium,03 May 2009,36,2,8,66
28,29,JP Duminy,RCB,St George's Park,10 May 2009,37,3,2,59
29,30,Ajinkya Rahane,DC,Supersport Park,21 May 2009,37,2,5,56
30,31,JP Duminy,KKR,Buffalo Park,01 May 2009,37,4,1,52
31,32,Rob Quiney,MI,Kingsmead,14 May 2009,37,2,5,51
32,33,Jacques Kallis,KXIP,Kingsmead,24 April 2009,38,2,5,62
33,34,Subramaniam Badrinath,RR,De Beers Diamond Oval,09 May 2009,38,1,9,59
34,35,Herschelle Gibbs,MI,Kingsmead,25 April 2009,38,2,6,58
35,36,Kumar Sangakkara,DEC,New Wanderers Stadium,17 May 2009,38,1,4,56
36,37,Naman Ojha,RCB,Supersport Park,07 May 2009,38,3,3,52
37,38,Jacques Kallis,MI,New Wanderers Stadium,03 May 2009,39,2,5,69
38,39,Sanath Jayasuriya,RCB,New Wanderers Stadium,03 May 2009,39,1,6,52
39,40,Mahela Jayawardene,KKR,St George's Park,03 May 2009,39,0,7,52
40,41,Dwayne Bravo,RCB,New Wanderers Stadium,03 May 2009,40,2,1,50
41,42,Naman Ojha,KXIP,Kingsmead,05 May 2009,41,5,5,68
42,43,Rahul Dravid,RR,Newlands,18 April 2009,42,1,8,66
43,44,Ajinkya Rahane,RCB,St George's Park,10 May 2009,43,1,4,62
44,45,Matthew Hayden,KXIP,Supersport Park,07 May 2009,44,6,8,89
45,46,Brad Hodge,MI,Buffalo Park,01 May 2009,44,3,5,73
46,47,Sachin Tendulkar,CSK,Newlands,18 April 2009,45,0,7,59
47,48,JP Duminy,DEC,Supersport Park,06 May 2009,45,0,7,52
48,49,Ravi Bopara,RCB,Kingsmead,24 April 2009,46,5,4,84
49,50,Herschelle Gibbs,CSK,Kingsmead,27 April 2009,46,2,6,69
50,51,JP Duminy,CSK,St George's Park,16 May 2009,46,2,4,62
51,52,Kumar Sangakkara,RR,Newlands,26 April 2009,47,1,7,60
52,53,Herschelle Gibbs,RCB,New Wanderers Stadium,24 May 2009,47,2,3,53
53,54,Brendon McCullum,RCB,Supersport Park,12 May 2009,48,2,10,84
54,55,Matthew Hayden,MI,St George's Park,16 May 2009,51,1,4,60
55,56,Jacques Kallis,DC,New Wanderers Stadium,19 May 2009,51,2,2,58
56,57,JP Duminy,KXIP,Kingsmead,29 April 2009,55,0,4,59
