,POS,PLAYER,"
                                HS
                            ","
                                BF
                            ","
                                4s
                            ","
                                6s
                            ","
                                SR
                            ","
                                Against
                            ","
                                Venue
                            ","
                                Match Date
                            "
0,1,Manish Pandey,114*,73,10,4,156.16,DEC,Supersport Park,21 May 2009
1,2,Suresh Raina,98,55,10,5,178.18,RR,Supersport Park,30 April 2009
2,3,Matthew Hayden,89,58,8,6,153.44,KXIP,Supersport Park,07 May 2009
3,4,Adam Gilchrist,85,35,10,5,242.85,DC,Supersport Park,22 May 2009
4,5,Brendon McCullum,84*,64,10,2,131.25,RCB,Supersport Park,12 May 2009
5,6,Ravi Bopara,84,59,4,5,142.37,RCB,Kingsmead,24 April 2009
6,7,Ross Taylor,81*,33,7,5,245.45,KKR,Supersport Park,12 May 2009
7,8,Brendon McCullum,81,48,11,3,168.75,CSK,Supersport Park,18 May 2009
8,9,Graeme Smith,77,44,12,1,175.00,KXIP,Kingsmead,05 May 2009
9,10,Brad Hodge,73,60,5,3,121.66,MI,Buffalo Park,01 May 2009
10,11,Brad Hodge,71*,44,4,4,161.36,CSK,Supersport Park,18 May 2009
11,12,Adam Gilchrist,71,45,6,5,157.77,RCB,Newlands,22 April 2009
12,13,Brad Hodge,70*,43,10,1,162.79,KXIP,St George's Park,03 May 2009
13,14,Dwayne Bravo,70*,59,7,3,118.64,KXIP,Supersport Park,12 May 2009
14,15,Herschelle Gibbs,69*,56,6,2,123.21,CSK,Kingsmead,27 April 2009
15,16,Jacques Kallis,69*,59,5,2,116.94,MI,New Wanderers Stadium,03 May 2009
16,17,Sachin Tendulkar,68,45,6,4,151.11,KKR,St George's Park,27 April 2009
17,18,Naman Ojha,68,51,5,5,133.33,KXIP,Kingsmead,05 May 2009
18,19,Robin Uthappa,66*,42,8,2,157.14,MI,New Wanderers Stadium,03 May 2009
19,20,Rahul Dravid,66,48,8,1,137.50,RR,Newlands,18 April 2009
20,21,Matthew Hayden,65,35,9,2,185.71,RCB,St George's Park,20 April 2009
21,22,Adam Gilchrist,64,33,5,5,193.93,DC,Kingsmead,13 May 2009
22,23,Yusuf Pathan,62*,30,3,6,206.66,DC,Supersport Park,28 April 2009
23,24,Ajinkya Rahane,62*,49,4,1,126.53,RCB,St George's Park,10 May 2009
24,25,Jacques Kallis,62,46,5,2,134.78,KXIP,Kingsmead,24 April 2009
25,26,JP Duminy,62,54,4,2,114.81,CSK,St George's Park,16 May 2009
26,27,Andrew Symonds,60*,36,2,4,166.66,KXIP,De Beers Diamond Oval,09 May 2009
27,28,Matthew Hayden,60*,57,4,1,105.26,MI,St George's Park,16 May 2009
28,29,Matthew Hayden,60,38,5,3,157.89,RCB,Kingsmead,14 May 2009
29,30,Herschelle Gibbs,60,43,3,4,139.53,RCB,Supersport Park,21 May 2009
30,31,Kumar Sangakkara,60,51,7,1,117.64,RR,Newlands,26 April 2009
31,32,JP Duminy,59*,41,2,3,143.90,RCB,St George's Park,10 May 2009
32,33,Subramaniam Badrinath,59*,41,9,1,143.90,RR,De Beers Diamond Oval,09 May 2009
33,34,Sachin Tendulkar,59*,49,7,0,120.40,CSK,Newlands,18 April 2009
34,35,JP Duminy,59,63,4,0,93.65,KXIP,Kingsmead,29 April 2009
35,36,Yuvraj Singh,58*,36,5,2,161.11,CSK,Supersport Park,07 May 2009
36,37,MS Dhoni,58*,37,6,1,156.75,DEC,Buffalo Park,04 May 2009
37,38,Jacques Kallis,58*,56,2,2,103.57,DC,New Wanderers Stadium,19 May 2009
38,39,Herschelle Gibbs,58,44,6,2,131.81,MI,Kingsmead,25 April 2009
39,40,Matthew Hayden,57,27,5,3,211.11,DC,Kingsmead,23 April 2009
40,41,MS Dhoni,56*,27,7,2,207.40,KXIP,Supersport Park,07 May 2009
41,42,Ajinkya Rahane,56,41,5,2,136.58,DC,Supersport Park,21 May 2009
42,43,Kumar Sangakkara,56,43,4,1,130.23,DEC,New Wanderers Stadium,17 May 2009
43,44,Herschelle Gibbs,53*,48,3,2,110.41,RCB,New Wanderers Stadium,24 May 2009
44,45,JP Duminy,52*,37,1,4,140.54,KKR,Buffalo Park,01 May 2009
45,46,Naman Ojha,52*,38,3,3,136.84,RCB,Supersport Park,07 May 2009
46,47,Mahela Jayawardene,52*,41,7,0,126.82,KKR,St George's Park,03 May 2009
47,48,Rohit Sharma,52,30,1,5,173.33,RCB,Newlands,22 April 2009
48,49,Sanath Jayasuriya,52,32,2,4,162.50,KKR,St George's Park,27 April 2009
49,50,Suresh Raina,52,36,3,3,144.44,KKR,Supersport Park,18 May 2009
50,51,Sanath Jayasuriya,52,43,6,1,120.93,RCB,New Wanderers Stadium,03 May 2009
51,52,JP Duminy,52,48,7,0,108.33,DEC,Supersport Park,06 May 2009
52,53,Rob Quiney,51,40,5,2,127.50,MI,Kingsmead,14 May 2009
53,54,Dwayne Bravo,50*,40,1,2,125.00,RCB,New Wanderers Stadium,03 May 2009
54,55,Simon Katich,50,25,3,4,200.00,CSK,Supersport Park,07 May 2009
55,56,Virat Kohli,50,32,7,0,156.25,DEC,Newlands,22 April 2009
56,57,Yuvraj Singh,50,34,3,4,147.05,RCB,Kingsmead,01 May 2009
57,58,Dwayne Smith,49,23,2,5,213.04,CSK,Buffalo Park,04 May 2009
58,59,Matthew Hayden,49,35,8,0,140.00,DEC,Kingsmead,27 April 2009
59,60,Mark Boucher,48*,33,1,2,145.45,MI,St George's Park,10 May 2009
60,61,Laxmi Ratan Shukla,48*,46,3,2,104.34,RR,Kingsmead,20 May 2009
61,62,Rahul Dravid,48,27,5,2,177.77,DEC,Newlands,22 April 2009
62,63,Dwayne Smith,48,28,5,2,171.42,DC,Supersport Park,30 April 2009
63,64,Manish Pandey,48,35,7,0,137.14,CSK,New Wanderers Stadium,23 May 2009
64,65,Yuvraj Singh,48,37,3,3,129.72,RR,Kingsmead,05 May 2009
65,66,Brad Hodge,48,41,5,0,117.07,DEC,New Wanderers Stadium,16 May 2009
66,67,Matthew Hayden,48,44,4,1,109.09,RR,De Beers Diamond Oval,09 May 2009
67,68,Dwayne Smith,47,32,0,4,146.87,RR,De Beers Diamond Oval,11 May 2009
68,69,JP Duminy,47,40,4,2,117.50,DEC,Kingsmead,25 April 2009
69,70,Sourav Ganguly,46,30,4,2,153.33,RR,Newlands,23 April 2009
70,71,Sachin Tendulkar,46,41,8,0,112.19,DC,Supersport Park,21 May 2009
71,72,Ross Taylor,46,50,2,1,92.00,CSK,Kingsmead,14 May 2009
72,73,Kumar Sangakkara,45*,44,2,1,102.27,MI,Kingsmead,29 April 2009
73,74,Subramaniam Badrinath,45,34,4,2,132.35,DC,New Wanderers Stadium,02 May 2009
74,75,Mahela Jayawardene,44*,25,3,2,176.00,CSK,Supersport Park,07 May 2009
75,76,Chris Gayle,44*,26,2,4,169.23,KXIP,Kingsmead,21 April 2009
76,77,Graeme Smith,44*,46,5,0,95.65,DC,Supersport Park,28 April 2009
77,78,Adam Gilchrist,44,19,5,3,231.57,CSK,Kingsmead,27 April 2009
78,79,Matthew Hayden,44,35,6,1,125.71,MI,Newlands,18 April 2009
79,80,SA Asnodkar,44,39,6,1,112.82,DEC,De Beers Diamond Oval,11 May 2009
80,81,Rahul Dravid,44,39,6,0,112.82,CSK,New Wanderers Stadium,23 May 2009
81,82,Sourav Ganguly,44,45,1,2,97.77,DC,New Wanderers Stadium,10 May 2009
82,83,Herschelle Gibbs,43*,26,5,1,165.38,KKR,Newlands,19 April 2009
83,84,Kumar Sangakkara,43*,47,6,0,91.48,DC,OUTsurance Oval,15 May 2009
84,85,David Hussey,43,17,2,4,252.94,DEC,New Wanderers Stadium,16 May 2009
85,86,Sunny Sohal,43,23,5,3,186.95,MI,Supersport Park,12 May 2009
86,87,Matthew Hayden,43,26,5,3,165.38,DEC,Buffalo Park,04 May 2009
87,88,David Hussey,43,27,3,2,159.25,RCB,Supersport Park,12 May 2009
88,89,Mahela Jayawardene,43,28,1,3,153.57,DEC,De Beers Diamond Oval,09 May 2009
89,90,Adam Gilchrist,43,31,5,2,138.70,KKR,New Wanderers Stadium,16 May 2009
90,91,Shreevats Goswami,43,46,6,0,93.47,KKR,Kingsmead,29 April 2009
91,92,Yusuf Pathan,42,21,6,2,200.00,KKR,Newlands,23 April 2009
92,93,Rohit Sharma,42,26,3,3,161.53,KXIP,New Wanderers Stadium,17 May 2009
93,94,Ravindra Jadeja,42,32,4,1,131.25,MI,Kingsmead,14 May 2009
94,95,Sachin Tendulkar,41*,29,4,1,141.37,KXIP,Supersport Park,12 May 2009
95,96,Jacob Oram,41*,29,4,2,141.37,DEC,Kingsmead,27 April 2009
96,97,Tirumalasetti Suman,41*,30,2,1,136.66,RR,St George's Park,02 May 2009
97,98,Andrew Symonds,41,22,3,2,186.36,DC,Kingsmead,13 May 2009
98,99,Suresh Raina,41,27,5,1,151.85,DC,Kingsmead,23 April 2009
99,100,Chris Gayle,41,33,2,4,124.24,RR,Newlands,23 April 2009
