,POS,PLAYER,"
                                Runs
                            ","
                                BF
                            ","
                                4s
                            ","
                                6s
                            ","
                                SR
                            ","
                                Against
                            ","
                                Venue
                            ","
                                Match Date
                            "
0,1,Graeme Smith,77,44,12,1,175.00,KXIP,Kingsmead,05 May 2009
1,2,Brendon McCullum,81,48,11,3,168.75,CSK,Supersport Park,18 May 2009
2,3,Adam Gilchrist,85,35,10,5,242.85,DC,Supersport Park,22 May 2009
3,4,Suresh Raina,98,55,10,5,178.18,RR,Supersport Park,30 April 2009
4,5,Brad Hodge,70,43,10,1,162.79,KXIP,St George's Park,03 May 2009
5,6,Manish Pandey,114,73,10,4,156.16,DEC,Supersport Park,21 May 2009
6,7,Brendon McCullum,84,64,10,2,131.25,RCB,Supersport Park,12 May 2009
7,8,Matthew Hayden,65,35,9,2,185.71,RCB,St George's Park,20 April 2009
8,9,Subramaniam Badrinath,59,41,9,1,143.90,RR,De Beers Diamond Oval,09 May 2009
9,10,Robin Uthappa,66,42,8,2,157.14,MI,New Wanderers Stadium,03 May 2009
10,11,Matthew Hayden,89,58,8,6,153.44,KXIP,Supersport Park,07 May 2009
11,12,Matthew Hayden,49,35,8,0,140.00,DEC,Kingsmead,27 April 2009
12,13,Rahul Dravid,66,48,8,1,137.50,RR,Newlands,18 April 2009
13,14,Sachin Tendulkar,46,41,8,0,112.19,DC,Supersport Park,21 May 2009
14,15,Ross Taylor,81,33,7,5,245.45,KKR,Supersport Park,12 May 2009
15,16,MS Dhoni,56,27,7,2,207.40,KXIP,Supersport Park,07 May 2009
16,17,Virat Kohli,50,32,7,0,156.25,DEC,Newlands,22 April 2009
17,18,Manish Pandey,48,35,7,0,137.14,CSK,New Wanderers Stadium,23 May 2009
18,19,Parthiv Patel,36,27,7,0,133.33,RCB,New Wanderers Stadium,23 May 2009
19,20,Mahela Jayawardene,52,41,7,0,126.82,KKR,St George's Park,03 May 2009
20,21,Sachin Tendulkar,59,49,7,0,120.40,CSK,Newlands,18 April 2009
21,22,Dwayne Bravo,70,59,7,3,118.64,KXIP,Supersport Park,12 May 2009
22,23,Kumar Sangakkara,60,51,7,1,117.64,RR,Newlands,26 April 2009
23,24,JP Duminy,52,48,7,0,108.33,DEC,Supersport Park,06 May 2009
24,25,Yusuf Pathan,42,21,6,2,200.00,KKR,Newlands,23 April 2009
25,26,Adam Gilchrist,71,45,6,5,157.77,RCB,Newlands,22 April 2009
26,27,MS Dhoni,58,37,6,1,156.75,DEC,Buffalo Park,04 May 2009
27,28,Jesse Ryder,32,21,6,0,152.38,KXIP,Kingsmead,24 April 2009
28,29,Sachin Tendulkar,68,45,6,4,151.11,KKR,St George's Park,27 April 2009
29,30,Herschelle Gibbs,58,44,6,2,131.81,MI,Kingsmead,25 April 2009
30,31,Matthew Hayden,44,35,6,1,125.71,MI,Newlands,18 April 2009
31,32,Herschelle Gibbs,69,56,6,2,123.21,CSK,Kingsmead,27 April 2009
32,33,LA Carseldine,39,32,6,0,121.87,DEC,St George's Park,02 May 2009
33,34,Sanath Jayasuriya,52,43,6,1,120.93,RCB,New Wanderers Stadium,03 May 2009
34,35,SA Asnodkar,44,39,6,1,112.82,DEC,De Beers Diamond Oval,11 May 2009
35,36,Rahul Dravid,44,39,6,0,112.82,CSK,New Wanderers Stadium,23 May 2009
36,37,Chris Gayle,40,37,6,0,108.10,RCB,Kingsmead,29 April 2009
37,38,Shreevats Goswami,43,46,6,0,93.47,KKR,Kingsmead,29 April 2009
38,39,Kumar Sangakkara,43,47,6,0,91.48,DC,OUTsurance Oval,15 May 2009
39,40,Ravindra Jadeja,33,12,5,1,275.00,KXIP,Kingsmead,05 May 2009
40,41,Adam Gilchrist,44,19,5,3,231.57,CSK,Kingsmead,27 April 2009
41,42,Munaf Patel,23,10,5,0,230.00,DC,OUTsurance Oval,17 May 2009
42,43,Matthew Hayden,57,27,5,3,211.11,DC,Kingsmead,23 April 2009
43,44,Adam Gilchrist,64,33,5,5,193.93,DC,Kingsmead,13 May 2009
44,45,Irfan Pathan,32,17,5,1,188.23,KKR,Kingsmead,21 April 2009
45,46,Sunny Sohal,43,23,5,3,186.95,MI,Supersport Park,12 May 2009
46,47,Rahul Dravid,48,27,5,2,177.77,DEC,Newlands,22 April 2009
47,48,Dwayne Smith,48,28,5,2,171.42,DC,Supersport Park,30 April 2009
48,49,Matthew Hayden,43,26,5,3,165.38,DEC,Buffalo Park,04 May 2009
49,50,Herschelle Gibbs,43,26,5,1,165.38,KKR,Newlands,19 April 2009
50,51,Yuvraj Singh,58,36,5,2,161.11,CSK,Supersport Park,07 May 2009
51,52,Matthew Hayden,60,38,5,3,157.89,RCB,Kingsmead,14 May 2009
52,53,Suresh Raina,41,27,5,1,151.85,DC,Kingsmead,23 April 2009
53,54,Adam Gilchrist,43,31,5,2,138.70,KKR,New Wanderers Stadium,16 May 2009
54,55,Ajinkya Rahane,56,41,5,2,136.58,DC,Supersport Park,21 May 2009
55,56,Jacques Kallis,62,46,5,2,134.78,KXIP,Kingsmead,24 April 2009
56,57,Naman Ojha,68,51,5,5,133.33,KXIP,Kingsmead,05 May 2009
57,58,Sanath Jayasuriya,26,20,5,0,130.00,CSK,Newlands,18 April 2009
58,59,Rob Quiney,51,40,5,2,127.50,MI,Kingsmead,14 May 2009
59,60,Jacques Kallis,24,19,5,0,126.31,CSK,St George's Park,20 April 2009
60,61,Brad Hodge,73,60,5,3,121.66,MI,Buffalo Park,01 May 2009
61,62,Brad Hodge,48,41,5,0,117.07,DEC,New Wanderers Stadium,16 May 2009
62,63,Jacques Kallis,69,59,5,2,116.94,MI,New Wanderers Stadium,03 May 2009
63,64,Adam Gilchrist,39,35,5,2,111.42,RR,St George's Park,02 May 2009
64,65,Graeme Smith,44,46,5,0,95.65,DC,Supersport Park,28 April 2009
65,66,Abhishek Nayar,35,18,4,1,194.44,RR,Kingsmead,14 May 2009
66,67,Adam Gilchrist,23,13,4,1,176.92,KXIP,New Wanderers Stadium,17 May 2009
67,68,Sunny Sohal,30,17,4,1,176.47,DEC,De Beers Diamond Oval,09 May 2009
68,69,Brad Hodge,71,44,4,4,161.36,CSK,Supersport Park,18 May 2009
69,70,Suresh Raina,32,20,4,1,160.00,KXIP,Supersport Park,07 May 2009
70,71,Ross Taylor,35,22,4,2,159.09,KXIP,Kingsmead,24 April 2009
71,72,Matthew Hayden,30,19,4,1,157.89,DC,New Wanderers Stadium,02 May 2009
72,73,Andrew Symonds,33,21,4,1,157.14,RCB,New Wanderers Stadium,24 May 2009
73,74,Abhishek Raut,36,23,4,0,156.52,DEC,St George's Park,02 May 2009
74,75,Sourav Ganguly,46,30,4,2,153.33,RR,Newlands,23 April 2009
75,76,Abhishek Nayar,29,20,4,0,145.00,RCB,New Wanderers Stadium,03 May 2009
76,77,MS Dhoni,40,28,4,1,142.85,KKR,Supersport Park,18 May 2009
77,78,Ravi Bopara,84,59,4,5,142.37,RCB,Kingsmead,24 April 2009
78,79,Sachin Tendulkar,41,29,4,1,141.37,KXIP,Supersport Park,12 May 2009
79,80,Jacob Oram,41,29,4,2,141.37,DEC,Kingsmead,27 April 2009
80,81,Parthiv Patel,32,23,4,1,139.13,KXIP,Kingsmead,20 May 2009
81,82,Sachin Tendulkar,40,30,4,1,133.33,RR,Kingsmead,14 May 2009
82,83,Subramaniam Badrinath,45,34,4,2,132.35,DC,New Wanderers Stadium,02 May 2009
83,84,Parthiv Patel,25,19,4,0,131.57,KKR,Supersport Park,18 May 2009
84,85,Ravindra Jadeja,42,32,4,1,131.25,MI,Kingsmead,14 May 2009
85,86,Kumar Sangakkara,56,43,4,1,130.23,DEC,New Wanderers Stadium,17 May 2009
86,87,Ajinkya Rahane,62,49,4,1,126.53,RCB,St George's Park,10 May 2009
87,88,Jacques Kallis,27,22,4,0,122.72,KXIP,Kingsmead,01 May 2009
88,89,JP Duminy,47,40,4,2,117.50,DEC,Kingsmead,25 April 2009
89,90,JP Duminy,62,54,4,2,114.81,CSK,St George's Park,16 May 2009
90,91,Rahul Dravid,38,34,4,0,111.76,DC,New Wanderers Stadium,19 May 2009
91,92,George Bailey,30,27,4,0,111.11,KKR,Supersport Park,18 May 2009
92,93,Matthew Hayden,48,44,4,1,109.09,RR,De Beers Diamond Oval,09 May 2009
93,94,Virat Kohli,38,35,4,2,108.57,CSK,Kingsmead,14 May 2009
94,95,Subramaniam Badrinath,29,27,4,0,107.40,RR,Supersport Park,30 April 2009
95,96,Sanath Jayasuriya,29,27,4,0,107.40,RCB,St George's Park,10 May 2009
96,97,Kevin Pietersen,32,30,4,0,106.66,RR,Newlands,18 April 2009
97,98,Matthew Hayden,60,57,4,1,105.26,MI,St George's Park,16 May 2009
98,99,Jacques Kallis,32,34,4,1,94.11,KKR,Supersport Park,12 May 2009
99,100,JP Duminy,59,63,4,0,93.65,KXIP,Kingsmead,29 April 2009
