,POS,PLAYER,"
                                Runs
                            ","
                                BF
                            ","
                                4s
                            ","
                                6s
                            ","
                                SR
                            ","
                                Against
                            ","
                                Venue
                            ","
                                Match Date
                            "
0,1,David Hussey,25,7,2,2,357.14,DEC,New Wanderers Stadium,16 May 2009
1,2,MS Dhoni,24,6,2,2,400.00,KXIP,Supersport Park,07 May 2009
2,3,Adam Gilchrist,23,6,1,3,383.33,DC,Supersport Park,22 May 2009
3,4,Brendon McCullum,22,6,4,1,366.66,CSK,Supersport Park,18 May 2009
4,5,Rohit Sharma,22,6,2,2,366.66,KKR,New Wanderers Stadium,16 May 2009
5,6,Dwayne Bravo,21,6,2,2,350.00,KXIP,Supersport Park,12 May 2009
6,7,Abhishek Nayar,21,5,0,3,420.00,CSK,Newlands,18 April 2009
7,8,Naman Ojha,21,5,0,3,420.00,KKR,Kingsmead,20 May 2009
8,9,Adam Gilchrist,20,6,5,0,333.33,DC,Supersport Park,22 May 2009
9,10,Subramaniam Badrinath,20,6,3,1,333.33,RR,De Beers Diamond Oval,09 May 2009
10,11,Ravi Bopara,19,6,1,2,316.66,RCB,Kingsmead,24 April 2009
11,12,Matthew Hayden,19,5,3,1,380.00,RCB,St George's Park,20 April 2009
12,13,Andrew Symonds,19,5,1,2,380.00,KXIP,De Beers Diamond Oval,09 May 2009
13,14,Dwayne Smith,19,5,1,2,380.00,DC,Supersport Park,30 April 2009
14,15,Rohit Sharma,19,5,0,3,380.00,RCB,Newlands,22 April 2009
15,16,Ravindra Jadeja,19,6,2,1,316.66,KXIP,Kingsmead,05 May 2009
16,17,Matthew Hayden,18,5,1,2,360.00,DC,Kingsmead,23 April 2009
17,18,Matthew Hayden,18,6,0,3,300.00,KXIP,Supersport Park,07 May 2009
18,19,Jesse Ryder,18,6,4,0,300.00,KXIP,Kingsmead,24 April 2009
19,20,Manish Pandey,18,6,0,2,300.00,DEC,Supersport Park,21 May 2009
20,21,Adam Gilchrist,18,6,3,1,300.00,KXIP,New Wanderers Stadium,17 May 2009
21,22,Yusuf Pathan,18,5,1,2,360.00,DC,Supersport Park,28 April 2009
22,23,Abhishek Raut,18,6,1,2,300.00,KKR,Newlands,23 April 2009
23,24,Brendon McCullum,18,5,1,2,360.00,DC,Kingsmead,05 May 2009
24,25,Simon Katich,18,6,3,1,300.00,DC,OUTsurance Oval,15 May 2009
25,26,Simon Katich,18,5,0,3,360.00,CSK,Supersport Park,07 May 2009
26,27,Herschelle Gibbs,18,5,3,1,360.00,CSK,Kingsmead,27 April 2009
27,28,Suresh Raina,17,4,1,2,425.00,DEC,Buffalo Park,04 May 2009
28,29,Yuvraj Singh,17,5,2,1,340.00,CSK,Supersport Park,07 May 2009
29,30,Rahul Dravid,17,6,2,1,283.33,DEC,Newlands,22 April 2009
30,31,Albie Morkel,17,5,1,2,340.00,KKR,Supersport Park,18 May 2009
31,32,Rohit Sharma,17,5,1,2,340.00,KXIP,New Wanderers Stadium,17 May 2009
32,33,Herschelle Gibbs,17,4,1,2,425.00,RCB,Supersport Park,21 May 2009
33,34,Jacob Oram,17,4,1,2,425.00,DEC,Kingsmead,27 April 2009
34,35,Dwayne Bravo,17,5,0,2,340.00,RCB,New Wanderers Stadium,03 May 2009
35,36,Adam Gilchrist,17,5,4,0,340.00,DC,Kingsmead,13 May 2009
36,37,Yuvraj Singh,17,5,1,2,340.00,RR,Kingsmead,05 May 2009
37,38,Ravi Bopara,16,5,0,2,320.00,RCB,Kingsmead,24 April 2009
38,39,Manish Pandey,16,6,2,1,266.66,DEC,Supersport Park,21 May 2009
39,40,Adam Gilchrist,16,6,1,2,266.66,CSK,Kingsmead,27 April 2009
40,41,Roelof van der Merwe,16,4,1,2,400.00,KXIP,Kingsmead,01 May 2009
41,42,Dwayne Smith,16,6,1,2,266.66,CSK,Buffalo Park,04 May 2009
42,43,Naman Ojha,16,6,1,2,266.66,KXIP,Kingsmead,05 May 2009
43,44,Matthew Hayden,16,6,1,2,266.66,KXIP,Supersport Park,07 May 2009
44,45,Ross Taylor,15,5,3,0,300.00,KKR,Supersport Park,12 May 2009
45,46,Mahela Jayawardene,15,4,0,2,375.00,DEC,De Beers Diamond Oval,09 May 2009
46,47,Brendon McCullum,15,4,0,2,375.00,RCB,Supersport Park,12 May 2009
47,48,Suresh Raina,15,5,2,1,300.00,KXIP,Supersport Park,07 May 2009
48,49,Kumar Sangakkara,15,5,2,0,300.00,DEC,New Wanderers Stadium,17 May 2009
49,50,Brendon McCullum,15,5,3,0,300.00,RCB,Supersport Park,12 May 2009
50,51,Rohit Sharma,15,5,2,1,300.00,KKR,Newlands,19 April 2009
51,52,Ross Taylor,15,5,0,2,300.00,KKR,Supersport Park,12 May 2009
52,53,Sourav Ganguly,15,4,0,2,375.00,RR,Newlands,23 April 2009
53,54,Sachin Tendulkar,15,4,2,1,375.00,DEC,Kingsmead,25 April 2009
54,55,Chris Gayle,15,5,2,1,300.00,KXIP,Kingsmead,21 April 2009
55,56,Dwayne Smith,15,6,3,0,250.00,DC,Supersport Park,30 April 2009
56,57,Brad Hodge,15,5,3,0,300.00,KXIP,St George's Park,03 May 2009
57,58,Adam Gilchrist,15,4,2,1,375.00,DC,Supersport Park,22 May 2009
58,59,Subramaniam Badrinath,14,5,2,1,280.00,DC,New Wanderers Stadium,02 May 2009
59,60,Sanath Jayasuriya,14,5,1,1,280.00,CSK,St George's Park,16 May 2009
60,61,Mark Boucher,14,5,1,1,280.00,MI,St George's Park,10 May 2009
61,62,Brad Hodge,14,6,2,1,233.33,RCB,Kingsmead,29 April 2009
62,63,Matthew Hayden,14,5,3,0,280.00,MI,Newlands,18 April 2009
63,64,Harbhajan Singh,14,4,0,2,350.00,KKR,St George's Park,27 April 2009
64,65,Sanath Jayasuriya,14,5,2,1,280.00,CSK,St George's Park,16 May 2009
65,66,JP Duminy,14,4,0,2,350.00,KKR,Buffalo Park,01 May 2009
66,67,Mahela Jayawardene,14,5,1,1,280.00,CSK,Supersport Park,07 May 2009
67,68,Brendon McCullum,14,5,2,1,280.00,CSK,Supersport Park,18 May 2009
68,69,Suresh Raina,14,4,0,2,350.00,KKR,Supersport Park,18 May 2009
69,70,JP Duminy,14,4,0,2,350.00,KKR,Buffalo Park,01 May 2009
70,71,Matthew Hayden,14,5,3,0,280.00,RCB,Kingsmead,14 May 2009
71,72,Sanath Jayasuriya,14,5,0,2,280.00,KKR,St George's Park,27 April 2009
72,73,Naman Ojha,14,3,2,1,466.66,RCB,Supersport Park,07 May 2009
73,74,Mahela Jayawardene,14,5,1,1,280.00,KKR,Kingsmead,21 April 2009
74,75,Brad Hodge,14,4,0,2,350.00,CSK,Supersport Park,18 May 2009
75,76,Tirumalasetti Suman,14,4,1,1,350.00,DC,Supersport Park,30 April 2009
76,77,Virat Kohli,14,3,0,2,466.66,DEC,Supersport Park,21 May 2009
77,78,Adam Gilchrist,14,5,2,1,280.00,RCB,Newlands,22 April 2009
78,79,Sachin Tendulkar,14,5,3,0,280.00,RR,Kingsmead,14 May 2009
79,80,Jacques Kallis,13,5,1,1,260.00,DC,New Wanderers Stadium,19 May 2009
80,81,Manish Pandey,13,5,3,0,260.00,CSK,New Wanderers Stadium,23 May 2009
81,82,Sanath Jayasuriya,13,3,1,1,433.33,RCB,New Wanderers Stadium,03 May 2009
82,83,Abhishek Nayar,13,5,2,0,260.00,RR,Kingsmead,14 May 2009
83,84,Suresh Raina,13,3,0,2,433.33,RR,Supersport Park,30 April 2009
84,85,Adam Gilchrist,13,4,1,1,325.00,DC,Supersport Park,22 May 2009
85,86,Ajinkya Rahane,13,6,1,1,216.66,DC,Supersport Park,21 May 2009
86,87,Adam Gilchrist,13,5,0,2,260.00,DC,Kingsmead,13 May 2009
87,88,Yuvraj Singh,13,4,1,1,325.00,RCB,Kingsmead,24 April 2009
88,89,Adam Gilchrist,13,5,0,2,260.00,RCB,Newlands,22 April 2009
89,90,Tirumalasetti Suman,13,4,0,2,325.00,MI,Supersport Park,06 May 2009
90,91,Luke Pomersbach,13,6,1,1,216.66,CSK,Kingsmead,20 May 2009
91,92,Adam Gilchrist,13,5,0,2,260.00,KKR,New Wanderers Stadium,16 May 2009
92,93,Robin Uthappa,13,4,3,0,325.00,MI,New Wanderers Stadium,03 May 2009
93,94,Andrew Flintoff,13,6,1,1,216.66,MI,Newlands,18 April 2009
94,95,Yusuf Pathan,13,4,0,2,325.00,DEC,St George's Park,02 May 2009
95,96,Shane Warne,13,4,0,2,325.00,DEC,St George's Park,02 May 2009
96,97,LA Carseldine,13,6,3,0,216.66,DEC,St George's Park,02 May 2009
97,98,Irfan Pathan,13,5,1,1,260.00,KKR,Kingsmead,21 April 2009
98,99,Jacques Kallis,13,4,0,2,325.00,MI,New Wanderers Stadium,03 May 2009
99,100,Robin Uthappa,13,4,1,1,325.00,MI,New Wanderers Stadium,03 May 2009
