,POS,PLAYER,"
                                Runs
                            ","
                                BF
                            ","
                                4s
                            ","
                                6s
                            ","
                                SR
                            ","
                                Against
                            ","
                                Venue
                            ","
                                Match Date
                            "
0,1,Yusuf Pathan,62,30,3,6,206.66,DC,Supersport Park,28 April 2009
1,2,Matthew Hayden,89,58,8,6,153.44,KXIP,Supersport Park,07 May 2009
2,3,Ross Taylor,81,33,7,5,245.45,KKR,Supersport Park,12 May 2009
3,4,Adam Gilchrist,85,35,10,5,242.85,DC,Supersport Park,22 May 2009
4,5,Dwayne Smith,49,23,2,5,213.04,CSK,Buffalo Park,04 May 2009
5,6,Adam Gilchrist,64,33,5,5,193.93,DC,Kingsmead,13 May 2009
6,7,Suresh Raina,98,55,10,5,178.18,RR,Supersport Park,30 April 2009
7,8,Rohit Sharma,52,30,1,5,173.33,RCB,Newlands,22 April 2009
8,9,Adam Gilchrist,71,45,6,5,157.77,RCB,Newlands,22 April 2009
9,10,Ravi Bopara,84,59,4,5,142.37,RCB,Kingsmead,24 April 2009
10,11,Naman Ojha,68,51,5,5,133.33,KXIP,Kingsmead,05 May 2009
11,12,David Hussey,43,17,2,4,252.94,DEC,New Wanderers Stadium,16 May 2009
12,13,Simon Katich,50,25,3,4,200.00,CSK,Supersport Park,07 May 2009
13,14,Chris Gayle,44,26,2,4,169.23,KXIP,Kingsmead,21 April 2009
14,15,Andrew Symonds,60,36,2,4,166.66,KXIP,De Beers Diamond Oval,09 May 2009
15,16,Sanath Jayasuriya,52,32,2,4,162.50,KKR,St George's Park,27 April 2009
16,17,Brad Hodge,71,44,4,4,161.36,CSK,Supersport Park,18 May 2009
17,18,Manish Pandey,114,73,10,4,156.16,DEC,Supersport Park,21 May 2009
18,19,Sachin Tendulkar,68,45,6,4,151.11,KKR,St George's Park,27 April 2009
19,20,Yuvraj Singh,50,34,3,4,147.05,RCB,Kingsmead,01 May 2009
20,21,Dwayne Smith,47,32,0,4,146.87,RR,De Beers Diamond Oval,11 May 2009
21,22,JP Duminy,52,37,1,4,140.54,KKR,Buffalo Park,01 May 2009
22,23,Herschelle Gibbs,60,43,3,4,139.53,RCB,Supersport Park,21 May 2009
23,24,Chris Gayle,41,33,2,4,124.24,RR,Newlands,23 April 2009
24,25,Abhishek Nayar,35,14,2,3,250.00,CSK,Newlands,18 April 2009
25,26,Adam Gilchrist,44,19,5,3,231.57,CSK,Kingsmead,27 April 2009
26,27,Matthew Hayden,57,27,5,3,211.11,DC,Kingsmead,23 April 2009
27,28,Ross Taylor,25,12,1,3,208.33,DC,New Wanderers Stadium,19 May 2009
28,29,Irfan Pathan,21,11,0,3,190.90,DC,OUTsurance Oval,15 May 2009
29,30,Sunny Sohal,43,23,5,3,186.95,MI,Supersport Park,12 May 2009
30,31,Roelof van der Merwe,35,19,3,3,184.21,KXIP,Kingsmead,01 May 2009
31,32,Naman Ojha,22,12,0,3,183.33,KKR,Kingsmead,20 May 2009
32,33,K Goel,38,21,3,3,180.95,DC,Newlands,19 April 2009
33,34,Adam Gilchrist,35,20,3,3,175.00,MI,Kingsmead,25 April 2009
34,35,Brendon McCullum,81,48,11,3,168.75,CSK,Supersport Park,18 May 2009
35,36,Matthew Hayden,43,26,5,3,165.38,DEC,Buffalo Park,04 May 2009
36,37,Rohit Sharma,42,26,3,3,161.53,KXIP,New Wanderers Stadium,17 May 2009
37,38,Matthew Hayden,60,38,5,3,157.89,RCB,Kingsmead,14 May 2009
38,39,Mahela Jayawardene,43,28,1,3,153.57,DEC,De Beers Diamond Oval,09 May 2009
39,40,Roelof van der Merwe,32,21,1,3,152.38,DEC,New Wanderers Stadium,24 May 2009
40,41,Sunny Sohal,25,17,0,3,147.05,KKR,St George's Park,03 May 2009
41,42,Suresh Raina,52,36,3,3,144.44,KKR,Supersport Park,18 May 2009
42,43,JP Duminy,59,41,2,3,143.90,RCB,St George's Park,10 May 2009
43,44,Naman Ojha,52,38,3,3,136.84,RCB,Supersport Park,07 May 2009
44,45,Yuvraj Singh,48,37,3,3,129.72,RR,Kingsmead,05 May 2009
45,46,Brad Hodge,73,60,5,3,121.66,MI,Buffalo Park,01 May 2009
46,47,Brendon McCullum,35,29,1,3,120.68,DC,Kingsmead,05 May 2009
47,48,Dwayne Bravo,70,59,7,3,118.64,KXIP,Supersport Park,12 May 2009
48,49,Harbhajan Singh,20,8,1,2,250.00,DEC,Kingsmead,25 April 2009
49,50,Rohit Sharma,32,13,3,2,246.15,KKR,New Wanderers Stadium,16 May 2009
50,51,Praveen Kumar,14,6,0,2,233.33,DEC,Newlands,22 April 2009
51,52,Harbhajan Singh,18,8,1,2,225.00,KKR,St George's Park,27 April 2009
52,53,Virat Kohli,19,9,0,2,211.11,DEC,Supersport Park,21 May 2009
53,54,Albie Morkel,21,10,1,2,210.00,KKR,Supersport Park,18 May 2009
54,55,MS Dhoni,56,27,7,2,207.40,KXIP,Supersport Park,07 May 2009
55,56,Yusuf Pathan,42,21,6,2,200.00,KKR,Newlands,23 April 2009
56,57,Andrew Symonds,41,22,3,2,186.36,DC,Kingsmead,13 May 2009
57,58,Matthew Hayden,65,35,9,2,185.71,RCB,St George's Park,20 April 2009
58,59,Rahul Dravid,48,27,5,2,177.77,DEC,Newlands,22 April 2009
59,60,Sanath Jayasuriya,30,17,3,2,176.47,CSK,St George's Park,16 May 2009
60,61,Mahela Jayawardene,44,25,3,2,176.00,CSK,Supersport Park,07 May 2009
61,62,Dwayne Smith,48,28,5,2,171.42,DC,Supersport Park,30 April 2009
62,63,Yusuf Pathan,24,14,2,2,171.42,DEC,St George's Park,02 May 2009
63,64,Suresh Raina,32,19,1,2,168.42,DEC,Buffalo Park,04 May 2009
64,65,Suresh Raina,20,12,2,2,166.66,MI,St George's Park,16 May 2009
65,66,Abhishek Raut,21,13,1,2,161.53,KKR,Newlands,23 April 2009
66,67,Yuvraj Singh,58,36,5,2,161.11,CSK,Supersport Park,07 May 2009
67,68,David Hussey,43,27,3,2,159.25,RCB,Supersport Park,12 May 2009
68,69,Ross Taylor,35,22,4,2,159.09,KXIP,Kingsmead,24 April 2009
69,70,Dwayne Smith,35,22,2,2,159.09,MI,Kingsmead,25 April 2009
70,71,Tirumalasetti Suman,27,17,1,2,158.82,KXIP,De Beers Diamond Oval,09 May 2009
71,72,Robin Uthappa,66,42,8,2,157.14,MI,New Wanderers Stadium,03 May 2009
72,73,Tirumalasetti Suman,20,13,1,2,153.84,MI,Supersport Park,06 May 2009
73,74,Sourav Ganguly,46,30,4,2,153.33,RR,Newlands,23 April 2009
74,75,Pinal Shah,29,19,3,2,152.63,DEC,Supersport Park,06 May 2009
75,76,Suresh Raina,32,21,2,2,152.38,DC,New Wanderers Stadium,02 May 2009
76,77,Kevin Pietersen,37,25,2,2,148.00,DC,St George's Park,26 April 2009
77,78,Yuvraj Singh,16,11,0,2,145.45,DC,Newlands,19 April 2009
78,79,Mark Boucher,48,33,1,2,145.45,MI,St George's Park,10 May 2009
79,80,Ross Taylor,17,12,0,2,141.66,CSK,New Wanderers Stadium,23 May 2009
80,81,Jacob Oram,41,29,4,2,141.37,DEC,Kingsmead,27 April 2009
81,82,Virat Kohli,24,17,1,2,141.17,CSK,New Wanderers Stadium,23 May 2009
82,83,Adam Gilchrist,43,31,5,2,138.70,KKR,New Wanderers Stadium,16 May 2009
83,84,MS Dhoni,36,26,1,2,138.46,MI,Newlands,18 April 2009
84,85,Ravi Bopara,22,16,0,2,137.50,DC,Newlands,19 April 2009
85,86,Ajinkya Rahane,56,41,5,2,136.58,DC,Supersport Park,21 May 2009
86,87,Yuvraj Singh,38,28,3,2,135.71,KKR,Kingsmead,21 April 2009
87,88,Jacques Kallis,62,46,5,2,134.78,KXIP,Kingsmead,24 April 2009
88,89,Ajit Agarkar,39,29,3,2,134.48,DC,New Wanderers Stadium,10 May 2009
89,90,Sachin Tendulkar,36,27,3,2,133.33,DEC,Kingsmead,25 April 2009
90,91,Subramaniam Badrinath,45,34,4,2,132.35,DC,New Wanderers Stadium,02 May 2009
91,92,Herschelle Gibbs,58,44,6,2,131.81,MI,Kingsmead,25 April 2009
92,93,Suresh Raina,25,19,1,2,131.57,DEC,Kingsmead,27 April 2009
93,94,Brendon McCullum,84,64,10,2,131.25,RCB,Supersport Park,12 May 2009
94,95,Brendon McCullum,21,16,1,2,131.25,KXIP,Kingsmead,21 April 2009
95,96,Mark Boucher,36,28,2,2,128.57,DC,St George's Park,26 April 2009
96,97,R Bishnoi,18,14,1,2,128.57,KXIP,Kingsmead,01 May 2009
97,98,Venugopal Rao,32,25,1,2,128.00,KXIP,De Beers Diamond Oval,09 May 2009
98,99,Rob Quiney,51,40,5,2,127.50,MI,Kingsmead,14 May 2009
99,100,Dwayne Bravo,50,40,1,2,125.00,RCB,New Wanderers Stadium,03 May 2009
