,POS,PLAYER,"
                                Ov
                            ","
                                Runs
                            ","
                                Wkts
                            ","
                                SR
                            ","
                                Against
                            ","
                                Venue
                            ","
                                Match Date
                            "
0,1,Mashrafe Mortaza,4,58,0,-,DEC,New Wanderers Stadium,16 May 2009
1,2,Chaminda Vaas,4,52,2,12.00,DC,Kingsmead,13 May 2009
2,3,Jacques Kallis,4,51,1,24.00,KXIP,Kingsmead,24 April 2009
3,4,Andrew Flintoff,4,50,0,-,DC,Kingsmead,23 April 2009
4,5,RP Singh,4,47,1,24.00,RCB,Supersport Park,21 May 2009
5,6,Ajit Agarkar,4,45,0,-,CSK,Supersport Park,18 May 2009
6,7,Praveen Kumar,4,45,0,-,DEC,Supersport Park,21 May 2009
7,8,Manpreet Gony,4,45,1,24.00,DC,Kingsmead,23 April 2009
8,9,Ajit Agarkar,4,45,1,24.00,RCB,Supersport Park,12 May 2009
9,10,Dhawal Kulkarni,4,45,1,24.00,CSK,St George's Park,16 May 2009
10,11,Harmeet Singh Bansal,4,44,0,-,RCB,Newlands,22 April 2009
11,12,Shanthakumaran Sreesanth,4,44,0,-,RR,Kingsmead,05 May 2009
12,13,Andrew Flintoff,4,44,1,24.00,MI,Newlands,18 April 2009
13,14,YA Abdulla,3,44,0,-,RR,Kingsmead,05 May 2009
14,15,Ishant Sharma,4,43,0,-,DC,Kingsmead,05 May 2009
15,16,Praveen Kumar,4,43,0,-,DEC,New Wanderers Stadium,24 May 2009
16,17,Ishant Sharma,4,43,0,-,KKR,Kingsmead,05 May 2009
17,18,Irfan Pathan,4,42,0,-,DEC,De Beers Diamond Oval,09 May 2009
18,19,Abhimanyu Mithun,4,42,0,-,MI,St George's Park,10 May 2009
19,20,Amit Mishra,4,42,0,-,MI,Supersport Park,21 May 2009
20,21,Ajit Agarkar,4,41,0,-,DEC,New Wanderers Stadium,16 May 2009
21,22,Lakshmipathy Balaji,4,41,1,24.00,KXIP,Supersport Park,07 May 2009
22,23,Albie Morkel,4,41,1,24.00,DC,Kingsmead,23 April 2009
23,24,Lakshmipathy Balaji,3.3,41,1,21.00,DEC,Kingsmead,27 April 2009
24,25,Jacques Kallis,4,40,0,-,KKR,Supersport Park,12 May 2009
25,26,Ishant Sharma,4,40,0,-,RCB,Supersport Park,12 May 2009
26,27,Ishant Sharma,4,40,0,-,RCB,Supersport Park,12 May 2009
27,28,Irfan Pathan,4,40,1,24.00,RR,Kingsmead,05 May 2009
28,29,Harmeet Singh Bansal,3.5,40,0,-,KKR,New Wanderers Stadium,16 May 2009
29,30,Lakshmipathy Balaji,3,40,0,-,KKR,Supersport Park,18 May 2009
30,31,Ryan Harris,4,39,0,-,CSK,Buffalo Park,04 May 2009
31,32,Ajantha Mendis,4,39,0,-,MI,St George's Park,27 April 2009
32,33,Anil Kumble,4,39,0,-,DEC,Newlands,22 April 2009
33,34,Munaf Patel,4,39,2,12.00,DC,OUTsurance Oval,17 May 2009
34,35,Albie Morkel,3,39,0,-,KKR,Supersport Park,18 May 2009
35,36,Amit Mishra,3,39,0,-,DEC,Kingsmead,13 May 2009
36,37,Ajantha Mendis,4,38,0,-,CSK,Supersport Park,18 May 2009
37,38,Irfan Pathan,4,38,1,24.00,CSK,Supersport Park,07 May 2009
38,39,Lasith Malinga,4,38,1,24.00,DC,Supersport Park,21 May 2009
39,40,Vinay Kumar,4,38,2,12.00,CSK,New Wanderers Stadium,23 May 2009
40,41,Shane Warne,3,38,2,9.00,KXIP,Kingsmead,05 May 2009
41,42,Irfan Pathan,4,37,0,-,KKR,St George's Park,03 May 2009
42,43,Shane Warne,4,37,0,-,KXIP,Newlands,26 April 2009
43,44,Muttiah Muralitharan,4,37,0,-,KXIP,Supersport Park,07 May 2009
44,45,Shanthakumaran Sreesanth,4,37,1,24.00,CSK,Supersport Park,07 May 2009
45,46,Shanthakumaran Sreesanth,4,37,1,24.00,DEC,De Beers Diamond Oval,09 May 2009
46,47,Lasith Malinga,4,37,1,24.00,RCB,St George's Park,10 May 2009
47,48,Praveen Kumar,4,37,1,24.00,DEC,Newlands,22 April 2009
48,49,Praveen Kumar,4,37,2,12.00,CSK,St George's Park,20 April 2009
49,50,Jacques Kallis,3,37,0,-,DC,St George's Park,26 April 2009
50,51,Moises Henriques,4,36,0,-,DC,Kingsmead,05 May 2009
51,52,Praveen Kumar,4,36,0,-,KXIP,Kingsmead,24 April 2009
52,53,Shadab Jakati,4,36,1,24.00,KKR,Supersport Park,18 May 2009
53,54,Shane Warne,4,36,1,24.00,DEC,De Beers Diamond Oval,11 May 2009
54,55,RP Singh,4,36,1,24.00,CSK,Buffalo Park,04 May 2009
55,56,Ishant Sharma,4,36,2,12.00,KKR,Newlands,23 April 2009
56,57,Ishant Sharma,4,36,2,12.00,RR,Newlands,23 April 2009
57,58,YA Abdulla,4,36,4,6.00,RCB,Kingsmead,01 May 2009
58,59,Albie Morkel,3,36,1,18.00,KXIP,Supersport Park,07 May 2009
59,60,Munaf Patel,3,36,1,18.00,KKR,Newlands,23 April 2009
60,61,Dhawal Kulkarni,3,36,1,18.00,DC,Supersport Park,21 May 2009
61,62,VRV Singh,2,36,0,-,CSK,Supersport Park,07 May 2009
62,63,Dale Steyn,4,35,1,24.00,CSK,St George's Park,20 April 2009
63,64,Kamran Khan,4,35,1,24.00,DC,Supersport Park,28 April 2009
64,65,Moises Henriques,4,35,1,24.00,DC,New Wanderers Stadium,10 May 2009
65,66,Venugopal Rao,4,35,1,24.00,CSK,Kingsmead,27 April 2009
66,67,Shadab Jakati,4,35,2,12.00,RR,De Beers Diamond Oval,09 May 2009
67,68,Anureet Singh,4,35,2,12.00,RR,Newlands,23 April 2009
68,69,Irfan Pathan,4,35,3,8.00,RCB,Kingsmead,24 April 2009
69,70,Praveen Kumar,3.4,35,1,22.00,CSK,Kingsmead,14 May 2009
70,71,Siddharth Trivedi,3,35,0,-,CSK,Supersport Park,30 April 2009
71,72,Kamran Khan,2.4,35,0,-,CSK,Supersport Park,30 April 2009
72,73,Amit Mishra,4.1,34,3,8.33,RR,Supersport Park,28 April 2009
73,74,Zaheer Khan,4,34,0,-,CSK,Newlands,18 April 2009
74,75,Ashok Dinda,4,34,1,24.00,KXIP,Kingsmead,21 April 2009
75,76,Ryan Harris,4,34,1,24.00,RCB,New Wanderers Stadium,24 May 2009
76,77,Sanath Jayasuriya,4,34,2,12.00,CSK,Newlands,18 April 2009
77,78,Yusuf Pathan,4,34,3,8.00,DEC,De Beers Diamond Oval,11 May 2009
78,79,Dwayne Bravo,4,34,3,8.00,DEC,Kingsmead,25 April 2009
79,80,Venugopal Rao,4,33,0,-,MI,Kingsmead,25 April 2009
80,81,Muttiah Muralitharan,4,33,0,-,RR,Supersport Park,30 April 2009
81,82,YA Abdulla,4,33,1,24.00,KKR,St George's Park,03 May 2009
82,83,RP Singh,4,33,2,12.00,DC,Supersport Park,22 May 2009
83,84,Vinay Kumar,4,33,2,12.00,KKR,Supersport Park,12 May 2009
84,85,Amit Mishra,4,33,3,8.00,RR,OUTsurance Oval,17 May 2009
85,86,Ramesh Powar,3,33,1,18.00,RR,Kingsmead,05 May 2009
86,87,Siddharth Trivedi,3,33,1,18.00,DEC,De Beers Diamond Oval,11 May 2009
87,88,Vinay Kumar,4,32,0,-,MI,New Wanderers Stadium,03 May 2009
88,89,Johan Botha,4,32,0,-,MI,Kingsmead,14 May 2009
89,90,Anil Kumble,4,32,0,-,MI,St George's Park,10 May 2009
90,91,Zaheer Khan,4,32,0,-,DEC,Kingsmead,25 April 2009
91,92,C Nanda,4,32,1,24.00,RCB,St George's Park,10 May 2009
92,93,Piyush Chawla,4,32,1,24.00,MI,Supersport Park,12 May 2009
93,94,Moises Henriques,4,32,1,24.00,KXIP,Kingsmead,21 April 2009
94,95,T Thushara,4,32,1,24.00,MI,Newlands,18 April 2009
95,96,Roelof van der Merwe,4,32,1,24.00,DEC,Supersport Park,21 May 2009
96,97,Amit Mishra,4,32,1,24.00,DEC,Supersport Park,30 April 2009
97,98,Albie Morkel,4,32,1,24.00,DC,New Wanderers Stadium,02 May 2009
98,99,Lasith Malinga,4,32,1,24.00,KXIP,Supersport Park,12 May 2009
99,100,Lakshmipathy Balaji,4,32,1,24.00,RCB,Kingsmead,14 May 2009
