,POS,PLAYER,"
                                Ov
                            ","
                                Maid
                            ","
                                Dots
                            ","
                                Runs
                            ","
                                Wkts
                            ","
                                SR
                            ","
                                Against
                            ","
                                Venue
                            ","
                                Match Date
                            "
0,1,Munaf Patel,4,0,19,14,2,12.00,KKR,Kingsmead,20 May 2009
1,2,Ashok Dinda,4,0,17,12,0,-,RR,Kingsmead,20 May 2009
2,3,Muttiah Muralitharan,4,0,16,8,2,12.00,KXIP,Kingsmead,20 May 2009
3,4,Muttiah Muralitharan,4,1,16,11,3,8.00,RCB,St George's Park,20 April 2009
4,5,Albie Morkel,4,0,16,13,2,12.00,RCB,Kingsmead,14 May 2009
5,6,Brett Lee,4,1,16,15,3,8.00,DC,OUTsurance Oval,15 May 2009
6,7,Charl Langeveldt,4,0,16,15,3,8.00,RR,Kingsmead,20 May 2009
7,8,Lasith Malinga,4,1,16,19,3,8.00,DEC,Kingsmead,25 April 2009
8,9,Ishant Sharma,4,0,16,29,1,24.00,KKR,St George's Park,27 April 2009
9,10,Ishant Sharma,4,0,16,29,1,24.00,MI,St George's Park,27 April 2009
10,11,Amit Singh,4,0,15,9,3,8.00,KXIP,Kingsmead,05 May 2009
11,12,Harbhajan Singh,4,0,15,9,1,24.00,KXIP,Supersport Park,12 May 2009
12,13,Praveen Kumar,3,0,15,7,2,9.00,RR,Newlands,18 April 2009
13,14,Yuvraj Singh,4,0,15,13,3,8.00,DEC,New Wanderers Stadium,17 May 2009
14,15,Amit Mishra,4,0,15,14,3,8.00,KKR,New Wanderers Stadium,10 May 2009
15,16,Ajit Agarkar,4,0,15,15,2,12.00,RR,Kingsmead,20 May 2009
16,17,Muttiah Muralitharan,4,0,15,16,1,24.00,KKR,Supersport Park,18 May 2009
17,18,RP Singh,4,1,15,18,2,12.00,RR,St George's Park,02 May 2009
18,19,YA Abdulla,4,0,15,19,2,12.00,MI,Kingsmead,29 April 2009
19,20,Yusuf Pathan,4,0,15,19,1,24.00,DEC,St George's Park,02 May 2009
20,21,Dimitri Mascarenhas,4,0,15,20,3,8.00,RCB,Newlands,18 April 2009
21,22,Brett Lee,4,0,15,25,1,24.00,MI,Supersport Park,12 May 2009
22,23,SM Harwood,4,0,15,26,1,24.00,KXIP,Kingsmead,05 May 2009
23,24,Ryan Harris,4,1,15,27,3,8.00,DC,Supersport Park,22 May 2009
24,25,Anil Kumble,4,0,14,12,2,12.00,CSK,Kingsmead,14 May 2009
25,26,Murali Kartik,4,0,14,12,1,24.00,DEC,New Wanderers Stadium,16 May 2009
26,27,Jesse Ryder,4,0,14,14,2,12.00,RR,Newlands,18 April 2009
27,28,Ishant Sharma,4,0,14,15,2,12.00,RCB,Kingsmead,29 April 2009
28,29,Kamran Khan,4,0,14,15,2,12.00,KXIP,Newlands,26 April 2009
29,30,Ishant Sharma,4,0,14,15,2,12.00,RCB,Kingsmead,29 April 2009
30,31,Brett Lee,4,0,14,16,0,-,CSK,Kingsmead,20 May 2009
31,32,Shane Warne,4,0,14,18,2,12.00,RCB,Newlands,18 April 2009
32,33,Amit Mishra,4,1,14,18,0,-,KKR,Kingsmead,05 May 2009
33,34,Amit Singh,4,0,14,19,4,6.00,RCB,Supersport Park,07 May 2009
34,35,Chaminda Vaas,4,0,14,19,2,12.00,RR,De Beers Diamond Oval,11 May 2009
35,36,Irfan Pathan,4,0,14,19,2,12.00,RCB,Kingsmead,01 May 2009
36,37,Shanthakumaran Sreesanth,4,0,14,20,2,12.00,DC,OUTsurance Oval,15 May 2009
37,38,Shoaib Ahmed,4,0,14,20,2,12.00,DC,Supersport Park,30 April 2009
38,39,YA Abdulla,4,0,14,21,3,8.00,RR,Newlands,26 April 2009
39,40,RP Singh,4,0,14,22,1,24.00,RR,De Beers Diamond Oval,11 May 2009
40,41,RP Singh,3.4,0,14,22,4,5.50,KKR,Newlands,19 April 2009
41,42,Muttiah Muralitharan,4,0,14,24,1,24.00,RCB,Kingsmead,14 May 2009
42,43,RP Singh,4,0,14,27,2,12.00,MI,Kingsmead,25 April 2009
43,44,Shane Warne,4,0,14,27,1,24.00,CSK,De Beers Diamond Oval,09 May 2009
44,45,Dimitri Mascarenhas,4,1,14,29,1,24.00,KKR,Newlands,23 April 2009
45,46,Lasith Malinga,4,0,14,32,1,24.00,KXIP,Supersport Park,12 May 2009
46,47,Anureet Singh,4,0,14,35,2,12.00,RR,Newlands,23 April 2009
47,48,Anil Kumble,3.1,1,13,5,5,3.80,RR,Newlands,18 April 2009
48,49,Pragyan Ojha,4,0,13,14,2,12.00,KKR,Newlands,19 April 2009
49,50,Lasith Malinga,4,0,13,15,3,8.00,CSK,Newlands,18 April 2009
50,51,JP Duminy,4,0,13,15,2,12.00,KXIP,Supersport Park,12 May 2009
51,52,Muttiah Muralitharan,4,0,13,15,1,24.00,RCB,New Wanderers Stadium,23 May 2009
52,53,RP Singh,4,0,13,17,2,12.00,RCB,Newlands,22 April 2009
53,54,Ishant Sharma,3,0,13,13,0,-,DEC,Newlands,19 April 2009
54,55,Ishant Sharma,3,0,13,13,0,-,DEC,Newlands,19 April 2009
55,56,Amit Mishra,4,0,13,19,3,8.00,DEC,Supersport Park,22 May 2009
56,57,Johan Botha,4,0,13,19,2,12.00,KKR,Kingsmead,20 May 2009
57,58,RP Singh,4,0,13,19,2,12.00,MI,Supersport Park,06 May 2009
58,59,Lasith Malinga,4,0,13,19,1,24.00,CSK,St George's Park,16 May 2009
59,60,Siddharth Trivedi,4,0,13,20,1,24.00,KXIP,Kingsmead,05 May 2009
60,61,Laxmi Ratan Shukla,4,0,13,20,0,-,RR,Kingsmead,20 May 2009
61,62,Dhawal Kulkarni,4,0,13,21,1,24.00,DEC,Supersport Park,06 May 2009
62,63,Yuvraj Singh,4,0,13,22,3,8.00,RCB,Kingsmead,01 May 2009
63,64,Munaf Patel,3.5,0,13,22,2,11.50,MI,Kingsmead,14 May 2009
64,65,Shanthakumaran Sreesanth,4,0,13,23,2,12.00,CSK,Kingsmead,20 May 2009
65,66,Munaf Patel,4,0,13,24,2,12.00,KXIP,Newlands,26 April 2009
66,67,Brett Lee,4,0,13,24,1,24.00,DEC,De Beers Diamond Oval,09 May 2009
67,68,Ishant Sharma,4,0,13,24,1,24.00,KXIP,Kingsmead,21 April 2009
68,69,Ishant Sharma,4,0,13,24,1,24.00,KXIP,Kingsmead,21 April 2009
69,70,SM Harwood,4,0,13,25,2,12.00,DEC,St George's Park,02 May 2009
70,71,Praveen Kumar,4,0,13,27,2,12.00,KXIP,Kingsmead,01 May 2009
71,72,Dwayne Bravo,4,0,13,27,1,24.00,CSK,Newlands,18 April 2009
72,73,Ashok Dinda,4,0,13,29,1,24.00,CSK,Supersport Park,18 May 2009
73,74,Praveen Kumar,4,0,13,31,0,-,RR,Supersport Park,07 May 2009
74,75,Ryan Harris,4,1,13,34,1,24.00,RCB,New Wanderers Stadium,24 May 2009
75,76,Lasith Malinga,4,0,12,12,2,12.00,KXIP,Kingsmead,29 April 2009
76,77,Munaf Patel,4,1,12,14,2,12.00,DC,Supersport Park,28 April 2009
77,78,Anil Kumble,4,0,12,16,4,6.00,DEC,New Wanderers Stadium,24 May 2009
78,79,Anil Kumble,4,0,12,16,2,12.00,KKR,Kingsmead,29 April 2009
79,80,Harbhajan Singh,4,0,12,17,4,6.00,DC,Supersport Park,21 May 2009
80,81,Jacques Kallis,4,1,12,18,2,12.00,CSK,Kingsmead,14 May 2009
81,82,Lakshmipathy Balaji,4,0,12,19,3,8.00,DC,Kingsmead,23 April 2009
82,83,Muttiah Muralitharan,4,0,12,19,0,-,MI,St George's Park,16 May 2009
83,84,Ryan Harris,4,0,12,20,2,12.00,KKR,New Wanderers Stadium,16 May 2009
84,85,Jacques Kallis,4,0,12,20,1,24.00,RR,Supersport Park,07 May 2009
85,86,Amit Mishra,4,0,12,20,0,-,MI,Buffalo Park,08 May 2009
86,87,Morne Morkel,4,0,12,20,0,-,RCB,Supersport Park,07 May 2009
87,88,Muttiah Muralitharan,4,0,12,22,2,12.00,RR,De Beers Diamond Oval,09 May 2009
88,89,Anil Kumble,4,0,12,23,2,12.00,DEC,Supersport Park,21 May 2009
89,90,Harmeet Singh Bansal,4,0,12,23,2,12.00,RCB,New Wanderers Stadium,24 May 2009
90,91,Ishant Sharma,4,0,12,23,0,-,DEC,New Wanderers Stadium,16 May 2009
91,92,Ishant Sharma,4,0,12,23,0,-,DEC,New Wanderers Stadium,16 May 2009
92,93,Dwayne Bravo,3.1,0,12,19,1,19.00,CSK,St George's Park,16 May 2009
93,94,Lasith Malinga,4,0,12,24,1,24.00,DEC,Supersport Park,06 May 2009
94,95,Harbhajan Singh,4,0,12,24,0,-,KKR,Buffalo Park,01 May 2009
95,96,Jacques Kallis,4,0,12,24,0,-,DEC,New Wanderers Stadium,24 May 2009
96,97,Jesse Ryder,4,0,12,24,0,-,KXIP,Kingsmead,01 May 2009
97,98,Anil Kumble,4,0,12,25,2,12.00,KXIP,Kingsmead,01 May 2009
98,99,Dwayne Bravo,4,0,12,27,1,24.00,RCB,St George's Park,10 May 2009
99,100,Yusuf Pathan,4,0,12,27,0,-,KKR,Newlands,23 April 2009
