,POS,PLAYER,"
                                Ov
                            ","
                                Runs
                            ","
                                Wkts
                            ","
                                SR
                            ","
                                Against
                            ","
                                Venue
                            ","
                                Match Date
                            "
0,1,James Faulkner,4,16,5,4.80,SRH,Rajiv Gandhi Intl. Cricket Stadium,17 May 2013
1,2,James Faulkner,4,20,5,4.80,SRH,Sawai Mansingh Stadium,27 April 2013
2,3,Jaydev Unadkat,4,25,5,4.80,DC,Feroz Shah Kotla Ground,10 May 2013
3,4,Sunil Narine,4,13,4,6.00,DC,Eden Gardens,03 April 2013
4,5,Zaheer Khan,2,17,4,3.00,CSK,M. Chinnaswamy Stadium,18 May 2013
5,6,Amit Mishra,4,19,4,6.00,PWI,Maharashtra Cricket Association's International Stadium,17 April 2013
6,7,Sunil Narine,4,22,4,6.00,RCB,JSCA Stadium,12 May 2013
7,8,Darren Sammy,4,22,4,6.00,KXIP,IS Bindra Stadium,11 May 2013
8,9,Umesh Yadav,4,24,4,6.00,RR,Feroz Shah Kotla Ground,06 April 2013
9,10,Dwayne Bravo,4,42,4,6.00,MI,Eden Gardens,26 May 2013
10,11,Dwayne Bravo,3,9,3,6.00,MI,Feroz Shah Kotla Ground,21 May 2013
11,12,Mohit Sharma,3,10,3,6.00,DC,Feroz Shah Kotla Ground,18 April 2013
12,13,Dale Steyn,3.5,11,3,7.66,PWI,Rajiv Gandhi Intl. Cricket Stadium,05 April 2013
13,14,Pragyan Ojha,2.2,11,3,4.66,CSK,Wankhede Stadium,05 May 2013
14,15,RP Singh,4,13,3,8.00,RR,M. Chinnaswamy Stadium,20 April 2013
15,16,Jacques Kallis,4,13,3,8.00,SRH,Eden Gardens,14 April 2013
16,17,Harbhajan Singh,4,14,3,8.00,KXIP,Wankhede Stadium,29 April 2013
17,18,Angelo Mathews,3,14,3,6.00,DC,Maharashtra Cricket Association's International Stadium,19 May 2013
18,19,Ali Murtaza,4,15,3,8.00,DC,Maharashtra Cricket Association's International Stadium,19 May 2013
19,20,Kevon Cooper,4,15,3,8.00,KKR,Sawai Mansingh Stadium,08 April 2013
20,21,James Faulkner,3.2,16,3,6.66,MI,Sawai Mansingh Stadium,17 April 2013
21,22,Sunil Narine,4,17,3,8.00,MI,Eden Gardens,24 April 2013
22,23,Bhuvneshwar Kumar,4,18,3,8.00,SRH,Maharashtra Cricket Association's International Stadium,17 April 2013
23,24,Vinay Kumar,4,18,3,8.00,RR,M. Chinnaswamy Stadium,20 April 2013
24,25,Dhawal Kulkarni,4,19,3,8.00,RCB,Wankhede Stadium,27 April 2013
25,26,Amit Mishra,4,19,3,8.00,PWI,Rajiv Gandhi Intl. Cricket Stadium,05 April 2013
26,27,Lakshmipathy Balaji,3.3,19,3,7.00,PWI,Maharashtra Cricket Association's International Stadium,09 May 2013
27,28,James Faulkner,4,20,3,8.00,CSK,Chidambaram,22 April 2013
28,29,Ravindra Jadeja,4,20,3,8.00,KKR,Eden Gardens,20 April 2013
29,30,Thisara Perera,4,20,3,8.00,PWI,Maharashtra Cricket Association's International Stadium,17 April 2013
30,31,Azhar Mahmood,4,21,3,8.00,KKR,IS Bindra Stadium,16 April 2013
31,32,Mohit Sharma,4,21,3,8.00,PWI,Maharashtra Cricket Association's International Stadium,30 April 2013
32,33,Sandeep Sharma,4,21,3,8.00,SRH,IS Bindra Stadium,11 May 2013
33,34,Shane Watson,4,22,3,8.00,RCB,Sawai Mansingh Stadium,29 April 2013
34,35,Kevon Cooper,4,23,3,8.00,KXIP,IS Bindra Stadium,09 May 2013
35,36,Sandeep Sharma,4,23,3,8.00,DC,HPCA Stadium,16 May 2013
36,37,Siddharth Trivedi,4,23,3,8.00,KKR,Sawai Mansingh Stadium,08 April 2013
37,38,Harbhajan Singh,4,23,3,8.00,RR,Eden Gardens,24 May 2013
38,39,Harmeet Singh Bansal,4,24,3,8.00,DC,Feroz Shah Kotla Ground,23 April 2013
39,40,Jacques Kallis,4,24,3,8.00,KXIP,IS Bindra Stadium,16 April 2013
40,41,Bhuvneshwar Kumar,4,25,3,8.00,KKR,Maharashtra Cricket Association's International Stadium,09 May 2013
41,42,Amit Mishra,4,26,3,8.00,CSK,Chidambaram,25 April 2013
42,43,Dwayne Bravo,4,27,3,8.00,KXIP,IS Bindra Stadium,10 April 2013
43,44,Harbhajan Singh,4,27,3,8.00,KKR,Wankhede Stadium,07 May 2013
44,45,RP Singh,4,27,3,8.00,SRH,M. Chinnaswamy Stadium,09 April 2013
45,46,RP Singh,4,27,3,8.00,KKR,M. Chinnaswamy Stadium,11 April 2013
46,47,Ishant Sharma,4,27,3,8.00,RCB,Rajiv Gandhi Intl. Cricket Stadium,07 April 2013
47,48,Vinay Kumar,4,27,3,8.00,MI,M. Chinnaswamy Stadium,04 April 2013
48,49,Wayne Parnell,3.5,27,3,7.66,RR,Sawai Mansingh Stadium,05 May 2013
49,50,Mitchell Johnson,3,27,3,6.00,CSK,Wankhede Stadium,05 May 2013
50,51,Munaf Patel,4,29,3,8.00,CSK,Chidambaram,06 April 2013
51,52,Ravindra Jadeja,4,29,3,8.00,MI,Wankhede Stadium,05 May 2013
52,53,Iqbal Abdulla,3.5,29,3,7.66,SRH,Rajiv Gandhi Intl. Cricket Stadium,19 May 2013
53,54,Kevon Cooper,4,30,3,8.00,DC,Feroz Shah Kotla Ground,06 April 2013
54,55,Vinay Kumar,4,31,3,8.00,PWI,Maharashtra Cricket Association's International Stadium,02 May 2013
55,56,Ravindra Jadeja,4,31,3,8.00,MI,Feroz Shah Kotla Ground,21 May 2013
56,57,Ashok Dinda,4,31,3,8.00,DC,Shaheed Veer Narayan Singh International Cricket Stadium,28 April 2013
57,58,Ravi Rampaul,4,31,3,8.00,CSK,Chidambaram,13 April 2013
58,59,Albie Morkel,4,32,3,8.00,DC,Chidambaram,14 May 2013
59,60,Jasprit Bumrah,4,32,3,8.00,RCB,M. Chinnaswamy Stadium,04 April 2013
60,61,Mitchell Johnson,4,33,3,8.00,PWI,Wankhede Stadium,13 April 2013
61,62,Sunil Narine,4,33,3,8.00,KXIP,IS Bindra Stadium,16 April 2013
62,63,Dwayne Bravo,4,34,3,8.00,KXIP,Chidambaram,02 May 2013
63,64,Azhar Mahmood,4,35,3,8.00,KKR,Eden Gardens,26 April 2013
64,65,Parvinder Awana,4,39,3,8.00,RCB,M. Chinnaswamy Stadium,14 May 2013
65,66,Lasith Malinga,4,39,3,8.00,KXIP,HPCA Stadium,18 May 2013
66,67,Chris Morris,4,40,3,8.00,RCB,Chidambaram,13 April 2013
67,68,Thisara Perera,4,45,3,8.00,CSK,Rajiv Gandhi Intl. Cricket Stadium,08 May 2013
68,69,Chris Gayle,1,5,2,3.00,PWI,M. Chinnaswamy Stadium,23 April 2013
69,70,Lasith Malinga,3,6,2,9.00,CSK,Wankhede Stadium,05 May 2013
70,71,Ajit Chandila,2,6,2,6.00,MI,Sawai Mansingh Stadium,17 April 2013
71,72,Kieron Pollard,1,6,2,3.00,RR,Eden Gardens,24 May 2013
72,73,Mitchell Marsh,2,7,2,6.00,KKR,Maharashtra Cricket Association's International Stadium,09 May 2013
73,74,Amit Mishra,4,8,2,12.00,RR,Rajiv Gandhi Intl. Cricket Stadium,17 May 2013
74,75,Mitchell Johnson,4,8,2,12.00,PWI,Maharashtra Cricket Association's International Stadium,11 May 2013
75,76,Praveen Kumar,4,10,2,12.00,RR,Sawai Mansingh Stadium,14 April 2013
76,77,Darren Sammy,3,10,2,9.00,DC,Rajiv Gandhi Intl. Cricket Stadium,04 May 2013
77,78,Dale Steyn,4,11,2,12.00,DC,Feroz Shah Kotla Ground,12 April 2013
78,79,Thisara Perera,3.1,11,2,9.50,DC,Rajiv Gandhi Intl. Cricket Stadium,04 May 2013
79,80,Johan Botha,3,11,2,9.00,SRH,Rajiv Gandhi Intl. Cricket Stadium,04 May 2013
80,81,Shane Watson,2,11,2,6.00,RCB,M. Chinnaswamy Stadium,20 April 2013
81,82,Bhuvneshwar Kumar,4,12,2,12.00,CSK,Chidambaram,15 April 2013
82,83,Sunil Narine,4,12,2,12.00,PWI,Maharashtra Cricket Association's International Stadium,09 May 2013
83,84,Albie Morkel,3,12,2,9.00,MI,Eden Gardens,26 May 2013
84,85,Mitchell Johnson,4,13,2,12.00,KKR,Wankhede Stadium,07 May 2013
85,86,Ajit Chandila,3,13,2,9.00,SRH,Sawai Mansingh Stadium,27 April 2013
86,87,Jacques Kallis,4,14,2,12.00,KXIP,Eden Gardens,26 April 2013
87,88,Harbhajan Singh,3,14,2,9.00,CSK,Eden Gardens,26 May 2013
88,89,Stuart Binny,3,14,2,9.00,MI,Sawai Mansingh Stadium,17 April 2013
89,90,Vikramjeet Malik,3,14,2,9.00,SRH,Feroz Shah Kotla Ground,22 May 2013
90,91,Moises Henriques,3,14,2,9.00,SRH,Rajiv Gandhi Intl. Cricket Stadium,07 April 2013
91,92,Ishant Sharma,4,15,2,12.00,MI,Rajiv Gandhi Intl. Cricket Stadium,01 May 2013
92,93,Syed Mohammad,3,15,2,9.00,CSK,Chidambaram,13 April 2013
93,94,Rahul Sharma,4,16,2,12.00,RR,Maharashtra Cricket Association's International Stadium,11 April 2013
94,95,Pragyan Ojha,4,16,2,12.00,CSK,Chidambaram,06 April 2013
95,96,James Faulkner,4,17,2,12.00,PWI,Maharashtra Cricket Association's International Stadium,11 April 2013
96,97,Dale Steyn,4,17,2,12.00,RR,Rajiv Gandhi Intl. Cricket Stadium,17 May 2013
97,98,Shahbaz Nadeem,4,17,2,12.00,SRH,Feroz Shah Kotla Ground,12 April 2013
98,99,Jacques Kallis,4,17,2,12.00,RCB,JSCA Stadium,12 May 2013
99,100,Dirk Nannes,3.5,17,2,11.50,KXIP,IS Bindra Stadium,10 April 2013
