,POS,PLAYER,"
                                Ov
                            ","
                                Econ
                            ","
                                Dots
                            ","
                                Runs
                            ","
                                Wkts
                            ","
                                SR
                            ","
                                Against
                            ","
                                Venue
                            ","
                                Match Date
                            "
0,1,Stuart Binny,2,1.50,9,3,1,12.00,DC,Sawai Mansingh Stadium,07 May 2013
1,2,Mitchell Johnson,4,2.00,16,8,2,12.00,PWI,Maharashtra Cricket Association's International Stadium,11 May 2013
2,3,Lasith Malinga,3,2.00,12,6,2,9.00,CSK,Wankhede Stadium,05 May 2013
3,4,Amit Mishra,4,2.00,18,8,2,12.00,RR,Rajiv Gandhi Intl. Cricket Stadium,17 May 2013
4,5,Karn Sharma,4,2.00,16,8,0,-,CSK,Chidambaram,25 April 2013
5,6,Lakshmipathy Balaji,3,2.33,13,7,0,-,MI,Wankhede Stadium,07 May 2013
6,7,Praveen Kumar,4,2.50,17,10,2,12.00,RR,Sawai Mansingh Stadium,14 April 2013
7,8,Hanuma Vihari,2,2.50,8,5,0,-,KXIP,IS Bindra Stadium,11 May 2013
8,9,Dale Steyn,4,2.75,15,11,2,12.00,DC,Feroz Shah Kotla Ground,12 April 2013
9,10,Sunil Narine,4,2.75,17,11,0,-,SRH,Rajiv Gandhi Intl. Cricket Stadium,19 May 2013
10,11,Dale Steyn,3.5,2.86,14,11,3,7.66,PWI,Rajiv Gandhi Intl. Cricket Stadium,05 April 2013
11,12,Dwayne Bravo,3,3.00,9,9,3,6.00,MI,Feroz Shah Kotla Ground,21 May 2013
12,13,Bhuvneshwar Kumar,4,3.00,15,12,2,12.00,CSK,Chidambaram,15 April 2013
13,14,Ajit Chandila,2,3.00,5,6,2,6.00,MI,Sawai Mansingh Stadium,17 April 2013
14,15,Sunil Narine,4,3.00,15,12,2,12.00,PWI,Maharashtra Cricket Association's International Stadium,09 May 2013
15,16,Ryan Harris,4,3.00,17,12,1,24.00,PWI,Maharashtra Cricket Association's International Stadium,07 April 2013
16,17,Moises Henriques,2,3.00,7,6,1,12.00,RR,Sawai Mansingh Stadium,29 April 2013
17,18,Sunil Narine,4,3.25,14,13,4,6.00,DC,Eden Gardens,03 April 2013
18,19,Jacques Kallis,4,3.25,13,13,3,8.00,SRH,Eden Gardens,14 April 2013
19,20,RP Singh,4,3.25,17,13,3,8.00,RR,M. Chinnaswamy Stadium,20 April 2013
20,21,Mitchell Johnson,4,3.25,14,13,2,12.00,KKR,Wankhede Stadium,07 May 2013
21,22,Harbhajan Singh,4,3.25,13,13,1,24.00,CSK,Wankhede Stadium,05 May 2013
22,23,Mohit Sharma,3,3.33,11,10,3,6.00,DC,Feroz Shah Kotla Ground,18 April 2013
23,24,Darren Sammy,3,3.33,10,10,2,9.00,DC,Rajiv Gandhi Intl. Cricket Stadium,04 May 2013
24,25,Ankeet Chavan,3,3.33,12,10,0,-,MI,Sawai Mansingh Stadium,17 April 2013
25,26,Thisara Perera,3.1,3.47,13,11,2,9.50,DC,Rajiv Gandhi Intl. Cricket Stadium,04 May 2013
26,27,Harbhajan Singh,4,3.50,10,14,3,8.00,KXIP,Wankhede Stadium,29 April 2013
27,28,Mitchell Marsh,2,3.50,6,7,2,6.00,KKR,Maharashtra Cricket Association's International Stadium,09 May 2013
28,29,Jacques Kallis,4,3.50,11,14,2,12.00,KXIP,Eden Gardens,26 April 2013
29,30,Harbhajan Singh,4,3.50,10,14,1,24.00,PWI,Maharashtra Cricket Association's International Stadium,11 May 2013
30,31,Dale Steyn,4,3.50,14,14,1,24.00,KXIP,Rajiv Gandhi Intl. Cricket Stadium,19 April 2013
31,32,Sunil Narine,4,3.50,14,14,0,-,DC,Shaheed Veer Narayan Singh International Cricket Stadium,01 May 2013
32,33,Shahbaz Nadeem,2,3.50,6,7,0,-,SRH,Rajiv Gandhi Intl. Cricket Stadium,04 May 2013
33,34,David Hussey,4,3.50,9,14,0,-,DC,Feroz Shah Kotla Ground,23 April 2013
34,35,Johan Botha,3,3.66,10,11,2,9.00,SRH,Rajiv Gandhi Intl. Cricket Stadium,04 May 2013
35,36,Johan Botha,3,3.66,10,11,1,18.00,SRH,Feroz Shah Kotla Ground,12 April 2013
36,37,Ishant Sharma,3,3.66,13,11,1,18.00,DC,Rajiv Gandhi Intl. Cricket Stadium,04 May 2013
37,38,Ali Murtaza,4,3.75,12,15,3,8.00,DC,Maharashtra Cricket Association's International Stadium,19 May 2013
38,39,Kevon Cooper,4,3.75,11,15,3,8.00,KKR,Sawai Mansingh Stadium,08 April 2013
39,40,Ishant Sharma,4,3.75,15,15,2,12.00,MI,Rajiv Gandhi Intl. Cricket Stadium,01 May 2013
40,41,Dale Steyn,4,3.75,16,15,1,24.00,RR,Sawai Mansingh Stadium,27 April 2013
41,42,Amit Mishra,4,3.75,10,15,1,24.00,DC,Feroz Shah Kotla Ground,12 April 2013
42,43,Ajantha Mendis,4,3.75,12,15,1,24.00,MI,Maharashtra Cricket Association's International Stadium,11 May 2013
43,44,Amit Mishra,4,3.75,13,15,1,24.00,RCB,Rajiv Gandhi Intl. Cricket Stadium,07 April 2013
44,45,James Faulkner,4,4.00,12,16,5,4.80,SRH,Rajiv Gandhi Intl. Cricket Stadium,17 May 2013
45,46,Albie Morkel,3,4.00,11,12,2,9.00,MI,Eden Gardens,26 May 2013
46,47,Pragyan Ojha,4,4.00,9,16,2,12.00,CSK,Chidambaram,06 April 2013
47,48,Rahul Sharma,4,4.00,10,16,2,12.00,RR,Maharashtra Cricket Association's International Stadium,11 April 2013
48,49,Parvinder Awana,4,4.00,14,16,1,24.00,PWI,Maharashtra Cricket Association's International Stadium,07 April 2013
49,50,Yuvraj Singh,2,4.00,6,8,1,12.00,SRH,Rajiv Gandhi Intl. Cricket Stadium,05 April 2013
50,51,Amit Mishra,4,4.00,15,16,1,24.00,RR,Feroz Shah Kotla Ground,22 May 2013
51,52,Irfan Pathan,4,4.00,15,16,1,24.00,KKR,Shaheed Veer Narayan Singh International Cricket Stadium,01 May 2013
52,53,Praveen Kumar,3,4.00,11,12,1,18.00,SRH,Rajiv Gandhi Intl. Cricket Stadium,19 April 2013
53,54,Amit Mishra,4,4.00,11,16,1,24.00,DC,Rajiv Gandhi Intl. Cricket Stadium,04 May 2013
54,55,Chris Morris,3,4.00,9,12,1,18.00,KKR,Eden Gardens,20 April 2013
55,56,Siddarth Kaul,2,4.00,10,8,0,-,SRH,Feroz Shah Kotla Ground,12 April 2013
56,57,Parvinder Awana,4,4.00,9,16,0,-,MI,Wankhede Stadium,29 April 2013
57,58,James Faulkner,4,4.00,13,16,0,-,KKR,Eden Gardens,03 May 2013
58,59,Dale Steyn,4,4.00,13,16,0,-,RCB,M. Chinnaswamy Stadium,09 April 2013
59,60,Sunil Narine,4,4.25,11,17,3,8.00,MI,Eden Gardens,24 April 2013
60,61,Shahbaz Nadeem,4,4.25,11,17,2,12.00,SRH,Feroz Shah Kotla Ground,12 April 2013
61,62,Jacques Kallis,4,4.25,10,17,2,12.00,RCB,JSCA Stadium,12 May 2013
62,63,James Faulkner,4,4.25,13,17,2,12.00,PWI,Maharashtra Cricket Association's International Stadium,11 April 2013
63,64,Dale Steyn,4,4.25,12,17,2,12.00,RR,Rajiv Gandhi Intl. Cricket Stadium,17 May 2013
64,65,Ravi Rampaul,4,4.25,13,17,1,24.00,KKR,JSCA Stadium,12 May 2013
65,66,Bhuvneshwar Kumar,4,4.25,11,17,1,24.00,SRH,Rajiv Gandhi Intl. Cricket Stadium,05 April 2013
66,67,Murali Kartik,4,4.25,15,17,1,24.00,KKR,JSCA Stadium,12 May 2013
67,68,Siddharth Trivedi,4,4.25,14,17,1,24.00,MI,Sawai Mansingh Stadium,17 April 2013
68,69,Roelof van der Merwe,4,4.25,13,17,1,24.00,KXIP,Feroz Shah Kotla Ground,23 April 2013
69,70,Sunil Narine,4,4.25,13,17,0,-,RCB,M. Chinnaswamy Stadium,11 April 2013
70,71,Dale Steyn,4,4.25,13,17,0,-,CSK,Rajiv Gandhi Intl. Cricket Stadium,08 May 2013
71,72,Ajit Chandila,3,4.33,13,13,2,9.00,SRH,Sawai Mansingh Stadium,27 April 2013
72,73,Karn Sharma,3,4.33,8,13,1,18.00,PWI,Maharashtra Cricket Association's International Stadium,17 April 2013
73,74,Albie Morkel,3,4.33,11,13,1,18.00,DC,Feroz Shah Kotla Ground,18 April 2013
74,75,Mohit Sharma,3,4.33,12,13,0,-,KKR,Eden Gardens,20 April 2013
75,76,Dirk Nannes,3.5,4.43,14,17,2,11.50,KXIP,IS Bindra Stadium,10 April 2013
76,77,Vinay Kumar,4,4.50,13,18,3,8.00,RR,M. Chinnaswamy Stadium,20 April 2013
77,78,Bhuvneshwar Kumar,4,4.50,16,18,3,8.00,SRH,Maharashtra Cricket Association's International Stadium,17 April 2013
78,79,Ravichandran Ashwin,4,4.50,11,18,2,12.00,DC,Feroz Shah Kotla Ground,18 April 2013
79,80,Manpreet Gony,4,4.50,15,18,1,24.00,KKR,IS Bindra Stadium,16 April 2013
80,81,Sachithra Senanayake,4,4.50,6,18,1,24.00,SRH,Eden Gardens,14 April 2013
81,82,Dwayne Bravo,4,4.50,10,18,1,24.00,PWI,Maharashtra Cricket Association's International Stadium,30 April 2013
82,83,Sachithra Senanayake,4,4.50,10,18,1,24.00,RCB,JSCA Stadium,12 May 2013
83,84,Sachithra Senanayake,4,4.50,16,18,1,24.00,CSK,Eden Gardens,20 April 2013
84,85,Dirk Nannes,4,4.50,8,18,1,24.00,MI,Chidambaram,06 April 2013
85,86,Karn Sharma,2,4.50,5,9,1,12.00,DC,Rajiv Gandhi Intl. Cricket Stadium,04 May 2013
86,87,Shanthakumaran Sreesanth,4,4.50,14,18,1,24.00,DC,Feroz Shah Kotla Ground,06 April 2013
87,88,Siddharth Trivedi,4,4.50,9,18,1,24.00,SRH,Feroz Shah Kotla Ground,22 May 2013
88,89,Muttiah Muralitharan,4,4.50,8,18,1,24.00,SRH,Rajiv Gandhi Intl. Cricket Stadium,07 April 2013
89,90,Lasith Malinga,3.2,4.50,9,15,1,20.00,KKR,Wankhede Stadium,07 May 2013
90,91,Pragyan Ojha,4,4.50,10,18,0,-,SRH,Rajiv Gandhi Intl. Cricket Stadium,01 May 2013
91,92,Yuvraj Singh,2,4.50,3,9,0,-,DC,Shaheed Veer Narayan Singh International Cricket Stadium,28 April 2013
92,93,Angelo Mathews,3,4.66,9,14,3,6.00,DC,Maharashtra Cricket Association's International Stadium,19 May 2013
93,94,Harbhajan Singh,3,4.66,11,14,2,9.00,CSK,Eden Gardens,26 May 2013
94,95,Stuart Binny,3,4.66,8,14,2,9.00,MI,Sawai Mansingh Stadium,17 April 2013
95,96,Moises Henriques,3,4.66,9,14,2,9.00,SRH,Rajiv Gandhi Intl. Cricket Stadium,07 April 2013
96,97,Vikramjeet Malik,3,4.66,12,14,2,9.00,SRH,Feroz Shah Kotla Ground,22 May 2013
97,98,Thisara Perera,3,4.66,9,14,0,-,RR,Feroz Shah Kotla Ground,22 May 2013
98,99,Chris Morris,3,4.66,11,14,0,-,MI,Wankhede Stadium,05 May 2013
99,100,Ajit Chandila,3,4.66,12,14,0,-,KXIP,Sawai Mansingh Stadium,14 April 2013
