,POS,PLAYER,"
                                Distance (m)
                            "
0,1,Chris Gayle,119.00
1,2,Chris Gayle,112.00
2,3,Chris Gayle,106.00
3,4,MS Dhoni,105.00
4,5,MS Dhoni,104.00
5,6,Chris Gayle,104.00
6,7,David Miller,103.00
7,8,David Miller,103.00
8,9,Chris Gayle,102.00
9,10,Kieron Pollard,101.00
10,11,Rohit Sharma,101.00
11,12,Thisara Perera,101.00
12,13,Kieron Pollard,101.00
13,14,Chris Gayle,101.00
14,15,Yusuf Pathan,100.00
15,16,MS Dhoni,99.00
16,17,David Warner,99.00
17,18,David Miller,99.00
18,19,Mitchell Marsh,99.00
19,20,Chris Gayle,99.00
20,21,Kieron Pollard,99.00
21,22,Kieron Pollard,98.00
22,23,David Miller,98.00
23,24,Dwayne Smith,98.00
24,25,Chris Gayle,98.00
25,26,David Miller,98.00
26,27,MS Dhoni,97.00
27,28,Chris Gayle,97.00
28,29,Manpreet Juneja,97.00
29,30,MS Dhoni,97.00
30,31,David Miller,97.00
31,32,Rohit Sharma,96.00
32,33,David Miller,96.00
33,34,MS Dhoni,96.00
34,35,Shaun Marsh,96.00
35,36,MS Dhoni,96.00
36,37,Brad Hodge,96.00
37,38,Rohit Sharma,96.00
38,39,Stuart Binny,95.00
39,40,Chris Gayle,95.00
40,41,Kieron Pollard,95.00
41,42,Mitchell Marsh,95.00
42,43,Virat Kohli,95.00
43,44,Chris Gayle,95.00
44,45,Michael Hussey,95.00
45,46,Kieron Pollard,95.00
46,47,Kieron Pollard,95.00
47,48,Virat Kohli,95.00
48,49,Rohit Sharma,94.00
49,50,MS Dhoni,94.00
50,51,Suresh Raina,94.00
51,52,Cameron White,94.00
52,53,Thisara Perera,94.00
53,54,Manpreet Gony,94.00
54,55,Thisara Perera,94.00
55,56,Kieron Pollard,94.00
56,57,Albie Morkel,94.00
57,58,Dwayne Smith,94.00
58,59,Yuvraj Singh,94.00
59,60,Chris Gayle,94.00
60,61,Kieron Pollard,93.00
61,62,Virender Sehwag,93.00
62,63,Kieron Pollard,93.00
63,64,Thisara Perera,93.00
64,65,Brad Hodge,93.00
65,66,Virat Kohli,93.00
66,67,Chris Gayle,93.00
67,68,Yusuf Pathan,93.00
68,69,Rohit Sharma,93.00
69,70,Darren Sammy,93.00
70,71,Manish Pandey,93.00
71,72,Ravindra Jadeja,92.00
72,73,Chris Gayle,92.00
73,74,Manpreet Gony,92.00
74,75,Ajinkya Rahane,92.00
75,76,Chris Gayle,92.00
76,77,Murali Vijay,92.00
77,78,Stuart Binny,92.00
78,79,Rajagopal Sathish,92.00
79,80,Chris Gayle,92.00
80,81,Piyush Chawla,92.00
81,82,Shane Watson,92.00
82,83,Darren Sammy,92.00
83,84,MS Dhoni,92.00
84,85,Kieron Pollard,92.00
85,86,Dwayne Smith,92.00
86,87,Kieron Pollard,92.00
87,88,David Miller,91.00
88,89,Shane Watson,91.00
89,90,Dwayne Smith,91.00
90,91,Rohit Sharma,91.00
91,92,Virat Kohli,91.00
92,93,Chris Gayle,91.00
93,94,MS Dhoni,91.00
94,95,Robin Uthappa,91.00
95,96,Chris Gayle,91.00
96,97,David Miller,91.00
97,98,Suresh Raina,91.00
98,99,Kieron Pollard,91.00
99,100,Kieron Pollard,90.00
