,POS,PLAYER,"
                                Against
                            ","
                                Venue
                            ","
                                Match Date
                            ","
                                BF
                            ","
                                6s
                            ","
                                4s
                            ","
                                Runs
                            "
0,1,Chris Gayle,PWI,M. Chinnaswamy Stadium,23 April 2013,17,17,13,175
1,2,Kieron Pollard,SRH,Wankhede Stadium,13 May 2013,20,8,2,66
2,3,Dwayne Smith,CSK,Feroz Shah Kotla Ground,21 May 2013,21,5,6,68
3,4,AB de Villiers,PWI,Maharashtra Cricket Association's International Stadium,02 May 2013,23,2,6,50
4,5,David Miller,RCB,IS Bindra Stadium,06 May 2013,24,7,8,101
5,6,MS Dhoni,MI,Chidambaram,06 April 2013,24,3,5,51
6,7,David Warner,PWI,Shaheed Veer Narayan Singh International Cricket Stadium,28 April 2013,24,4,4,51
7,8,Shane Watson,CSK,Sawai Mansingh Stadium,12 May 2013,25,6,6,70
8,9,David Miller,CSK,Chidambaram,02 May 2013,25,2,5,51
9,10,AB de Villiers,CSK,Chidambaram,13 April 2013,26,1,8,64
10,11,Azhar Mahmood,MI,HPCA Stadium,18 May 2013,27,4,8,80
11,12,Chris Gayle,KXIP,IS Bindra Stadium,06 May 2013,27,3,6,61
12,13,Rohit Sharma,KXIP,Wankhede Stadium,29 April 2013,28,6,6,79
13,14,Virat Kohli,CSK,M. Chinnaswamy Stadium,18 May 2013,28,4,6,56
14,15,Shane Watson,CSK,Chidambaram,22 April 2013,29,6,6,101
15,16,Dinesh Karthik,DC,Wankhede Stadium,09 April 2013,29,2,14,86
16,17,Suresh Raina,MI,Feroz Shah Kotla Ground,21 May 2013,29,5,5,82
17,18,David Miller,PWI,IS Bindra Stadium,21 April 2013,29,5,5,80
18,19,Brad Hodge,SRH,Feroz Shah Kotla Ground,22 May 2013,29,5,2,54
19,20,Rohit Sharma,PWI,Wankhede Stadium,13 April 2013,30,5,3,62
20,21,Aditya Tare,RR,Wankhede Stadium,15 May 2013,30,1,8,59
21,22,MS Dhoni,DC,Chidambaram,14 May 2013,30,4,2,58
22,23,Michael Hussey,KKR,Chidambaram,28 April 2013,31,2,11,95
23,24,Virender Sehwag,MI,Feroz Shah Kotla Ground,21 April 2013,31,2,13,95
24,25,Virat Kohli,SRH,M. Chinnaswamy Stadium,09 April 2013,31,4,11,93
25,26,Michael Hussey,RR,Chidambaram,22 April 2013,31,1,13,88
26,27,Rohit Sharma,DC,Feroz Shah Kotla Ground,21 April 2013,31,5,5,73
27,28,Kieron Pollard,CSK,Eden Gardens,26 May 2013,31,3,7,60
28,29,Gautam Gambhir,KXIP,IS Bindra Stadium,16 April 2013,31,0,9,60
29,30,Dinesh Karthik,RCB,M. Chinnaswamy Stadium,04 April 2013,31,4,3,60
30,31,Aaron Finch,DC,Maharashtra Cricket Association's International Stadium,19 May 2013,31,4,3,52
31,32,Suresh Raina,KXIP,Chidambaram,02 May 2013,32,6,7,100
32,33,Chris Gayle,KKR,M. Chinnaswamy Stadium,11 April 2013,32,9,4,85
33,34,Yusuf Pathan,PWI,JSCA Stadium,15 May 2013,32,2,8,72
34,35,MS Dhoni,SRH,Chidambaram,25 April 2013,32,4,7,67
35,36,Aaron Finch,CSK,Chidambaram,15 April 2013,32,2,10,67
36,37,Michael Hussey,SRH,Rajiv Gandhi Intl. Cricket Stadium,08 May 2013,32,4,5,67
37,38,Virat Kohli,DC,M. Chinnaswamy Stadium,16 April 2013,32,1,7,65
38,39,Sanju Samson,RCB,Sawai Mansingh Stadium,29 April 2013,32,2,7,63
39,40,David Miller,MI,Wankhede Stadium,29 April 2013,32,5,1,56
40,41,Cameron White,RCB,M. Chinnaswamy Stadium,09 April 2013,32,3,3,52
41,42,Aaron Finch,KXIP,IS Bindra Stadium,21 April 2013,33,2,8,64
42,43,Suresh Raina,RR,Chidambaram,22 April 2013,33,2,4,51
43,44,Robin Uthappa,RCB,Maharashtra Cricket Association's International Stadium,02 May 2013,34,5,5,75
44,45,Shaun Marsh,CSK,Chidambaram,02 May 2013,34,2,8,73
45,46,Dwayne Smith,KKR,Eden Gardens,24 April 2013,34,5,3,62
46,47,David Warner,MI,Wankhede Stadium,09 April 2013,34,4,5,61
47,48,Mahela Jayawardene,MI,Feroz Shah Kotla Ground,21 April 2013,34,1,8,59
48,49,Suresh Raina,SRH,Rajiv Gandhi Intl. Cricket Stadium,08 May 2013,35,3,11,99
49,50,David Warner,KKR,Shaheed Veer Narayan Singh International Cricket Stadium,01 May 2013,35,3,6,66
50,51,Kieron Pollard,CSK,Chidambaram,06 April 2013,35,5,4,57
51,52,Eoin Morgan,RR,Sawai Mansingh Stadium,08 April 2013,35,3,3,51
52,53,Dwayne Smith,RCB,Wankhede Stadium,27 April 2013,35,3,4,50
53,54,Michael Hussey,KXIP,IS Bindra Stadium,10 April 2013,36,2,11,86
54,55,Ben Rohrer,RR,Sawai Mansingh Stadium,07 May 2013,36,1,9,64
55,56,Aaron Finch,RR,Maharashtra Cricket Association's International Stadium,11 April 2013,36,3,6,64
56,57,Azhar Mahmood,RCB,M. Chinnaswamy Stadium,14 May 2013,36,1,8,61
57,58,Shikhar Dhawan,MI,Wankhede Stadium,13 May 2013,36,2,6,59
58,59,Rahul Dravid,PWI,Sawai Mansingh Stadium,05 May 2013,36,1,9,58
59,60,Ajinkya Rahane,PWI,Sawai Mansingh Stadium,05 May 2013,37,2,6,67
60,61,Ajinkya Rahane,DC,Sawai Mansingh Stadium,07 May 2013,37,1,5,63
61,62,Darren Sammy,RR,Sawai Mansingh Stadium,27 April 2013,37,1,8,60
62,63,Chris Gayle,MI,M. Chinnaswamy Stadium,04 April 2013,38,5,11,92
63,64,Dwayne Smith,RR,Eden Gardens,24 May 2013,38,2,6,62
64,65,Shane Watson,SRH,Sawai Mansingh Stadium,27 April 2013,39,4,13,98
65,66,Mandeep Singh,PWI,IS Bindra Stadium,21 April 2013,39,0,7,77
66,67,Shaun Marsh,MI,HPCA Stadium,18 May 2013,39,0,11,63
67,68,Gautam Gambhir,RCB,M. Chinnaswamy Stadium,11 April 2013,39,1,7,59
68,69,Virat Kohli,KXIP,M. Chinnaswamy Stadium,14 May 2013,39,2,6,57
69,70,Gautam Gambhir,SRH,Eden Gardens,14 April 2013,39,1,6,53
70,71,Michael Hussey,MI,Feroz Shah Kotla Ground,21 May 2013,40,2,10,86
71,72,Chris Gayle,KXIP,M. Chinnaswamy Stadium,14 May 2013,40,6,4,77
72,73,Shikhar Dhawan,MI,Rajiv Gandhi Intl. Cricket Stadium,01 May 2013,40,1,9,73
73,74,Manish Pandey,KKR,JSCA Stadium,15 May 2013,40,1,8,66
74,75,Rahul Dravid,DC,Feroz Shah Kotla Ground,06 April 2013,40,2,6,65
75,76,Robin Uthappa,RR,Sawai Mansingh Stadium,05 May 2013,40,1,8,54
76,77,Adam Gilchrist,RCB,M. Chinnaswamy Stadium,14 May 2013,41,3,10,85
77,78,David Warner,RR,Feroz Shah Kotla Ground,06 April 2013,41,1,9,77
78,79,Michael Hussey,DC,Feroz Shah Kotla Ground,18 April 2013,41,2,6,65
79,80,MS Dhoni,MI,Eden Gardens,26 May 2013,41,5,3,63
80,81,Shikhar Dhawan,CSK,Chidambaram,25 April 2013,41,0,10,63
81,82,Rohit Sharma,DC,Wankhede Stadium,09 April 2013,42,5,4,74
82,83,Suresh Raina,PWI,Maharashtra Cricket Association's International Stadium,30 April 2013,42,1,5,63
83,84,Saurabh Tiwary,PWI,Maharashtra Cricket Association's International Stadium,02 May 2013,42,2,2,52
84,85,Manvinder Bisla,KXIP,Eden Gardens,26 April 2013,42,3,3,51
85,86,Manvinder Bisla,CSK,Chidambaram,28 April 2013,43,2,14,92
86,87,Ajinkya Rahane,KXIP,IS Bindra Stadium,09 May 2013,43,3,3,59
87,88,Virat Kohli,CSK,Chidambaram,13 April 2013,43,2,2,58
88,89,Biplap Samantray,RR,Rajiv Gandhi Intl. Cricket Stadium,17 May 2013,43,1,6,55
89,90,Rahul Dravid,PWI,Maharashtra Cricket Association's International Stadium,11 April 2013,43,0,8,54
90,91,Sachin Tendulkar,DC,Feroz Shah Kotla Ground,21 April 2013,43,2,3,54
91,92,Gautam Gambhir,PWI,Maharashtra Cricket Association's International Stadium,09 May 2013,43,0,6,50
92,93,Virat Kohli,DC,Feroz Shah Kotla Ground,10 May 2013,44,4,10,99
93,94,Shaun Marsh,RR,IS Bindra Stadium,09 May 2013,44,2,6,77
94,95,Parthiv Patel,KXIP,IS Bindra Stadium,11 May 2013,44,2,5,61
95,96,Rahul Dravid,DC,Sawai Mansingh Stadium,07 May 2013,45,0,7,53
96,97,Cheteshwar Pujara,KXIP,IS Bindra Stadium,06 May 2013,45,0,8,51
97,98,Ajinkya Rahane,MI,Sawai Mansingh Stadium,17 April 2013,46,1,8,68
98,99,Mahela Jayawardene,KKR,Eden Gardens,03 April 2013,46,1,8,66
99,100,Murali Vijay,RR,Sawai Mansingh Stadium,12 May 2013,49,0,6,55
