,POS,PLAYER,"
                                Speed (km/h)
                            "
0,1,Shaun Tait,153.43
1,2,Dale Steyn,152.48
2,3,Dale Steyn,152.13
3,4,Shaun Tait,151.20
4,5,Morne Morkel,150.20
5,6,Shaun Tait,150.19
6,7,Shaun Tait,150.14
7,8,Umesh Yadav,150.14
8,9,Shaun Tait,149.79
9,10,Morne Morkel,149.71
10,11,Dale Steyn,149.59
11,12,Dirk Nannes,149.57
12,13,Dale Steyn,149.54
13,14,Shaun Tait,149.34
14,15,Dale Steyn,149.31
15,16,Morne Morkel,149.23
16,17,Dale Steyn,149.21
17,18,Shaun Tait,149.20
18,19,Mitchell Johnson,149.20
19,20,Shaun Tait,149.14
20,21,Shaun Tait,149.10
21,22,Shaun Tait,149.08
22,23,Dale Steyn,149.05
23,24,Mitchell Johnson,148.91
24,25,Dale Steyn,148.83
25,26,Morne Morkel,148.83
26,27,Dale Steyn,148.80
27,28,Dirk Nannes,148.76
28,29,Mitchell Johnson,148.76
29,30,Dale Steyn,148.68
30,31,Dale Steyn,148.60
31,32,Dale Steyn,148.55
32,33,Dale Steyn,148.54
33,34,Shaun Tait,148.46
34,35,Dale Steyn,148.42
35,36,Dale Steyn,148.39
36,37,Umesh Yadav,148.33
37,38,Morne Morkel,148.32
38,39,Dale Steyn,148.30
39,40,Morne Morkel,148.28
40,41,Umesh Yadav,148.23
41,42,Umesh Yadav,148.20
42,43,Umesh Yadav,148.19
43,44,Dale Steyn,148.14
44,45,Shaun Tait,148.14
45,46,Morne Morkel,148.12
46,47,Shaun Tait,148.10
47,48,Dale Steyn,147.98
48,49,Shaun Tait,147.94
49,50,Dale Steyn,147.93
50,51,Umesh Yadav,147.93
51,52,Dirk Nannes,147.93
52,53,Umesh Yadav,147.90
53,54,Dale Steyn,147.88
54,55,Dirk Nannes,147.87
55,56,Dale Steyn,147.86
56,57,Morne Morkel,147.85
57,58,Umesh Yadav,147.82
58,59,Dale Steyn,147.77
59,60,Shaun Tait,147.74
60,61,Umesh Yadav,147.73
61,62,Dale Steyn,147.72
62,63,Shaun Tait,147.71
63,64,Umesh Yadav,147.70
64,65,Umesh Yadav,147.66
65,66,Dirk Nannes,147.66
66,67,Morne Morkel,147.62
67,68,Dale Steyn,147.62
68,69,Dale Steyn,147.61
69,70,Morne Morkel,147.60
70,71,Umesh Yadav,147.60
71,72,Mitchell Johnson,147.56
72,73,Dale Steyn,147.54
73,74,Umesh Yadav,147.53
74,75,Dirk Nannes,147.52
75,76,Shaun Tait,147.51
76,77,Dale Steyn,147.51
77,78,Dale Steyn,147.50
78,79,Morne Morkel,147.49
79,80,Dale Steyn,147.49
80,81,Dale Steyn,147.48
81,82,Dale Steyn,147.46
82,83,Dale Steyn,147.45
83,84,Dale Steyn,147.43
84,85,Mitchell Johnson,147.40
85,86,Dale Steyn,147.34
86,87,Morne Morkel,147.34
87,88,Shaun Tait,147.33
88,89,Shaun Tait,147.31
89,90,Dale Steyn,147.23
90,91,Mitchell Johnson,147.19
91,92,Morne Morkel,147.18
92,93,Umesh Yadav,147.17
93,94,Dale Steyn,147.14
94,95,Morne Morkel,147.11
95,96,Dale Steyn,147.09
96,97,Dale Steyn,147.09
97,98,Umesh Yadav,147.08
98,99,Chris Morris,147.05
99,100,Morne Morkel,146.98
