,POS,PLAYER,"
                                HS
                            ","
                                BF
                            ","
                                4s
                            ","
                                6s
                            ","
                                SR
                            ","
                                Against
                            ","
                                Venue
                            ","
                                Match Date
                            "
0,1,Chris Gayle,175*,66,13,17,265.15,PWI,M. Chinnaswamy Stadium,23 April 2013
1,2,David Miller,101*,38,8,7,265.78,RCB,IS Bindra Stadium,06 May 2013
2,3,Shane Watson,101,61,6,6,165.57,CSK,Chidambaram,22 April 2013
3,4,Suresh Raina,100*,53,7,6,188.67,KXIP,Chidambaram,02 May 2013
4,5,Suresh Raina,99*,52,11,3,190.38,SRH,Rajiv Gandhi Intl. Cricket Stadium,08 May 2013
5,6,Virat Kohli,99,58,10,4,170.68,DC,Feroz Shah Kotla Ground,10 May 2013
6,7,Shane Watson,98*,53,13,4,184.90,SRH,Sawai Mansingh Stadium,27 April 2013
7,8,Virender Sehwag,95*,57,13,2,166.66,MI,Feroz Shah Kotla Ground,21 April 2013
8,9,Michael Hussey,95,59,11,2,161.01,KKR,Chidambaram,28 April 2013
9,10,Virat Kohli,93*,47,11,4,197.87,SRH,M. Chinnaswamy Stadium,09 April 2013
10,11,Chris Gayle,92*,58,11,5,158.62,MI,M. Chinnaswamy Stadium,04 April 2013
11,12,Manvinder Bisla,92,61,14,2,150.81,CSK,Chidambaram,28 April 2013
12,13,Michael Hussey,88,51,13,1,172.54,RR,Chidambaram,22 April 2013
13,14,Michael Hussey,86*,54,11,2,159.25,KXIP,IS Bindra Stadium,10 April 2013
14,15,Michael Hussey,86*,58,10,2,148.27,MI,Feroz Shah Kotla Ground,21 May 2013
15,16,Dinesh Karthik,86,48,14,2,179.16,DC,Wankhede Stadium,09 April 2013
16,17,Chris Gayle,85*,50,4,9,170.00,KKR,M. Chinnaswamy Stadium,11 April 2013
17,18,Adam Gilchrist,85*,54,10,3,157.40,RCB,M. Chinnaswamy Stadium,14 May 2013
18,19,Suresh Raina,82*,42,5,5,195.23,MI,Feroz Shah Kotla Ground,21 May 2013
19,20,David Miller,80*,41,5,5,195.12,PWI,IS Bindra Stadium,21 April 2013
20,21,Azhar Mahmood,80,44,8,4,181.81,MI,HPCA Stadium,18 May 2013
21,22,Rohit Sharma,79*,39,6,6,202.56,KXIP,Wankhede Stadium,29 April 2013
22,23,Mandeep Singh,77*,58,7,0,132.75,PWI,IS Bindra Stadium,21 April 2013
23,24,Chris Gayle,77,53,4,6,145.28,KXIP,M. Chinnaswamy Stadium,14 May 2013
24,25,David Warner,77,56,9,1,137.50,RR,Feroz Shah Kotla Ground,06 April 2013
25,26,Shaun Marsh,77,64,6,2,120.31,RR,IS Bindra Stadium,09 May 2013
26,27,Robin Uthappa,75,45,5,5,166.66,RCB,Maharashtra Cricket Association's International Stadium,02 May 2013
27,28,Rohit Sharma,74*,50,4,5,148.00,DC,Wankhede Stadium,09 April 2013
28,29,Shikhar Dhawan,73*,55,9,1,132.72,MI,Rajiv Gandhi Intl. Cricket Stadium,01 May 2013
29,30,Rohit Sharma,73,43,5,5,169.76,DC,Feroz Shah Kotla Ground,21 April 2013
30,31,Shaun Marsh,73,51,8,2,143.13,CSK,Chidambaram,02 May 2013
31,32,Yusuf Pathan,72,44,8,2,163.63,PWI,JSCA Stadium,15 May 2013
32,33,Shane Watson,70,34,6,6,205.88,CSK,Sawai Mansingh Stadium,12 May 2013
33,34,Ajinkya Rahane,68*,54,8,1,125.92,MI,Sawai Mansingh Stadium,17 April 2013
34,35,Dwayne Smith,68,28,6,5,242.85,CSK,Feroz Shah Kotla Ground,21 May 2013
35,36,MS Dhoni,67*,37,7,4,181.08,SRH,Chidambaram,25 April 2013
36,37,Michael Hussey,67,42,5,4,159.52,SRH,Rajiv Gandhi Intl. Cricket Stadium,08 May 2013
37,38,Aaron Finch,67,45,10,2,148.88,CSK,Chidambaram,15 April 2013
38,39,Ajinkya Rahane,67,48,6,2,139.58,PWI,Sawai Mansingh Stadium,05 May 2013
39,40,Kieron Pollard,66*,27,2,8,244.44,SRH,Wankhede Stadium,13 May 2013
40,41,David Warner,66*,42,6,3,157.14,KKR,Shaheed Veer Narayan Singh International Cricket Stadium,01 May 2013
41,42,Manish Pandey,66,47,8,1,140.42,KKR,JSCA Stadium,15 May 2013
42,43,Mahela Jayawardene,66,52,8,1,126.92,KKR,Eden Gardens,03 April 2013
43,44,Michael Hussey,65*,50,6,2,130.00,DC,Feroz Shah Kotla Ground,18 April 2013
44,45,Virat Kohli,65,50,7,1,130.00,DC,M. Chinnaswamy Stadium,16 April 2013
45,46,Rahul Dravid,65,51,6,2,127.45,DC,Feroz Shah Kotla Ground,06 April 2013
46,47,Ben Rohrer,64*,40,9,1,160.00,RR,Sawai Mansingh Stadium,07 May 2013
47,48,AB de Villiers,64,32,8,1,200.00,CSK,Chidambaram,13 April 2013
48,49,Aaron Finch,64,42,8,2,152.38,KXIP,IS Bindra Stadium,21 April 2013
49,50,Aaron Finch,64,53,6,3,120.75,RR,Maharashtra Cricket Association's International Stadium,11 April 2013
50,51,MS Dhoni,63*,45,3,5,140.00,MI,Eden Gardens,26 May 2013
51,52,Shikhar Dhawan,63*,45,10,0,140.00,CSK,Chidambaram,25 April 2013
52,53,Ajinkya Rahane,63*,45,5,1,140.00,DC,Sawai Mansingh Stadium,07 May 2013
53,54,Suresh Raina,63*,50,5,1,126.00,PWI,Maharashtra Cricket Association's International Stadium,30 April 2013
54,55,Sanju Samson,63,41,7,2,153.65,RCB,Sawai Mansingh Stadium,29 April 2013
55,56,Shaun Marsh,63,47,11,0,134.04,MI,HPCA Stadium,18 May 2013
56,57,Rohit Sharma,62*,32,3,5,193.75,PWI,Wankhede Stadium,13 April 2013
57,58,Dwayne Smith,62,44,6,2,140.90,RR,Eden Gardens,24 May 2013
58,59,Dwayne Smith,62,45,3,5,137.77,KKR,Eden Gardens,24 April 2013
59,60,Chris Gayle,61,33,6,3,184.84,KXIP,IS Bindra Stadium,06 May 2013
60,61,David Warner,61,37,5,4,164.86,MI,Wankhede Stadium,09 April 2013
61,62,Azhar Mahmood,61,41,8,1,148.78,RCB,M. Chinnaswamy Stadium,14 May 2013
62,63,Parthiv Patel,61,47,5,2,129.78,KXIP,IS Bindra Stadium,11 May 2013
63,64,Kieron Pollard,60*,32,7,3,187.50,CSK,Eden Gardens,26 May 2013
64,65,Dinesh Karthik,60,37,3,4,162.16,RCB,M. Chinnaswamy Stadium,04 April 2013
65,66,Gautam Gambhir,60,39,9,0,153.84,KXIP,IS Bindra Stadium,16 April 2013
66,67,Darren Sammy,60,41,8,1,146.34,RR,Sawai Mansingh Stadium,27 April 2013
67,68,Ajinkya Rahane,59*,49,3,3,120.40,KXIP,IS Bindra Stadium,09 May 2013
68,69,Aditya Tare,59,37,8,1,159.45,RR,Wankhede Stadium,15 May 2013
69,70,Shikhar Dhawan,59,41,6,2,143.90,MI,Wankhede Stadium,13 May 2013
70,71,Mahela Jayawardene,59,43,8,1,137.20,MI,Feroz Shah Kotla Ground,21 April 2013
71,72,Gautam Gambhir,59,46,7,1,128.26,RCB,M. Chinnaswamy Stadium,11 April 2013
72,73,MS Dhoni,58*,35,2,4,165.71,DC,Chidambaram,14 May 2013
73,74,Rahul Dravid,58,40,9,1,145.00,PWI,Sawai Mansingh Stadium,05 May 2013
74,75,Virat Kohli,58,47,2,2,123.40,CSK,Chidambaram,13 April 2013
75,76,Kieron Pollard,57*,38,4,5,150.00,CSK,Chidambaram,06 April 2013
76,77,Virat Kohli,57,43,6,2,132.55,KXIP,M. Chinnaswamy Stadium,14 May 2013
77,78,Virat Kohli,56*,29,6,4,193.10,CSK,M. Chinnaswamy Stadium,18 May 2013
78,79,David Miller,56,34,1,5,164.70,MI,Wankhede Stadium,29 April 2013
79,80,Biplap Samantray,55,46,6,1,119.56,RR,Rajiv Gandhi Intl. Cricket Stadium,17 May 2013
80,81,Murali Vijay,55,50,6,0,110.00,RR,Sawai Mansingh Stadium,12 May 2013
81,82,Brad Hodge,54*,29,2,5,186.20,SRH,Feroz Shah Kotla Ground,22 May 2013
82,83,Robin Uthappa,54,41,8,1,131.70,RR,Sawai Mansingh Stadium,05 May 2013
83,84,Sachin Tendulkar,54,47,3,2,114.89,DC,Feroz Shah Kotla Ground,21 April 2013
84,85,Rahul Dravid,54,48,8,0,112.50,PWI,Maharashtra Cricket Association's International Stadium,11 April 2013
85,86,Gautam Gambhir,53,45,6,1,117.77,SRH,Eden Gardens,14 April 2013
86,87,Rahul Dravid,53,48,7,0,110.41,DC,Sawai Mansingh Stadium,07 May 2013
87,88,Cameron White,52,34,3,3,152.94,RCB,M. Chinnaswamy Stadium,09 April 2013
88,89,Aaron Finch,52,34,3,4,152.94,DC,Maharashtra Cricket Association's International Stadium,19 May 2013
89,90,Saurabh Tiwary,52,45,2,2,115.55,PWI,Maharashtra Cricket Association's International Stadium,02 May 2013
90,91,David Warner,51*,25,4,4,204.00,PWI,Shaheed Veer Narayan Singh International Cricket Stadium,28 April 2013
91,92,David Miller,51*,26,5,2,196.15,CSK,Chidambaram,02 May 2013
92,93,Manvinder Bisla,51*,44,3,3,115.90,KXIP,Eden Gardens,26 April 2013
93,94,MS Dhoni,51,26,5,3,196.15,MI,Chidambaram,06 April 2013
94,95,Suresh Raina,51,35,4,2,145.71,RR,Chidambaram,22 April 2013
95,96,Eoin Morgan,51,38,3,3,134.21,RR,Sawai Mansingh Stadium,08 April 2013
96,97,Cheteshwar Pujara,51,48,8,0,106.25,KXIP,IS Bindra Stadium,06 May 2013
97,98,AB de Villiers,50*,23,6,2,217.39,PWI,Maharashtra Cricket Association's International Stadium,02 May 2013
98,99,Murali Vijay,50*,50,3,1,100.00,KXIP,IS Bindra Stadium,10 April 2013
99,100,Dwayne Smith,50,36,4,3,138.88,RCB,Wankhede Stadium,27 April 2013
