,POS,PLAYER,"
                                Runs
                            ","
                                BF
                            ","
                                4s
                            ","
                                6s
                            ","
                                SR
                            ","
                                Against
                            ","
                                Venue
                            ","
                                Match Date
                            "
0,1,Dinesh Karthik,86,48,14,2,179.16,DC,Wankhede Stadium,09 April 2013
1,2,Manvinder Bisla,92,61,14,2,150.81,CSK,Chidambaram,28 April 2013
2,3,Chris Gayle,175,66,13,17,265.15,PWI,M. Chinnaswamy Stadium,23 April 2013
3,4,Shane Watson,98,53,13,4,184.90,SRH,Sawai Mansingh Stadium,27 April 2013
4,5,Michael Hussey,88,51,13,1,172.54,RR,Chidambaram,22 April 2013
5,6,Virender Sehwag,95,57,13,2,166.66,MI,Feroz Shah Kotla Ground,21 April 2013
6,7,Virat Kohli,93,47,11,4,197.87,SRH,M. Chinnaswamy Stadium,09 April 2013
7,8,Suresh Raina,99,52,11,3,190.38,SRH,Rajiv Gandhi Intl. Cricket Stadium,08 May 2013
8,9,Michael Hussey,95,59,11,2,161.01,KKR,Chidambaram,28 April 2013
9,10,Michael Hussey,86,54,11,2,159.25,KXIP,IS Bindra Stadium,10 April 2013
10,11,Chris Gayle,92,58,11,5,158.62,MI,M. Chinnaswamy Stadium,04 April 2013
11,12,Shaun Marsh,63,47,11,0,134.04,MI,HPCA Stadium,18 May 2013
12,13,Virat Kohli,99,58,10,4,170.68,DC,Feroz Shah Kotla Ground,10 May 2013
13,14,Adam Gilchrist,85,54,10,3,157.40,RCB,M. Chinnaswamy Stadium,14 May 2013
14,15,Aaron Finch,67,45,10,2,148.88,CSK,Chidambaram,15 April 2013
15,16,Michael Hussey,86,58,10,2,148.27,MI,Feroz Shah Kotla Ground,21 May 2013
16,17,Shikhar Dhawan,63,45,10,0,140.00,CSK,Chidambaram,25 April 2013
17,18,Ben Rohrer,64,40,9,1,160.00,RR,Sawai Mansingh Stadium,07 May 2013
18,19,Gautam Gambhir,60,39,9,0,153.84,KXIP,IS Bindra Stadium,16 April 2013
19,20,Rahul Dravid,58,40,9,1,145.00,PWI,Sawai Mansingh Stadium,05 May 2013
20,21,David Warner,77,56,9,1,137.50,RR,Feroz Shah Kotla Ground,06 April 2013
21,22,Shikhar Dhawan,73,55,9,1,132.72,MI,Rajiv Gandhi Intl. Cricket Stadium,01 May 2013
22,23,David Miller,101,38,8,7,265.78,RCB,IS Bindra Stadium,06 May 2013
23,24,AB de Villiers,64,32,8,1,200.00,CSK,Chidambaram,13 April 2013
24,25,Azhar Mahmood,80,44,8,4,181.81,MI,HPCA Stadium,18 May 2013
25,26,Sachin Tendulkar,48,28,8,0,171.42,KKR,Wankhede Stadium,07 May 2013
26,27,Yusuf Pathan,72,44,8,2,163.63,PWI,JSCA Stadium,15 May 2013
27,28,Aditya Tare,59,37,8,1,159.45,RR,Wankhede Stadium,15 May 2013
28,29,Aaron Finch,64,42,8,2,152.38,KXIP,IS Bindra Stadium,21 April 2013
29,30,Azhar Mahmood,61,41,8,1,148.78,RCB,M. Chinnaswamy Stadium,14 May 2013
30,31,Darren Sammy,60,41,8,1,146.34,RR,Sawai Mansingh Stadium,27 April 2013
31,32,Shaun Marsh,73,51,8,2,143.13,CSK,Chidambaram,02 May 2013
32,33,Manish Pandey,66,47,8,1,140.42,KKR,JSCA Stadium,15 May 2013
33,34,Mahela Jayawardene,59,43,8,1,137.20,MI,Feroz Shah Kotla Ground,21 April 2013
34,35,Robin Uthappa,54,41,8,1,131.70,RR,Sawai Mansingh Stadium,05 May 2013
35,36,Mahela Jayawardene,66,52,8,1,126.92,KKR,Eden Gardens,03 April 2013
36,37,Ajinkya Rahane,68,54,8,1,125.92,MI,Sawai Mansingh Stadium,17 April 2013
37,38,Rahul Dravid,54,48,8,0,112.50,PWI,Maharashtra Cricket Association's International Stadium,11 April 2013
38,39,Cheteshwar Pujara,51,48,8,0,106.25,KXIP,IS Bindra Stadium,06 May 2013
39,40,Luke Wright,44,23,7,1,191.30,DC,Maharashtra Cricket Association's International Stadium,19 May 2013
40,41,Suresh Raina,100,53,7,6,188.67,KXIP,Chidambaram,02 May 2013
41,42,Kieron Pollard,60,32,7,3,187.50,CSK,Eden Gardens,26 May 2013
42,43,MS Dhoni,67,37,7,4,181.08,SRH,Chidambaram,25 April 2013
43,44,Shane Watson,32,19,7,0,168.42,KXIP,Sawai Mansingh Stadium,14 April 2013
44,45,Sanju Samson,63,41,7,2,153.65,RCB,Sawai Mansingh Stadium,29 April 2013
45,46,Manan Vohra,43,28,7,0,153.57,PWI,Maharashtra Cricket Association's International Stadium,07 April 2013
46,47,Sachin Tendulkar,44,29,7,1,151.72,PWI,Wankhede Stadium,13 April 2013
47,48,Brad Hodge,46,31,7,0,148.38,KKR,Sawai Mansingh Stadium,08 April 2013
48,49,Brad Hodge,39,27,7,0,144.44,MI,Wankhede Stadium,15 May 2013
49,50,Aaron Finch,45,32,7,0,140.62,RR,Sawai Mansingh Stadium,05 May 2013
50,51,Mandeep Singh,77,58,7,0,132.75,PWI,IS Bindra Stadium,21 April 2013
51,52,Virat Kohli,65,50,7,1,130.00,DC,M. Chinnaswamy Stadium,16 April 2013
52,53,Gautam Gambhir,59,46,7,1,128.26,RCB,M. Chinnaswamy Stadium,11 April 2013
53,54,Parthiv Patel,47,37,7,0,127.02,KKR,Rajiv Gandhi Intl. Cricket Stadium,19 May 2013
54,55,Rahul Dravid,43,37,7,0,116.21,MI,Eden Gardens,24 May 2013
55,56,Rahul Dravid,53,48,7,0,110.41,DC,Sawai Mansingh Stadium,07 May 2013
56,57,Shaun Marsh,45,44,7,0,102.27,DC,HPCA Stadium,16 May 2013
57,58,Dwayne Smith,47,53,7,0,88.67,KKR,Wankhede Stadium,07 May 2013
58,59,Luke Wright,34,10,6,1,340.00,KXIP,IS Bindra Stadium,21 April 2013
59,60,Dwayne Smith,68,28,6,5,242.85,CSK,Feroz Shah Kotla Ground,21 May 2013
60,61,AB de Villiers,50,23,6,2,217.39,PWI,Maharashtra Cricket Association's International Stadium,02 May 2013
61,62,Chris Gayle,34,16,6,1,212.50,RR,Sawai Mansingh Stadium,29 April 2013
62,63,Shane Watson,70,34,6,6,205.88,CSK,Sawai Mansingh Stadium,12 May 2013
63,64,Rohit Sharma,79,39,6,6,202.56,KXIP,Wankhede Stadium,29 April 2013
64,65,Virat Kohli,56,29,6,4,193.10,CSK,M. Chinnaswamy Stadium,18 May 2013
65,66,Chris Gayle,61,33,6,3,184.84,KXIP,IS Bindra Stadium,06 May 2013
66,67,Shane Watson,101,61,6,6,165.57,CSK,Chidambaram,22 April 2013
67,68,David Warner,66,42,6,3,157.14,KKR,Shaheed Veer Narayan Singh International Cricket Stadium,01 May 2013
68,69,Jacques Kallis,41,27,6,0,151.85,SRH,Eden Gardens,14 April 2013
69,70,Parthiv Patel,44,30,6,1,146.66,CSK,Rajiv Gandhi Intl. Cricket Stadium,08 May 2013
70,71,Shikhar Dhawan,59,41,6,2,143.90,MI,Wankhede Stadium,13 May 2013
71,72,Dwayne Smith,62,44,6,2,140.90,RR,Eden Gardens,24 May 2013
72,73,Ajinkya Rahane,67,48,6,2,139.58,PWI,Sawai Mansingh Stadium,05 May 2013
73,74,Mandeep Singh,41,30,6,0,136.66,KKR,IS Bindra Stadium,16 April 2013
74,75,Virender Sehwag,30,22,6,0,136.36,KXIP,HPCA Stadium,16 May 2013
75,76,Virat Kohli,57,43,6,2,132.55,KXIP,M. Chinnaswamy Stadium,14 May 2013
76,77,Steve Smith,41,31,6,0,132.25,RCB,M. Chinnaswamy Stadium,23 April 2013
77,78,Adam Gilchrist,42,32,6,0,131.25,RR,IS Bindra Stadium,09 May 2013
78,79,Michael Hussey,65,50,6,2,130.00,DC,Feroz Shah Kotla Ground,18 April 2013
79,80,Rahul Dravid,65,51,6,2,127.45,DC,Feroz Shah Kotla Ground,06 April 2013
80,81,Eoin Morgan,47,38,6,0,123.68,KXIP,IS Bindra Stadium,16 April 2013
81,82,Manpreet Juneja,49,40,6,0,122.50,MI,Wankhede Stadium,09 April 2013
82,83,Aaron Finch,64,53,6,3,120.75,RR,Maharashtra Cricket Association's International Stadium,11 April 2013
83,84,Shaun Marsh,77,64,6,2,120.31,RR,IS Bindra Stadium,09 May 2013
84,85,Biplap Samantray,55,46,6,1,119.56,RR,Rajiv Gandhi Intl. Cricket Stadium,17 May 2013
85,86,Gautam Gambhir,53,45,6,1,117.77,SRH,Eden Gardens,14 April 2013
86,87,Gautam Gambhir,50,44,6,0,113.63,PWI,Maharashtra Cricket Association's International Stadium,09 May 2013
87,88,Jacques Kallis,37,33,6,0,112.12,KXIP,Eden Gardens,26 April 2013
88,89,Murali Vijay,55,50,6,0,110.00,RR,Sawai Mansingh Stadium,12 May 2013
89,90,Michael Hussey,40,40,6,0,100.00,RR,Sawai Mansingh Stadium,12 May 2013
90,91,Eoin Morgan,47,21,5,3,223.80,SRH,Eden Gardens,14 April 2013
91,92,MS Dhoni,51,26,5,3,196.15,MI,Chidambaram,06 April 2013
92,93,David Miller,51,26,5,2,196.15,CSK,Chidambaram,02 May 2013
93,94,Suresh Raina,82,42,5,5,195.23,MI,Feroz Shah Kotla Ground,21 May 2013
94,95,David Miller,80,41,5,5,195.12,PWI,IS Bindra Stadium,21 April 2013
95,96,MS Dhoni,44,23,5,1,191.30,DC,Feroz Shah Kotla Ground,18 April 2013
96,97,David Hussey,34,18,5,1,188.88,MI,Wankhede Stadium,29 April 2013
97,98,Parthiv Patel,26,14,5,0,185.71,MI,Wankhede Stadium,13 May 2013
98,99,Dishant Yagnik,31,17,5,0,182.35,MI,Eden Gardens,24 May 2013
99,100,Sachin Tendulkar,23,13,5,0,176.92,RCB,Wankhede Stadium,27 April 2013
