,POS,PLAYER,"
                                Runs
                            ","
                                BF
                            ","
                                4s
                            ","
                                6s
                            ","
                                SR
                            ","
                                Against
                            ","
                                Venue
                            ","
                                Match Date
                            "
0,1,Chris Gayle,28,6,1,4,466.66,PWI,M. Chinnaswamy Stadium,23 April 2013
1,2,Chris Gayle,28,5,1,4,560.00,PWI,M. Chinnaswamy Stadium,23 April 2013
2,3,Chris Gayle,26,5,2,3,520.00,PWI,M. Chinnaswamy Stadium,23 April 2013
3,4,AB de Villiers,26,6,3,2,433.33,PWI,Maharashtra Cricket Association's International Stadium,02 May 2013
4,5,Rohit Sharma,26,6,2,3,433.33,KXIP,Wankhede Stadium,29 April 2013
5,6,David Miller,25,6,3,2,416.66,RCB,IS Bindra Stadium,06 May 2013
6,7,Virat Kohli,23,6,2,2,383.33,DC,Feroz Shah Kotla Ground,10 May 2013
7,8,Suresh Raina,23,6,4,1,383.33,SRH,Rajiv Gandhi Intl. Cricket Stadium,08 May 2013
8,9,Dinesh Karthik,23,7,1,3,328.57,RCB,M. Chinnaswamy Stadium,04 April 2013
9,10,Vinay Kumar,22,6,0,3,366.66,RR,Sawai Mansingh Stadium,29 April 2013
10,11,Kieron Pollard,22,4,1,3,550.00,SRH,Wankhede Stadium,13 May 2013
11,12,Chris Gayle,21,5,0,3,420.00,KXIP,M. Chinnaswamy Stadium,14 May 2013
12,13,Ambati Rayudu,21,5,2,2,420.00,DC,Wankhede Stadium,09 April 2013
13,14,Chris Gayle,20,7,5,0,285.71,PWI,M. Chinnaswamy Stadium,23 April 2013
14,15,Sachin Tendulkar,20,6,5,0,333.33,KKR,Wankhede Stadium,07 May 2013
15,16,AB de Villiers,20,6,2,1,333.33,CSK,Chidambaram,13 April 2013
16,17,Eoin Morgan,20,6,3,1,333.33,SRH,Eden Gardens,14 April 2013
17,18,Yusuf Pathan,19,5,3,1,380.00,MI,Eden Gardens,24 April 2013
18,19,Virat Kohli,19,6,1,2,316.66,SRH,M. Chinnaswamy Stadium,09 April 2013
19,20,Azhar Mahmood,19,6,3,1,316.66,MI,HPCA Stadium,18 May 2013
20,21,Shane Watson,19,5,3,1,380.00,SRH,Sawai Mansingh Stadium,27 April 2013
21,22,Robin Uthappa,19,6,1,2,316.66,RR,Maharashtra Cricket Association's International Stadium,11 April 2013
22,23,Kieron Pollard,19,6,0,3,316.66,SRH,Wankhede Stadium,13 May 2013
23,24,Chris Gayle,19,5,0,3,380.00,CSK,M. Chinnaswamy Stadium,18 May 2013
24,25,Thisara Perera,19,4,0,3,475.00,KXIP,Rajiv Gandhi Intl. Cricket Stadium,19 April 2013
25,26,Rohit Sharma,19,4,0,3,475.00,DC,Wankhede Stadium,09 April 2013
26,27,Parthiv Patel,18,6,4,0,300.00,MI,Wankhede Stadium,13 May 2013
27,28,Stuart Binny,18,5,1,2,360.00,DC,Feroz Shah Kotla Ground,06 April 2013
28,29,Luke Wright,18,5,2,1,360.00,KXIP,IS Bindra Stadium,21 April 2013
29,30,Murali Vijay,18,6,0,3,300.00,SRH,Rajiv Gandhi Intl. Cricket Stadium,08 May 2013
30,31,Ben Rohrer,18,5,1,2,360.00,KXIP,HPCA Stadium,16 May 2013
31,32,Manpreet Gony,17,4,1,2,425.00,KKR,IS Bindra Stadium,16 April 2013
32,33,Adam Gilchrist,17,5,1,2,340.00,DC,HPCA Stadium,16 May 2013
33,34,Virat Kohli,17,4,1,2,425.00,DC,Feroz Shah Kotla Ground,10 May 2013
34,35,Azhar Mahmood,17,4,1,2,425.00,MI,HPCA Stadium,18 May 2013
35,36,Rohit Sharma,17,6,0,2,283.33,PWI,Wankhede Stadium,13 April 2013
36,37,AB de Villiers,17,5,2,1,340.00,KXIP,IS Bindra Stadium,06 May 2013
37,38,Rajagopal Sathish,17,4,1,2,425.00,SRH,IS Bindra Stadium,11 May 2013
38,39,Chris Gayle,17,7,1,2,242.85,KKR,M. Chinnaswamy Stadium,11 April 2013
39,40,David Miller,17,5,1,2,340.00,DC,HPCA Stadium,16 May 2013
40,41,Chris Gayle,17,5,1,2,340.00,PWI,M. Chinnaswamy Stadium,23 April 2013
41,42,Kieron Pollard,17,5,0,2,340.00,RCB,Wankhede Stadium,27 April 2013
42,43,Gurkeerat Mann Singh,17,4,1,2,425.00,KKR,Eden Gardens,26 April 2013
43,44,Aaron Finch,17,5,1,2,340.00,DC,Maharashtra Cricket Association's International Stadium,19 May 2013
44,45,Ajinkya Rahane,17,5,2,1,340.00,PWI,Sawai Mansingh Stadium,05 May 2013
45,46,Ryan ten Doeschate,17,6,2,1,283.33,PWI,Maharashtra Cricket Association's International Stadium,09 May 2013
46,47,Shaun Marsh,17,4,1,2,425.00,CSK,Chidambaram,02 May 2013
47,48,Brad Hodge,17,5,1,2,340.00,SRH,Feroz Shah Kotla Ground,22 May 2013
48,49,MS Dhoni,16,6,1,2,266.66,MI,Eden Gardens,26 May 2013
49,50,Sachin Tendulkar,16,6,4,0,266.66,PWI,Wankhede Stadium,13 April 2013
50,51,Parthiv Patel,16,6,2,1,266.66,CSK,Rajiv Gandhi Intl. Cricket Stadium,08 May 2013
51,52,Brad Hodge,16,6,4,0,266.66,MI,Wankhede Stadium,15 May 2013
52,53,Virat Kohli,16,6,1,2,266.66,CSK,M. Chinnaswamy Stadium,18 May 2013
53,54,Ashish Reddy,16,6,2,1,266.66,CSK,Chidambaram,25 April 2013
54,55,David Hussey,16,5,2,1,320.00,MI,Wankhede Stadium,29 April 2013
55,56,Shane Watson,16,6,4,0,266.66,CSK,Sawai Mansingh Stadium,12 May 2013
56,57,Dale Steyn,16,6,2,1,266.66,RR,Sawai Mansingh Stadium,27 April 2013
57,58,Manvinder Bisla,16,5,4,0,320.00,CSK,Chidambaram,28 April 2013
58,59,Dwayne Smith,16,5,1,2,320.00,RCB,Wankhede Stadium,27 April 2013
59,60,Dwayne Smith,16,6,3,0,266.66,CSK,Feroz Shah Kotla Ground,21 May 2013
60,61,AB de Villiers,16,4,1,2,400.00,PWI,M. Chinnaswamy Stadium,23 April 2013
61,62,Manan Vohra,16,4,4,0,400.00,PWI,Maharashtra Cricket Association's International Stadium,07 April 2013
62,63,Luke Wright,16,4,4,0,400.00,KXIP,IS Bindra Stadium,21 April 2013
63,64,Sachin Tendulkar,16,6,4,0,266.66,RCB,Wankhede Stadium,27 April 2013
64,65,Luke Wright,15,4,2,1,375.00,DC,Maharashtra Cricket Association's International Stadium,19 May 2013
65,66,Darren Sammy,15,4,0,2,375.00,KKR,Rajiv Gandhi Intl. Cricket Stadium,19 May 2013
66,67,Chris Gayle,15,4,2,1,375.00,MI,M. Chinnaswamy Stadium,04 April 2013
67,68,David Miller,15,5,2,1,300.00,RCB,IS Bindra Stadium,06 May 2013
68,69,Harbhajan Singh,15,5,3,0,300.00,RCB,Wankhede Stadium,27 April 2013
69,70,Thisara Perera,15,6,1,1,250.00,PWI,Rajiv Gandhi Intl. Cricket Stadium,05 April 2013
70,71,Rajagopal Sathish,15,5,2,1,300.00,RCB,IS Bindra Stadium,06 May 2013
71,72,David Miller,15,4,0,2,375.00,PWI,IS Bindra Stadium,21 April 2013
72,73,Virat Kohli,15,5,2,1,300.00,CSK,M. Chinnaswamy Stadium,18 May 2013
73,74,Chris Gayle,15,5,2,1,300.00,MI,M. Chinnaswamy Stadium,04 April 2013
74,75,Chris Gayle,15,6,2,1,250.00,RR,Sawai Mansingh Stadium,29 April 2013
75,76,Shane Watson,15,5,0,2,300.00,CSK,Chidambaram,22 April 2013
76,77,MS Dhoni,15,4,2,1,375.00,MI,Chidambaram,06 April 2013
77,78,Dinesh Karthik,15,5,2,1,300.00,DC,Wankhede Stadium,09 April 2013
78,79,Dwayne Smith,15,5,0,2,300.00,CSK,Feroz Shah Kotla Ground,21 May 2013
79,80,Shane Watson,15,4,2,1,375.00,SRH,Sawai Mansingh Stadium,27 April 2013
80,81,Kieron Pollard,15,5,2,1,300.00,RCB,Wankhede Stadium,27 April 2013
81,82,David Miller,15,5,1,1,300.00,RCB,IS Bindra Stadium,06 May 2013
82,83,Brett Lee,15,5,0,2,300.00,DC,Shaheed Veer Narayan Singh International Cricket Stadium,01 May 2013
83,84,Glenn Maxwell,15,5,0,2,300.00,RR,Wankhede Stadium,15 May 2013
84,85,Shane Watson,15,5,1,1,300.00,CSK,Chidambaram,22 April 2013
85,86,Virat Kohli,15,5,3,0,300.00,SRH,M. Chinnaswamy Stadium,09 April 2013
86,87,Chris Gayle,15,5,2,1,300.00,MI,M. Chinnaswamy Stadium,04 April 2013
87,88,Rohit Sharma,14,4,0,2,350.00,PWI,Wankhede Stadium,13 April 2013
88,89,Aaron Finch,14,5,3,0,280.00,DC,Shaheed Veer Narayan Singh International Cricket Stadium,28 April 2013
89,90,Dwayne Bravo,14,6,3,0,233.33,RR,Sawai Mansingh Stadium,12 May 2013
90,91,Rajat Bhatia,14,4,0,2,350.00,KXIP,IS Bindra Stadium,16 April 2013
91,92,Angelo Mathews,14,4,0,2,350.00,RCB,Maharashtra Cricket Association's International Stadium,02 May 2013
92,93,Manpreet Gony,14,6,1,1,233.33,KKR,IS Bindra Stadium,16 April 2013
93,94,Yusuf Pathan,14,5,2,1,280.00,PWI,JSCA Stadium,15 May 2013
94,95,Brad Hodge,14,5,0,2,280.00,RCB,Sawai Mansingh Stadium,29 April 2013
95,96,Dinesh Karthik,14,5,2,1,280.00,CSK,Wankhede Stadium,05 May 2013
96,97,Adam Gilchrist,14,6,2,1,233.33,PWI,Maharashtra Cricket Association's International Stadium,07 April 2013
97,98,MS Dhoni,14,5,1,1,280.00,DC,Chidambaram,14 May 2013
98,99,Dinesh Karthik,14,5,3,0,280.00,DC,Wankhede Stadium,09 April 2013
99,100,Stuart Binny,14,5,1,1,280.00,DC,Feroz Shah Kotla Ground,06 April 2013
