,POS,PLAYER,"
                                Ov
                            ","
                                Runs
                            ","
                                Wkts
                            ","
                                SR
                            ","
                                Against
                            ","
                                Venue
                            ","
                                Match Date
                            "
0,1,Ishant Sharma,4,66,0,-,CSK,Rajiv Gandhi Intl. Cricket Stadium,08 May 2013
1,2,Umesh Yadav,4,65,0,-,RCB,Feroz Shah Kotla Ground,10 May 2013
2,3,Ashok Dinda,4,63,0,-,MI,Wankhede Stadium,13 April 2013
3,4,Michael Neser,4,62,0,-,RCB,IS Bindra Stadium,06 May 2013
4,5,Ryan McLaren,4,60,2,12.00,MI,Wankhede Stadium,07 May 2013
5,6,Mitchell Marsh,3,56,1,18.00,RCB,M. Chinnaswamy Stadium,23 April 2013
6,7,Thisara Perera,3.3,55,0,-,MI,Wankhede Stadium,13 May 2013
7,8,Umesh Yadav,4,52,1,24.00,PWI,Maharashtra Cricket Association's International Stadium,19 May 2013
8,9,Ashok Dinda,4,52,2,12.00,RCB,Maharashtra Cricket Association's International Stadium,02 May 2013
9,10,Jacques Kallis,4,50,0,-,CSK,Chidambaram,28 April 2013
10,11,Dirk Nannes,4,50,0,-,KKR,Chidambaram,28 April 2013
11,12,Sachithra Senanayake,4,50,1,24.00,MI,Eden Gardens,24 April 2013
12,13,Kevon Cooper,4,49,0,-,CSK,Chidambaram,22 April 2013
13,14,Ashish Nehra,4,49,2,12.00,MI,Wankhede Stadium,09 April 2013
14,15,Mitchell Johnson,4,49,2,12.00,DC,Wankhede Stadium,09 April 2013
15,16,RP Singh,4,48,0,-,DC,M. Chinnaswamy Stadium,16 April 2013
16,17,Vinay Kumar,4,48,1,24.00,KXIP,IS Bindra Stadium,06 May 2013
17,18,Jacques Kallis,4,48,1,24.00,PWI,JSCA Stadium,15 May 2013
18,19,Ashok Dinda,4,48,2,12.00,RCB,M. Chinnaswamy Stadium,23 April 2013
19,20,Manpreet Gony,4,47,0,-,RCB,M. Chinnaswamy Stadium,14 May 2013
20,21,Ben Laughlin,4,46,0,-,MI,Wankhede Stadium,05 May 2013
21,22,Lasith Malinga,4,45,0,-,CSK,Feroz Shah Kotla Ground,21 May 2013
22,23,Lakshmipathy Balaji,4,45,0,-,CSK,Chidambaram,28 April 2013
23,24,Dale Steyn,4,45,1,24.00,CSK,Chidambaram,25 April 2013
24,25,Thisara Perera,4,45,3,8.00,CSK,Rajiv Gandhi Intl. Cricket Stadium,08 May 2013
25,26,Ravindra Jadeja,3,45,0,-,RR,Chidambaram,22 April 2013
26,27,Ali Murtaza,2,45,0,-,RCB,M. Chinnaswamy Stadium,23 April 2013
27,28,Thisara Perera,4,44,0,-,KKR,Eden Gardens,14 April 2013
28,29,Moises Henriques,4,44,1,24.00,PWI,Maharashtra Cricket Association's International Stadium,02 May 2013
29,30,Muttiah Muralitharan,4,44,1,24.00,KXIP,M. Chinnaswamy Stadium,14 May 2013
30,31,Lakshmipathy Balaji,4,44,1,24.00,KXIP,Eden Gardens,26 April 2013
31,32,Piyush Chawla,4,44,2,12.00,DC,HPCA Stadium,16 May 2013
32,33,Dhawal Kulkarni,4,44,2,12.00,KXIP,Wankhede Stadium,29 April 2013
33,34,Dwayne Bravo,4,44,2,12.00,MI,Chidambaram,06 April 2013
34,35,Syed Mohammad,4,43,1,24.00,MI,Wankhede Stadium,27 April 2013
35,36,Manpreet Gony,4,43,1,24.00,MI,Wankhede Stadium,29 April 2013
36,37,Vinay Kumar,4,43,1,24.00,DC,Feroz Shah Kotla Ground,10 May 2013
37,38,Mitchell Johnson,4,43,1,24.00,SRH,Wankhede Stadium,13 May 2013
38,39,Morne Morkel,4,43,1,24.00,MI,Wankhede Stadium,09 April 2013
39,40,Vinay Kumar,4,43,1,24.00,SRH,M. Chinnaswamy Stadium,09 April 2013
40,41,Lasith Malinga,4,43,1,24.00,RR,Eden Gardens,24 May 2013
41,42,Dhawal Kulkarni,4,42,0,-,SRH,Wankhede Stadium,13 May 2013
42,43,James Faulkner,4,42,0,-,RCB,Sawai Mansingh Stadium,29 April 2013
43,44,Dirk Nannes,4,42,0,-,PWI,Chidambaram,15 April 2013
44,45,Dan Christian,4,42,0,-,MI,M. Chinnaswamy Stadium,04 April 2013
45,46,Amit Mishra,4,42,0,-,RCB,M. Chinnaswamy Stadium,09 April 2013
46,47,Kevon Cooper,4,42,1,24.00,SRH,Sawai Mansingh Stadium,27 April 2013
47,48,Morne Morkel,4,42,1,24.00,CSK,Feroz Shah Kotla Ground,18 April 2013
48,49,Azhar Mahmood,4,42,2,12.00,PWI,IS Bindra Stadium,21 April 2013
49,50,Dwayne Bravo,4,42,4,6.00,MI,Eden Gardens,26 May 2013
50,51,Amit Mishra,4,41,0,-,CSK,Rajiv Gandhi Intl. Cricket Stadium,08 May 2013
51,52,Mitchell Johnson,4,41,0,-,RR,Sawai Mansingh Stadium,17 April 2013
52,53,Ashok Dinda,4,41,0,-,CSK,Maharashtra Cricket Association's International Stadium,30 April 2013
53,54,Lakshmipathy Balaji,4,41,1,24.00,PWI,JSCA Stadium,15 May 2013
54,55,Bhuvneshwar Kumar,4,41,1,24.00,RR,Maharashtra Cricket Association's International Stadium,11 April 2013
55,56,Manpreet Gony,4,41,2,12.00,RCB,IS Bindra Stadium,06 May 2013
56,57,RP Singh,3.5,41,0,-,CSK,Chidambaram,13 April 2013
57,58,Morne Morkel,4,40,0,-,RR,Sawai Mansingh Stadium,07 May 2013
58,59,Azhar Mahmood,4,40,0,-,DC,HPCA Stadium,16 May 2013
59,60,Wayne Parnell,4,40,0,-,KKR,Maharashtra Cricket Association's International Stadium,09 May 2013
60,61,Munaf Patel,4,40,0,-,RCB,M. Chinnaswamy Stadium,04 April 2013
61,62,Mitchell Johnson,4,40,0,-,CSK,Feroz Shah Kotla Ground,21 May 2013
62,63,RP Singh,4,40,1,24.00,MI,Wankhede Stadium,27 April 2013
63,64,Kieron Pollard,4,40,1,24.00,CSK,Chidambaram,06 April 2013
64,65,Brett Lee,4,40,2,12.00,DC,Eden Gardens,03 April 2013
65,66,Chris Morris,4,40,3,8.00,RCB,Chidambaram,13 April 2013
66,67,Siddarth Kaul,4,39,0,-,KXIP,HPCA Stadium,16 May 2013
67,68,Jason Holder,4,39,0,-,DC,Chidambaram,14 May 2013
68,69,Kevon Cooper,4,39,0,-,SRH,Rajiv Gandhi Intl. Cricket Stadium,17 May 2013
69,70,Ajit Chandila,4,39,0,-,RCB,Sawai Mansingh Stadium,29 April 2013
70,71,Irfan Pathan,4,39,0,-,RCB,M. Chinnaswamy Stadium,16 April 2013
71,72,Parvinder Awana,4,39,0,-,RR,IS Bindra Stadium,09 May 2013
72,73,Harmeet Singh Bansal,4,39,1,24.00,SRH,IS Bindra Stadium,11 May 2013
73,74,Kevon Cooper,4,39,1,24.00,PWI,Sawai Mansingh Stadium,05 May 2013
74,75,Lasith Malinga,4,39,1,24.00,KXIP,Wankhede Stadium,29 April 2013
75,76,Lakshmipathy Balaji,4,39,1,24.00,KXIP,IS Bindra Stadium,16 April 2013
76,77,Sandeep Sharma,4,39,2,12.00,MI,HPCA Stadium,18 May 2013
77,78,Parvinder Awana,4,39,2,12.00,KKR,IS Bindra Stadium,16 April 2013
78,79,Parvinder Awana,4,39,3,8.00,RCB,M. Chinnaswamy Stadium,14 May 2013
79,80,Lasith Malinga,4,39,3,8.00,KXIP,HPCA Stadium,18 May 2013
80,81,Vinay Kumar,3.5,39,1,23.00,RR,Sawai Mansingh Stadium,29 April 2013
81,82,Shaun Tait,3,39,0,-,DC,Sawai Mansingh Stadium,07 May 2013
82,83,Umesh Yadav,4,38,0,-,KXIP,HPCA Stadium,16 May 2013
83,84,Kane Richardson,4,38,0,-,DC,Shaheed Veer Narayan Singh International Cricket Stadium,28 April 2013
84,85,Praveen Kumar,4,38,0,-,CSK,Chidambaram,02 May 2013
85,86,Rahul Sharma,4,38,0,-,RR,Sawai Mansingh Stadium,05 May 2013
86,87,Vinay Kumar,4,38,1,24.00,MI,Wankhede Stadium,27 April 2013
87,88,Ajantha Mendis,4,38,1,24.00,KXIP,IS Bindra Stadium,21 April 2013
88,89,Bhuvneshwar Kumar,4,38,1,24.00,RR,Sawai Mansingh Stadium,05 May 2013
89,90,Pravin Tambe,4,38,1,24.00,MI,Wankhede Stadium,15 May 2013
90,91,Parvinder Awana,4,38,1,24.00,PWI,IS Bindra Stadium,21 April 2013
91,92,James Faulkner,4,38,1,24.00,DC,Sawai Mansingh Stadium,07 May 2013
92,93,Ashish Nehra,4,38,2,12.00,KXIP,HPCA Stadium,16 May 2013
93,94,RP Singh,3,38,0,-,KXIP,IS Bindra Stadium,06 May 2013
94,95,Jasprit Bumrah,3,38,0,-,DC,Feroz Shah Kotla Ground,21 April 2013
95,96,Shanthakumaran Sreesanth,2.4,38,0,-,PWI,Maharashtra Cricket Association's International Stadium,11 April 2013
96,97,Thisara Perera,4,37,0,-,MI,Rajiv Gandhi Intl. Cricket Stadium,01 May 2013
97,98,Ashish Nehra,4,37,0,-,CSK,Chidambaram,14 May 2013
98,99,Pragyan Ojha,4,37,0,-,SRH,Wankhede Stadium,13 May 2013
99,100,Siddarth Kaul,4,37,0,-,CSK,Chidambaram,14 May 2013
