,POS,PLAYER,"
                                Ov
                            ","
                                Maid
                            ","
                                Dots
                            ","
                                Runs
                            ","
                                Wkts
                            ","
                                SR
                            ","
                                Against
                            ","
                                Venue
                            ","
                                Match Date
                            "
0,1,Amit Mishra,4,0,18,8,2,12.00,RR,Rajiv Gandhi Intl. Cricket Stadium,17 May 2013
1,2,Praveen Kumar,4,1,17,10,2,12.00,RR,Sawai Mansingh Stadium,14 April 2013
2,3,Sunil Narine,4,1,17,11,0,-,SRH,Rajiv Gandhi Intl. Cricket Stadium,19 May 2013
3,4,Ryan Harris,4,0,17,12,1,24.00,PWI,Maharashtra Cricket Association's International Stadium,07 April 2013
4,5,RP Singh,4,0,17,13,3,8.00,RR,M. Chinnaswamy Stadium,20 April 2013
5,6,Mitchell Johnson,4,0,16,8,2,12.00,PWI,Maharashtra Cricket Association's International Stadium,11 May 2013
6,7,Karn Sharma,4,1,16,8,0,-,CSK,Chidambaram,25 April 2013
7,8,Dale Steyn,4,1,16,15,1,24.00,RR,Sawai Mansingh Stadium,27 April 2013
8,9,Bhuvneshwar Kumar,4,0,16,18,3,8.00,SRH,Maharashtra Cricket Association's International Stadium,17 April 2013
9,10,Sachithra Senanayake,4,0,16,18,1,24.00,CSK,Eden Gardens,20 April 2013
10,11,Mohit Sharma,4,0,16,20,0,-,MI,Wankhede Stadium,05 May 2013
11,12,Dale Steyn,4,1,15,11,2,12.00,DC,Feroz Shah Kotla Ground,12 April 2013
12,13,Sunil Narine,4,0,15,12,2,12.00,PWI,Maharashtra Cricket Association's International Stadium,09 May 2013
13,14,Bhuvneshwar Kumar,4,1,15,12,2,12.00,CSK,Chidambaram,15 April 2013
14,15,Ishant Sharma,4,1,15,15,2,12.00,MI,Rajiv Gandhi Intl. Cricket Stadium,01 May 2013
15,16,Irfan Pathan,4,0,15,16,1,24.00,KKR,Shaheed Veer Narayan Singh International Cricket Stadium,01 May 2013
16,17,Amit Mishra,4,1,15,16,1,24.00,RR,Feroz Shah Kotla Ground,22 May 2013
17,18,Murali Kartik,4,0,15,17,1,24.00,KKR,JSCA Stadium,12 May 2013
18,19,Manpreet Gony,4,0,15,18,1,24.00,KKR,IS Bindra Stadium,16 April 2013
19,20,Dhawal Kulkarni,4,0,15,19,3,8.00,RCB,Wankhede Stadium,27 April 2013
20,21,Piyush Chawla,4,0,15,20,2,12.00,MI,HPCA Stadium,18 May 2013
21,22,Ravi Rampaul,3.4,1,15,19,2,11.00,RR,M. Chinnaswamy Stadium,20 April 2013
22,23,Harbhajan Singh,4,0,15,21,1,24.00,RCB,M. Chinnaswamy Stadium,04 April 2013
23,24,Mohit Sharma,4,0,15,22,2,12.00,DC,Chidambaram,14 May 2013
24,25,Mitchell Johnson,4,0,15,22,1,24.00,CSK,Chidambaram,06 April 2013
25,26,Dale Steyn,4,0,15,23,1,24.00,RR,Feroz Shah Kotla Ground,22 May 2013
26,27,Bhuvneshwar Kumar,4,0,15,23,0,-,RCB,M. Chinnaswamy Stadium,23 April 2013
27,28,Dale Steyn,3.5,0,14,11,3,7.66,PWI,Rajiv Gandhi Intl. Cricket Stadium,05 April 2013
28,29,Sunil Narine,4,0,14,13,4,6.00,DC,Eden Gardens,03 April 2013
29,30,Mitchell Johnson,4,0,14,13,2,12.00,KKR,Wankhede Stadium,07 May 2013
30,31,Dale Steyn,4,0,14,14,1,24.00,KXIP,Rajiv Gandhi Intl. Cricket Stadium,19 April 2013
31,32,Sunil Narine,4,0,14,14,0,-,DC,Shaheed Veer Narayan Singh International Cricket Stadium,01 May 2013
32,33,Parvinder Awana,4,0,14,16,1,24.00,PWI,Maharashtra Cricket Association's International Stadium,07 April 2013
33,34,Siddharth Trivedi,4,1,14,17,1,24.00,MI,Sawai Mansingh Stadium,17 April 2013
34,35,Dirk Nannes,3.5,0,14,17,2,11.50,KXIP,IS Bindra Stadium,10 April 2013
35,36,Shanthakumaran Sreesanth,4,0,14,18,1,24.00,DC,Feroz Shah Kotla Ground,06 April 2013
36,37,Jason Holder,4,0,14,20,2,12.00,RR,Sawai Mansingh Stadium,12 May 2013
37,38,Brett Lee,4,0,14,20,1,24.00,RR,Sawai Mansingh Stadium,08 April 2013
38,39,RP Singh,4,0,14,20,1,24.00,PWI,M. Chinnaswamy Stadium,23 April 2013
39,40,Ravi Rampaul,4,0,14,21,2,12.00,PWI,M. Chinnaswamy Stadium,23 April 2013
40,41,Ravichandran Ashwin,4,1,14,21,2,12.00,KKR,Eden Gardens,20 April 2013
41,42,Dale Steyn,4,0,14,21,2,12.00,DC,Rajiv Gandhi Intl. Cricket Stadium,04 May 2013
42,43,Mohit Sharma,4,0,14,21,1,24.00,RR,Sawai Mansingh Stadium,12 May 2013
43,44,Ravichandran Ashwin,4,0,14,21,1,24.00,MI,Chidambaram,06 April 2013
44,45,Morne Morkel,4,0,14,22,1,24.00,KKR,Shaheed Veer Narayan Singh International Cricket Stadium,01 May 2013
45,46,Sandeep Sharma,4,1,14,23,3,8.00,DC,HPCA Stadium,16 May 2013
46,47,Mitchell Johnson,4,0,14,23,2,12.00,RR,Wankhede Stadium,15 May 2013
47,48,Ravindra Jadeja,4,0,14,26,1,24.00,PWI,Maharashtra Cricket Association's International Stadium,30 April 2013
48,49,Jacques Kallis,4,1,14,30,0,-,RCB,M. Chinnaswamy Stadium,11 April 2013
49,50,Ashok Dinda,4,0,14,31,3,8.00,DC,Shaheed Veer Narayan Singh International Cricket Stadium,28 April 2013
50,51,Lakshmipathy Balaji,3,1,13,7,0,-,MI,Wankhede Stadium,07 May 2013
51,52,Jacques Kallis,4,0,13,13,3,8.00,SRH,Eden Gardens,14 April 2013
52,53,Harbhajan Singh,4,0,13,13,1,24.00,CSK,Wankhede Stadium,05 May 2013
53,54,Thisara Perera,3.1,0,13,11,2,9.50,DC,Rajiv Gandhi Intl. Cricket Stadium,04 May 2013
54,55,Ishant Sharma,3,1,13,11,1,18.00,DC,Rajiv Gandhi Intl. Cricket Stadium,04 May 2013
55,56,Amit Mishra,4,0,13,15,1,24.00,RCB,Rajiv Gandhi Intl. Cricket Stadium,07 April 2013
56,57,James Faulkner,4,0,13,16,0,-,KKR,Eden Gardens,03 May 2013
57,58,Dale Steyn,4,0,13,16,0,-,RCB,M. Chinnaswamy Stadium,09 April 2013
58,59,James Faulkner,4,0,13,17,2,12.00,PWI,Maharashtra Cricket Association's International Stadium,11 April 2013
59,60,Roelof van der Merwe,4,1,13,17,1,24.00,KXIP,Feroz Shah Kotla Ground,23 April 2013
60,61,Ravi Rampaul,4,1,13,17,1,24.00,KKR,JSCA Stadium,12 May 2013
61,62,Sunil Narine,4,0,13,17,0,-,RCB,M. Chinnaswamy Stadium,11 April 2013
62,63,Dale Steyn,4,1,13,17,0,-,CSK,Rajiv Gandhi Intl. Cricket Stadium,08 May 2013
63,64,Ajit Chandila,3,0,13,13,2,9.00,SRH,Sawai Mansingh Stadium,27 April 2013
64,65,Vinay Kumar,4,0,13,18,3,8.00,RR,M. Chinnaswamy Stadium,20 April 2013
65,66,Mitchell Johnson,4,0,13,19,2,12.00,CSK,Eden Gardens,26 May 2013
66,67,Praveen Kumar,4,0,13,19,1,24.00,DC,HPCA Stadium,16 May 2013
67,68,James Faulkner,4,0,13,20,5,4.80,SRH,Sawai Mansingh Stadium,27 April 2013
68,69,Thisara Perera,4,0,13,20,3,8.00,PWI,Maharashtra Cricket Association's International Stadium,17 April 2013
69,70,Shanthakumaran Sreesanth,4,1,13,20,2,12.00,KXIP,Sawai Mansingh Stadium,14 April 2013
70,71,Dale Steyn,4,0,13,20,2,12.00,KXIP,IS Bindra Stadium,11 May 2013
71,72,Ashok Dinda,4,0,13,21,2,12.00,DC,Maharashtra Cricket Association's International Stadium,19 May 2013
72,73,Lasith Malinga,4,0,13,22,2,12.00,CSK,Eden Gardens,26 May 2013
73,74,Anand Rajan,4,0,13,22,1,24.00,KKR,Rajiv Gandhi Intl. Cricket Stadium,19 May 2013
74,75,Ishant Sharma,4,0,13,22,1,24.00,PWI,Maharashtra Cricket Association's International Stadium,17 April 2013
75,76,Ishant Sharma,4,0,13,22,0,-,PWI,Rajiv Gandhi Intl. Cricket Stadium,05 April 2013
76,77,Dale Steyn,4,0,13,24,2,12.00,KKR,Rajiv Gandhi Intl. Cricket Stadium,19 May 2013
77,78,Umesh Yadav,4,0,13,24,2,12.00,PWI,Shaheed Veer Narayan Singh International Cricket Stadium,28 April 2013
78,79,Jaydev Unadkat,4,0,13,25,5,4.80,DC,Feroz Shah Kotla Ground,10 May 2013
79,80,Shanthakumaran Sreesanth,4,0,13,25,1,24.00,KKR,Sawai Mansingh Stadium,08 April 2013
80,81,Mitchell Johnson,4,0,13,26,2,12.00,KKR,Eden Gardens,24 April 2013
81,82,Mohit Sharma,4,0,13,26,1,24.00,MI,Eden Gardens,26 May 2013
82,83,Praveen Kumar,4,0,13,28,0,-,KKR,Eden Gardens,26 April 2013
83,84,Ryan Harris,4,0,13,30,0,-,RR,Sawai Mansingh Stadium,14 April 2013
84,85,Bhuvneshwar Kumar,4,0,13,30,0,-,DC,Shaheed Veer Narayan Singh International Cricket Stadium,28 April 2013
85,86,Dirk Nannes,4,0,13,31,1,24.00,RCB,Chidambaram,13 April 2013
86,87,Ishant Sharma,3.4,0,13,30,1,22.00,RCB,M. Chinnaswamy Stadium,09 April 2013
87,88,Wayne Parnell,4,0,13,34,2,12.00,KKR,JSCA Stadium,15 May 2013
88,89,Azhar Mahmood,4,0,13,35,3,8.00,KKR,Eden Gardens,26 April 2013
89,90,Lasith Malinga,3,0,12,6,2,9.00,CSK,Wankhede Stadium,05 May 2013
90,91,Ankeet Chavan,3,0,12,10,0,-,MI,Sawai Mansingh Stadium,17 April 2013
91,92,Ali Murtaza,4,0,12,15,3,8.00,DC,Maharashtra Cricket Association's International Stadium,19 May 2013
92,93,Ajantha Mendis,4,0,12,15,1,24.00,MI,Maharashtra Cricket Association's International Stadium,11 May 2013
93,94,James Faulkner,4,1,12,16,5,4.80,SRH,Rajiv Gandhi Intl. Cricket Stadium,17 May 2013
94,95,Dale Steyn,4,0,12,17,2,12.00,RR,Rajiv Gandhi Intl. Cricket Stadium,17 May 2013
95,96,Mohit Sharma,3,0,12,13,0,-,KKR,Eden Gardens,20 April 2013
96,97,Vikramjeet Malik,3,0,12,14,2,9.00,SRH,Feroz Shah Kotla Ground,22 May 2013
97,98,Ajit Chandila,3,0,12,14,0,-,KXIP,Sawai Mansingh Stadium,14 April 2013
98,99,Lasith Malinga,4,0,12,20,1,24.00,DC,Wankhede Stadium,09 April 2013
99,100,Sandeep Sharma,4,0,12,21,3,8.00,SRH,IS Bindra Stadium,11 May 2013
