,POS,PLAYER,"
                                Runs
                            ","
                                BF
                            ","
                                4s
                            ","
                                6s
                            ","
                                SR
                            ","
                                Against
                            ","
                                Venue
                            ","
                                Match Date
                            "
0,1,Chris Gayle,175,66,13,17,265.15,PWI,M. Chinnaswamy Stadium,23 April 2013
1,2,Chris Gayle,85,50,4,9,170.00,KKR,M. Chinnaswamy Stadium,11 April 2013
2,3,Kieron Pollard,66,27,2,8,244.44,SRH,Wankhede Stadium,13 May 2013
3,4,David Miller,101,38,8,7,265.78,RCB,IS Bindra Stadium,06 May 2013
4,5,Shane Watson,70,34,6,6,205.88,CSK,Sawai Mansingh Stadium,12 May 2013
5,6,Rohit Sharma,79,39,6,6,202.56,KXIP,Wankhede Stadium,29 April 2013
6,7,Suresh Raina,100,53,7,6,188.67,KXIP,Chidambaram,02 May 2013
7,8,Shane Watson,101,61,6,6,165.57,CSK,Chidambaram,22 April 2013
8,9,Chris Gayle,77,53,4,6,145.28,KXIP,M. Chinnaswamy Stadium,14 May 2013
9,10,Dwayne Smith,68,28,6,5,242.85,CSK,Feroz Shah Kotla Ground,21 May 2013
10,11,Suresh Raina,82,42,5,5,195.23,MI,Feroz Shah Kotla Ground,21 May 2013
11,12,David Miller,80,41,5,5,195.12,PWI,IS Bindra Stadium,21 April 2013
12,13,Rohit Sharma,62,32,3,5,193.75,PWI,Wankhede Stadium,13 April 2013
13,14,Brad Hodge,54,29,2,5,186.20,SRH,Feroz Shah Kotla Ground,22 May 2013
14,15,Rohit Sharma,73,43,5,5,169.76,DC,Feroz Shah Kotla Ground,21 April 2013
15,16,Robin Uthappa,75,45,5,5,166.66,RCB,Maharashtra Cricket Association's International Stadium,02 May 2013
16,17,David Miller,56,34,1,5,164.70,MI,Wankhede Stadium,29 April 2013
17,18,Chris Gayle,92,58,11,5,158.62,MI,M. Chinnaswamy Stadium,04 April 2013
18,19,Kieron Pollard,57,38,4,5,150.00,CSK,Chidambaram,06 April 2013
19,20,Rohit Sharma,74,50,4,5,148.00,DC,Wankhede Stadium,09 April 2013
20,21,MS Dhoni,63,45,3,5,140.00,MI,Eden Gardens,26 May 2013
21,22,Dwayne Smith,62,45,3,5,137.77,KKR,Eden Gardens,24 April 2013
22,23,Chris Gayle,28,13,0,4,215.38,CSK,M. Chinnaswamy Stadium,18 May 2013
23,24,David Warner,51,25,4,4,204.00,PWI,Shaheed Veer Narayan Singh International Cricket Stadium,28 April 2013
24,25,Virat Kohli,93,47,11,4,197.87,SRH,M. Chinnaswamy Stadium,09 April 2013
25,26,Virat Kohli,56,29,6,4,193.10,CSK,M. Chinnaswamy Stadium,18 May 2013
26,27,Shane Watson,98,53,13,4,184.90,SRH,Sawai Mansingh Stadium,27 April 2013
27,28,David Miller,44,24,3,4,183.33,DC,HPCA Stadium,16 May 2013
28,29,Azhar Mahmood,80,44,8,4,181.81,MI,HPCA Stadium,18 May 2013
29,30,MS Dhoni,67,37,7,4,181.08,SRH,Chidambaram,25 April 2013
30,31,Virat Kohli,99,58,10,4,170.68,DC,Feroz Shah Kotla Ground,10 May 2013
31,32,Thisara Perera,40,24,1,4,166.66,RCB,M. Chinnaswamy Stadium,09 April 2013
32,33,MS Dhoni,58,35,2,4,165.71,DC,Chidambaram,14 May 2013
33,34,David Warner,61,37,5,4,164.86,MI,Wankhede Stadium,09 April 2013
34,35,Dinesh Karthik,60,37,3,4,162.16,RCB,M. Chinnaswamy Stadium,04 April 2013
35,36,Eoin Morgan,42,26,3,4,161.53,KXIP,Eden Gardens,26 April 2013
36,37,Michael Hussey,67,42,5,4,159.52,SRH,Rajiv Gandhi Intl. Cricket Stadium,08 May 2013
37,38,Aaron Finch,52,34,3,4,152.94,DC,Maharashtra Cricket Association's International Stadium,19 May 2013
38,39,Angelo Mathews,40,28,0,4,142.85,KKR,Maharashtra Cricket Association's International Stadium,09 May 2013
39,40,AB de Villiers,31,8,3,3,387.50,PWI,M. Chinnaswamy Stadium,23 April 2013
40,41,Vinay Kumar,22,6,0,3,366.66,RR,Sawai Mansingh Stadium,29 April 2013
41,42,MS Dhoni,45,16,4,3,281.25,PWI,Maharashtra Cricket Association's International Stadium,30 April 2013
42,43,Ravindra Jadeja,36,14,3,3,257.14,KKR,Eden Gardens,20 April 2013
43,44,Steve Smith,39,16,3,3,243.75,CSK,Chidambaram,15 April 2013
44,45,Manpreet Gony,42,18,4,3,233.33,KKR,IS Bindra Stadium,16 April 2013
45,46,Ashish Reddy,36,16,2,3,225.00,CSK,Chidambaram,25 April 2013
46,47,Eoin Morgan,47,21,5,3,223.80,SRH,Eden Gardens,14 April 2013
47,48,Kieron Pollard,34,16,2,3,212.50,RCB,Wankhede Stadium,27 April 2013
48,49,Thisara Perera,23,11,0,3,209.09,KXIP,Rajiv Gandhi Intl. Cricket Stadium,19 April 2013
49,50,Stuart Binny,40,20,2,3,200.00,DC,Feroz Shah Kotla Ground,06 April 2013
50,51,MS Dhoni,51,26,5,3,196.15,MI,Chidambaram,06 April 2013
51,52,Suresh Raina,99,52,11,3,190.38,SRH,Rajiv Gandhi Intl. Cricket Stadium,08 May 2013
52,53,Kieron Pollard,60,32,7,3,187.50,CSK,Eden Gardens,26 May 2013
53,54,Cameron White,43,23,3,3,186.95,MI,Wankhede Stadium,13 May 2013
54,55,Chris Gayle,61,33,6,3,184.84,KXIP,IS Bindra Stadium,06 May 2013
55,56,Stuart Binny,41,23,2,3,178.26,CSK,Sawai Mansingh Stadium,12 May 2013
56,57,Ben Rohrer,49,29,4,3,168.96,KXIP,HPCA Stadium,16 May 2013
57,58,Yusuf Pathan,49,29,3,3,168.96,SRH,Rajiv Gandhi Intl. Cricket Stadium,19 May 2013
58,59,Angelo Mathews,32,19,0,3,168.42,RCB,Maharashtra Cricket Association's International Stadium,02 May 2013
59,60,Mitchell Marsh,35,21,2,3,166.66,RR,Sawai Mansingh Stadium,05 May 2013
60,61,Adam Gilchrist,85,54,10,3,157.40,RCB,M. Chinnaswamy Stadium,14 May 2013
61,62,David Warner,66,42,6,3,157.14,KKR,Shaheed Veer Narayan Singh International Cricket Stadium,01 May 2013
62,63,Cameron White,52,34,3,3,152.94,RCB,M. Chinnaswamy Stadium,09 April 2013
63,64,Aaron Finch,48,32,2,3,150.00,KKR,JSCA Stadium,15 May 2013
64,65,Yuvraj Singh,30,20,0,3,150.00,KKR,JSCA Stadium,15 May 2013
65,66,Murali Vijay,29,20,2,3,145.00,SRH,Rajiv Gandhi Intl. Cricket Stadium,08 May 2013
66,67,Yuvraj Singh,34,24,2,3,141.66,KXIP,IS Bindra Stadium,21 April 2013
67,68,Yusuf Pathan,49,35,3,3,140.00,RR,Eden Gardens,03 May 2013
68,69,Dwayne Smith,50,36,4,3,138.88,RCB,Wankhede Stadium,27 April 2013
69,70,Darren Sammy,29,21,0,3,138.09,RR,Feroz Shah Kotla Ground,22 May 2013
70,71,Glenn Maxwell,23,17,0,3,135.29,RR,Wankhede Stadium,15 May 2013
71,72,Eoin Morgan,51,38,3,3,134.21,RR,Sawai Mansingh Stadium,08 April 2013
72,73,Aaron Finch,64,53,6,3,120.75,RR,Maharashtra Cricket Association's International Stadium,11 April 2013
73,74,Ajinkya Rahane,59,49,3,3,120.40,KXIP,IS Bindra Stadium,09 May 2013
74,75,Manvinder Bisla,51,44,3,3,115.90,KXIP,Eden Gardens,26 April 2013
75,76,Morne Morkel,13,4,0,2,325.00,KXIP,HPCA Stadium,16 May 2013
76,77,Ambati Rayudu,24,8,2,2,300.00,DC,Wankhede Stadium,09 April 2013
77,78,Rajat Bhatia,16,6,0,2,266.66,KXIP,IS Bindra Stadium,16 April 2013
78,79,Brett Lee,16,6,0,2,266.66,DC,Shaheed Veer Narayan Singh International Cricket Stadium,01 May 2013
79,80,Stuart Binny,32,13,2,2,246.15,PWI,Sawai Mansingh Stadium,05 May 2013
80,81,MS Dhoni,24,10,2,2,240.00,RCB,M. Chinnaswamy Stadium,18 May 2013
81,82,Harbhajan Singh,25,11,2,2,227.27,CSK,Wankhede Stadium,05 May 2013
82,83,AB de Villiers,50,23,6,2,217.39,PWI,Maharashtra Cricket Association's International Stadium,02 May 2013
83,84,Sunil Narine,13,6,0,2,216.66,CSK,Eden Gardens,20 April 2013
84,85,Irfan Pathan,23,11,2,2,209.09,RCB,Feroz Shah Kotla Ground,10 May 2013
85,86,Robin Uthappa,32,16,3,2,200.00,RR,Maharashtra Cricket Association's International Stadium,11 April 2013
86,87,AB de Villiers,38,19,4,2,200.00,KXIP,IS Bindra Stadium,06 May 2013
87,88,David Miller,51,26,5,2,196.15,CSK,Chidambaram,02 May 2013
88,89,Dinesh Karthik,34,18,3,2,188.88,KKR,Wankhede Stadium,07 May 2013
89,90,AB de Villiers,32,17,2,2,188.23,DC,Feroz Shah Kotla Ground,10 May 2013
90,91,Gurkeerat Mann Singh,28,15,2,2,186.66,KKR,Eden Gardens,26 April 2013
91,92,Aditya Tare,22,12,2,2,183.33,KXIP,HPCA Stadium,18 May 2013
92,93,Brad Hodge,27,15,0,2,180.00,MI,Sawai Mansingh Stadium,17 April 2013
93,94,Dinesh Karthik,86,48,14,2,179.16,DC,Wankhede Stadium,09 April 2013
94,95,Brad Hodge,32,18,1,2,177.77,RCB,Sawai Mansingh Stadium,29 April 2013
95,96,Thisara Perera,23,13,1,2,176.92,CSK,Rajiv Gandhi Intl. Cricket Stadium,08 May 2013
96,97,Michael Hussey,45,26,5,2,173.07,SRH,Chidambaram,25 April 2013
97,98,Wriddhiman Saha,39,23,4,2,169.56,KKR,Chidambaram,28 April 2013
98,99,Thisara Perera,32,19,2,2,168.42,KXIP,IS Bindra Stadium,11 May 2013
99,100,Murali Vijay,32,19,2,2,168.42,RCB,M. Chinnaswamy Stadium,18 May 2013
