,POS,PLAYER,"
                                Ov
                            ","
                                Runs
                            ","
                                Wkts
                            ","
                                SR
                            ","
                                Against
                            ","
                                Venue
                            ","
                                Match Date
                            "
0,1,Alzarri Joseph,3.4,12,6,3.66,SRH,Rajiv Gandhi Intl. Cricket Stadium,06 April 2019
1,2,Mohammad Nabi,4,11,4,6.00,RCB,Rajiv Gandhi Intl. Cricket Stadium,31 March 2019
2,3,Sam Curran,2.2,11,4,3.50,DC,IS Bindra Stadium,01 April 2019
3,4,Imran Tahir,3.2,12,4,5.00,DC,Chidambaram,01 May 2019
4,5,Kagiso Rabada,4,21,4,6.00,RCB,M. Chinnaswamy Stadium,07 April 2019
5,6,Kagiso Rabada,3.5,22,4,5.75,SRH,Rajiv Gandhi Intl. Cricket Stadium,14 April 2019
6,7,Imran Tahir,4,27,4,6.00,KKR,Eden Gardens,14 April 2019
7,8,Lasith Malinga,4,31,4,6.00,RCB,Wankhede Stadium,15 April 2019
8,9,Lasith Malinga,3.4,37,4,5.50,CSK,Chidambaram,26 April 2019
9,10,Yuzvendra Chahal,4,38,4,6.00,MI,M. Chinnaswamy Stadium,28 March 2019
10,11,Imran Tahir,4,9,3,8.00,RCB,Chidambaram,23 March 2019
11,12,Ravindra Jadeja,3,9,3,6.00,DC,Chidambaram,01 May 2019
12,13,Shreyas Gopal,4,12,3,8.00,RCB,Sawai Mansingh Stadium,02 April 2019
13,14,Shreyas Gopal,1,12,3,2.00,RCB,M. Chinnaswamy Stadium,30 April 2019
14,15,Jofra Archer,4,15,3,8.00,KXIP,IS Bindra Stadium,16 April 2019
15,16,Amit Mishra,4,17,3,8.00,RR,Feroz Shah Kotla Ground,04 May 2019
16,17,Keemo Paul,4,17,3,8.00,SRH,Rajiv Gandhi Intl. Cricket Stadium,14 April 2019
17,18,Rahul Chahar,4,19,3,8.00,DC,Feroz Shah Kotla Ground,18 April 2019
18,19,Sandeep Sharma,3.5,19,3,7.66,RCB,Rajiv Gandhi Intl. Cricket Stadium,31 March 2019
19,20,Piyush Chawla,4,20,3,8.00,RR,Eden Gardens,25 April 2019
20,21,Harbhajan Singh,4,20,3,8.00,RCB,Chidambaram,23 March 2019
21,22,Hardik Pandya,4,20,3,8.00,CSK,Wankhede Stadium,03 April 2019
22,23,Jasprit Bumrah,4,20,3,8.00,RCB,M. Chinnaswamy Stadium,28 March 2019
23,24,Deepak Chahar,4,20,3,8.00,KKR,Chidambaram,09 April 2019
24,25,Mohammed Shami,4,21,3,8.00,MI,Wankhede Stadium,10 April 2019
25,26,Rashid Khan,4,21,3,8.00,KXIP,Rajiv Gandhi Intl. Cricket Stadium,29 April 2019
26,27,Chris Morris,3,22,3,6.00,SRH,Rajiv Gandhi Intl. Cricket Stadium,14 April 2019
27,28,Ravichandran Ashwin,4,23,3,8.00,CSK,Chidambaram,06 April 2019
28,29,Washington Sundar,3,24,3,6.00,SRH,M. Chinnaswamy Stadium,04 May 2019
29,30,Deepak Chahar,4,26,3,8.00,MI,Rajiv Gandhi Intl. Cricket Stadium,12 May 2019
30,31,Ish Sodhi,3.1,26,3,6.33,DC,Feroz Shah Kotla Ground,04 May 2019
31,32,Shreyas Gopal,4,27,3,8.00,SRH,Rajiv Gandhi Intl. Cricket Stadium,29 March 2019
32,33,Rahul Chahar,4,29,3,8.00,RR,Sawai Mansingh Stadium,20 April 2019
33,34,Khaleel Ahmed,4,30,3,8.00,DC,Rajiv Gandhi Intl. Cricket Stadium,14 April 2019
34,35,Chris Morris,4,30,3,8.00,KXIP,IS Bindra Stadium,01 April 2019
35,36,Keemo Paul,4,32,3,8.00,SRH,ACA-VDCA Stadium,08 May 2019
36,37,Dwayne Bravo,4,33,3,8.00,DC,Feroz Shah Kotla Ground,26 March 2019
37,38,Khaleel Ahmed,4,33,3,8.00,KKR,Rajiv Gandhi Intl. Cricket Stadium,21 April 2019
38,39,Lasith Malinga,4,34,3,8.00,CSK,Wankhede Stadium,03 April 2019
39,40,Krunal Pandya,4,34,3,8.00,RR,Wankhede Stadium,13 April 2019
40,41,Sam Curran,4,35,3,8.00,CSK,IS Bindra Stadium,05 May 2019
41,42,Lasith Malinga,4,35,3,8.00,KKR,Wankhede Stadium,05 May 2019
42,43,Umesh Yadav,4,36,3,8.00,KXIP,M. Chinnaswamy Stadium,24 April 2019
43,44,Khaleel Ahmed,4,37,3,8.00,RCB,M. Chinnaswamy Stadium,04 May 2019
44,45,Ishant Sharma,4,38,3,8.00,RR,Feroz Shah Kotla Ground,04 May 2019
45,46,Jofra Archer,4,39,3,8.00,MI,Wankhede Stadium,13 April 2019
46,47,Khaleel Ahmed,4,40,3,8.00,KXIP,Rajiv Gandhi Intl. Cricket Stadium,29 April 2019
47,48,Mitchell McClenaghan,4,40,3,8.00,DC,Wankhede Stadium,24 March 2019
48,49,Sandeep Lamichhane,4,40,3,8.00,KXIP,Feroz Shah Kotla Ground,20 April 2019
49,50,Khaleel Ahmed,4,42,3,8.00,MI,Wankhede Stadium,02 May 2019
50,51,Harbhajan Singh,4,57,3,8.00,KXIP,IS Bindra Stadium,05 May 2019
51,52,Oshane Thomas,1,6,2,3.00,RCB,M. Chinnaswamy Stadium,30 April 2019
52,53,Krunal Pandya,3,7,2,9.00,CSK,Chidambaram,26 April 2019
53,54,Jasprit Bumrah,3,10,2,9.00,CSK,Chidambaram,26 April 2019
54,55,Mitchell Santner,4,13,2,12.00,MI,Chidambaram,26 April 2019
55,56,Rahul Chahar,4,14,2,12.00,CSK,Chidambaram,07 May 2019
56,57,Jasprit Bumrah,4,14,2,12.00,CSK,Rajiv Gandhi Intl. Cricket Stadium,12 May 2019
57,58,Ravindra Jadeja,4,15,2,12.00,RCB,Chidambaram,23 March 2019
58,59,Rashid Khan,4,15,2,12.00,DC,ACA-VDCA Stadium,08 May 2019
59,60,Harbhajan Singh,4,15,2,12.00,KKR,Chidambaram,09 April 2019
60,61,Rashid Khan,4,17,2,12.00,CSK,Rajiv Gandhi Intl. Cricket Stadium,17 April 2019
61,62,Jofra Archer,4,17,2,12.00,CSK,Chidambaram,31 March 2019
62,63,Yuzvendra Chahal,4,17,2,12.00,RR,Sawai Mansingh Stadium,02 April 2019
63,64,Harbhajan Singh,4,17,2,12.00,KXIP,Chidambaram,06 April 2019
64,65,Mohammed Shami,3,17,2,9.00,CSK,IS Bindra Stadium,05 May 2019
65,66,Moeen Ali,4,18,2,12.00,MI,Wankhede Stadium,15 April 2019
66,67,Jasprit Bumrah,4,18,2,12.00,DC,Feroz Shah Kotla Ground,18 April 2019
67,68,Shardul Thakur,4,18,2,12.00,KKR,Eden Gardens,14 April 2019
68,69,Dwayne Bravo,4,19,2,12.00,DC,ACA-VDCA Stadium,10 May 2019
69,70,Deepak Chahar,4,19,2,12.00,RR,Chidambaram,31 March 2019
70,71,Sunil Narine,4,19,2,12.00,CSK,Eden Gardens,14 April 2019
71,72,Varun Aaron,4,20,2,12.00,KKR,Eden Gardens,25 April 2019
72,73,Ravindra Jadeja,4,20,2,12.00,RR,Sawai Mansingh Stadium,11 April 2019
73,74,Imran Tahir,4,20,2,12.00,SRH,Rajiv Gandhi Intl. Cricket Stadium,17 April 2019
74,75,Hardik Pandya,3,20,2,9.00,KKR,Wankhede Stadium,05 May 2019
75,76,Hardik Pandya,2,20,2,6.00,SRH,Wankhede Stadium,02 May 2019
76,77,Imran Tahir,4,21,2,12.00,KKR,Chidambaram,09 April 2019
77,78,Mohammad Nabi,4,21,2,12.00,DC,Feroz Shah Kotla Ground,04 April 2019
78,79,Shreyas Gopal,4,21,2,12.00,MI,Sawai Mansingh Stadium,20 April 2019
79,80,Shreyas Gopal,4,21,2,12.00,DC,Feroz Shah Kotla Ground,04 May 2019
80,81,Rahul Chahar,4,21,2,12.00,SRH,Rajiv Gandhi Intl. Cricket Stadium,06 April 2019
81,82,Sandeep Sharma,4,21,2,12.00,KXIP,IS Bindra Stadium,08 April 2019
82,83,Pawan Negi,3.1,21,2,9.50,KKR,M. Chinnaswamy Stadium,05 April 2019
83,84,Andre Russell,3,21,2,9.00,KXIP,Eden Gardens,27 March 2019
84,85,Krunal Pandya,4,22,2,12.00,SRH,Wankhede Stadium,02 May 2019
85,86,Jason Behrendorff,4,22,2,12.00,CSK,Wankhede Stadium,03 April 2019
86,87,Axar Patel,3,22,2,9.00,KXIP,Feroz Shah Kotla Ground,20 April 2019
87,88,Kagiso Rabada,4,23,2,12.00,KXIP,Feroz Shah Kotla Ground,20 April 2019
88,89,Imran Tahir,4,23,2,12.00,RR,Chidambaram,31 March 2019
89,90,Kagiso Rabada,4,23,2,12.00,MI,Wankhede Stadium,24 March 2019
90,91,Jasprit Bumrah,4,23,2,12.00,RR,Wankhede Stadium,13 April 2019
91,92,Imran Tahir,3,23,2,9.00,MI,Rajiv Gandhi Intl. Cricket Stadium,12 May 2019
92,93,Ravindra Jadeja,3,23,2,9.00,DC,ACA-VDCA Stadium,10 May 2019
93,94,Bhuvneshwar Kumar,4,24,2,12.00,RCB,M. Chinnaswamy Stadium,04 May 2019
94,95,Ravichandran Ashwin,4,24,2,12.00,RR,IS Bindra Stadium,16 April 2019
95,96,Navdeep Saini,4,24,2,12.00,DC,M. Chinnaswamy Stadium,07 April 2019
96,97,Sunil Narine,3.2,24,2,10.00,CSK,Chidambaram,09 April 2019
97,98,Khaleel Ahmed,2.5,24,2,8.50,DC,ACA-VDCA Stadium,08 May 2019
98,99,Deepak Chahar,4,25,2,12.00,RCB,M. Chinnaswamy Stadium,21 April 2019
99,100,Murugan Ashwin,4,25,2,12.00,MI,IS Bindra Stadium,30 March 2019
