,POS,PLAYER,"
                                Ov
                            ","
                                Econ
                            ","
                                Dots
                            ","
                                Runs
                            ","
                                Wkts
                            ","
                                SR
                            ","
                                Against
                            ","
                                Venue
                            ","
                                Match Date
                            "
0,1,Yuzvendra Chahal,4,1.50,18,6,1,24.00,CSK,Chidambaram,23 March 2019
1,2,Imran Tahir,4,2.25,18,9,3,8.00,RCB,Chidambaram,23 March 2019
2,3,Krunal Pandya,3,2.33,12,7,2,9.00,CSK,Chidambaram,26 April 2019
3,4,Mohammed Siraj,2,2.50,8,5,1,12.00,CSK,Chidambaram,23 March 2019
4,5,Mohammad Nabi,4,2.75,16,11,4,6.00,RCB,Rajiv Gandhi Intl. Cricket Stadium,31 March 2019
5,6,Shreyas Gopal,4,3.00,16,12,3,8.00,RCB,Sawai Mansingh Stadium,02 April 2019
6,7,Ravindra Jadeja,3,3.00,9,9,3,6.00,DC,Chidambaram,01 May 2019
7,8,Mitchell Santner,4,3.25,15,13,2,12.00,MI,Chidambaram,26 April 2019
8,9,Mohammad Nabi,4,3.25,12,13,1,24.00,MI,Rajiv Gandhi Intl. Cricket Stadium,06 April 2019
9,10,Alzarri Joseph,3.4,3.27,16,12,6,3.66,SRH,Rajiv Gandhi Intl. Cricket Stadium,06 April 2019
10,11,Jasprit Bumrah,3,3.33,12,10,2,9.00,CSK,Chidambaram,26 April 2019
11,12,Rahul Tewatia,3,3.33,12,10,1,18.00,SRH,Feroz Shah Kotla Ground,04 April 2019
12,13,Jasprit Bumrah,4,3.50,13,14,2,12.00,CSK,Rajiv Gandhi Intl. Cricket Stadium,12 May 2019
13,14,Rahul Chahar,4,3.50,13,14,2,12.00,CSK,Chidambaram,07 May 2019
14,15,Krunal Pandya,2,3.50,6,7,1,12.00,DC,Feroz Shah Kotla Ground,18 April 2019
15,16,Rahul Chahar,4,3.50,13,14,1,24.00,CSK,Rajiv Gandhi Intl. Cricket Stadium,12 May 2019
16,17,Krunal Pandya,4,3.50,11,14,0,-,KKR,Wankhede Stadium,05 May 2019
17,18,Imran Tahir,3.2,3.60,12,12,4,5.00,DC,Chidambaram,01 May 2019
18,19,Jofra Archer,4,3.75,15,15,3,8.00,KXIP,IS Bindra Stadium,16 April 2019
19,20,Rashid Khan,4,3.75,16,15,2,12.00,DC,ACA-VDCA Stadium,08 May 2019
20,21,Ravindra Jadeja,4,3.75,15,15,2,12.00,RCB,Chidambaram,23 March 2019
21,22,Harbhajan Singh,4,3.75,15,15,2,12.00,KKR,Chidambaram,09 April 2019
22,23,Ravichandran Ashwin,4,3.75,10,15,1,24.00,RCB,M. Chinnaswamy Stadium,24 April 2019
23,24,Amit Mishra,4,4.00,10,16,1,24.00,SRH,ACA-VDCA Stadium,08 May 2019
24,25,Axar Patel,4,4.00,15,16,0,-,CSK,Feroz Shah Kotla Ground,26 March 2019
25,26,Axar Patel,4,4.00,12,16,0,-,RR,Feroz Shah Kotla Ground,04 May 2019
26,27,Krishnappa Gowtham,4,4.00,9,16,0,-,DC,Feroz Shah Kotla Ground,04 May 2019
27,28,Kuldeep Yadav,4,4.00,12,16,0,-,CSK,Chidambaram,09 April 2019
28,29,Amit Mishra,4,4.25,11,17,3,8.00,RR,Feroz Shah Kotla Ground,04 May 2019
29,30,Keemo Paul,4,4.25,10,17,3,8.00,SRH,Rajiv Gandhi Intl. Cricket Stadium,14 April 2019
30,31,Jofra Archer,4,4.25,13,17,2,12.00,CSK,Chidambaram,31 March 2019
31,32,Harbhajan Singh,4,4.25,10,17,2,12.00,KXIP,Chidambaram,06 April 2019
32,33,Rashid Khan,4,4.25,13,17,2,12.00,CSK,Rajiv Gandhi Intl. Cricket Stadium,17 April 2019
33,34,Yuzvendra Chahal,4,4.25,11,17,2,12.00,RR,Sawai Mansingh Stadium,02 April 2019
34,35,Ravindra Jadeja,4,4.25,15,17,1,24.00,KKR,Chidambaram,09 April 2019
35,36,Axar Patel,4,4.25,7,17,1,24.00,MI,Feroz Shah Kotla Ground,18 April 2019
36,37,Jofra Archer,4,4.25,13,17,0,-,KXIP,Sawai Mansingh Stadium,25 March 2019
37,38,Deepak Chahar,4,4.25,12,17,0,-,RCB,Chidambaram,23 March 2019
38,39,Amit Mishra,3,4.33,8,13,0,-,SRH,Rajiv Gandhi Intl. Cricket Stadium,14 April 2019
39,40,Umesh Yadav,3,4.33,9,13,0,-,CSK,Chidambaram,23 March 2019
40,41,Shardul Thakur,4,4.50,14,18,2,12.00,KKR,Eden Gardens,14 April 2019
41,42,Jasprit Bumrah,4,4.50,13,18,2,12.00,DC,Feroz Shah Kotla Ground,18 April 2019
42,43,Moeen Ali,4,4.50,12,18,2,12.00,MI,Wankhede Stadium,15 April 2019
43,44,Axar Patel,4,4.50,10,18,1,24.00,SRH,Feroz Shah Kotla Ground,04 April 2019
44,45,Bhuvneshwar Kumar,4,4.50,15,18,1,24.00,CSK,Chidambaram,23 April 2019
45,46,Rashid Khan,4,4.50,13,18,1,24.00,DC,Feroz Shah Kotla Ground,04 April 2019
46,47,Krunal Pandya,2,4.50,4,9,0,-,SRH,Rajiv Gandhi Intl. Cricket Stadium,06 April 2019
47,48,Ravindra Jadeja,4,4.50,14,18,0,-,MI,Chidambaram,07 May 2019
48,49,Dhawal Kulkarni,3,4.66,11,14,1,18.00,CSK,Sawai Mansingh Stadium,11 April 2019
49,50,Jofra Archer,3,4.66,12,14,0,-,KKR,Sawai Mansingh Stadium,07 April 2019
50,51,Sam Curran,2.2,4.71,8,11,4,3.50,DC,IS Bindra Stadium,01 April 2019
51,52,Keemo Paul,3.1,4.73,8,15,0,-,RR,Feroz Shah Kotla Ground,04 May 2019
52,53,Rahul Chahar,4,4.75,15,19,3,8.00,DC,Feroz Shah Kotla Ground,18 April 2019
53,54,Dwayne Bravo,4,4.75,11,19,2,12.00,DC,ACA-VDCA Stadium,10 May 2019
54,55,Sunil Narine,4,4.75,12,19,2,12.00,CSK,Eden Gardens,14 April 2019
55,56,Deepak Chahar,4,4.75,12,19,2,12.00,RR,Chidambaram,31 March 2019
56,57,Jofra Archer,4,4.75,11,19,1,24.00,CSK,Sawai Mansingh Stadium,11 April 2019
57,58,Moeen Ali,4,4.75,10,19,1,24.00,KXIP,IS Bindra Stadium,13 April 2019
58,59,Moeen Ali,4,4.75,15,19,1,24.00,CSK,Chidambaram,23 March 2019
59,60,Krishnappa Gowtham,4,4.75,10,19,0,-,RCB,Sawai Mansingh Stadium,02 April 2019
60,61,Mitchell McClenaghan,4,4.75,13,19,0,-,KKR,Wankhede Stadium,05 May 2019
61,62,Piyush Chawla,4,4.75,13,19,0,-,RR,Sawai Mansingh Stadium,07 April 2019
62,63,Sandeep Sharma,3.5,4.95,13,19,3,7.66,RCB,Rajiv Gandhi Intl. Cricket Stadium,31 March 2019
63,64,Harbhajan Singh,4,5.00,13,20,3,8.00,RCB,Chidambaram,23 March 2019
64,65,Jasprit Bumrah,4,5.00,14,20,3,8.00,RCB,M. Chinnaswamy Stadium,28 March 2019
65,66,Piyush Chawla,4,5.00,14,20,3,8.00,RR,Eden Gardens,25 April 2019
66,67,Deepak Chahar,4,5.00,20,20,3,8.00,KKR,Chidambaram,09 April 2019
67,68,Hardik Pandya,4,5.00,14,20,3,8.00,CSK,Wankhede Stadium,03 April 2019
68,69,Imran Tahir,4,5.00,13,20,2,12.00,SRH,Rajiv Gandhi Intl. Cricket Stadium,17 April 2019
69,70,Ravindra Jadeja,4,5.00,9,20,2,12.00,RR,Sawai Mansingh Stadium,11 April 2019
70,71,Varun Aaron,4,5.00,17,20,2,12.00,KKR,Eden Gardens,25 April 2019
71,72,Rashid Khan,4,5.00,9,20,1,24.00,KXIP,IS Bindra Stadium,08 April 2019
72,73,Ravichandran Ashwin,4,5.00,6,20,1,24.00,RR,Sawai Mansingh Stadium,25 March 2019
73,74,Ravindra Jadeja,2,5.00,6,10,1,12.00,MI,Wankhede Stadium,03 April 2019
74,75,Trent Boult,4,5.00,11,20,1,24.00,CSK,ACA-VDCA Stadium,10 May 2019
75,76,Deepak Chahar,4,5.00,12,20,1,24.00,DC,Feroz Shah Kotla Ground,26 March 2019
76,77,Mohammed Shami,3,5.00,9,15,1,18.00,KKR,IS Bindra Stadium,03 May 2019
77,78,Imran Tahir,4,5.00,7,20,0,-,KXIP,Chidambaram,06 April 2019
78,79,Kagiso Rabada,4,5.25,9,21,4,6.00,RCB,M. Chinnaswamy Stadium,07 April 2019
79,80,Mohammed Shami,4,5.25,13,21,3,8.00,MI,Wankhede Stadium,10 April 2019
80,81,Rashid Khan,4,5.25,12,21,3,8.00,KXIP,Rajiv Gandhi Intl. Cricket Stadium,29 April 2019
81,82,Sandeep Sharma,4,5.25,9,21,2,12.00,KXIP,IS Bindra Stadium,08 April 2019
82,83,Shreyas Gopal,4,5.25,13,21,2,12.00,DC,Feroz Shah Kotla Ground,04 May 2019
83,84,Imran Tahir,4,5.25,15,21,2,12.00,KKR,Chidambaram,09 April 2019
84,85,Shreyas Gopal,4,5.25,8,21,2,12.00,MI,Sawai Mansingh Stadium,20 April 2019
85,86,Mohammad Nabi,4,5.25,7,21,2,12.00,DC,Feroz Shah Kotla Ground,04 April 2019
86,87,Rahul Chahar,4,5.25,13,21,2,12.00,SRH,Rajiv Gandhi Intl. Cricket Stadium,06 April 2019
87,88,Jasprit Bumrah,4,5.25,8,21,1,24.00,RR,Sawai Mansingh Stadium,20 April 2019
88,89,Ishant Sharma,4,5.25,14,21,1,24.00,KKR,Eden Gardens,12 April 2019
89,90,Mohammed Shami,4,5.25,11,21,1,24.00,DC,Feroz Shah Kotla Ground,20 April 2019
90,91,Krunal Pandya,4,5.25,13,21,1,24.00,CSK,Chidambaram,07 May 2019
91,92,Amit Mishra,4,5.25,9,21,1,24.00,CSK,ACA-VDCA Stadium,10 May 2019
92,93,Ankit Rajpoot,4,5.25,10,21,0,-,SRH,IS Bindra Stadium,08 April 2019
93,94,Rashid Khan,4,5.25,11,21,0,-,MI,Wankhede Stadium,02 May 2019
94,95,Rahul Chahar,4,5.25,10,21,0,-,SRH,Wankhede Stadium,02 May 2019
95,96,Rahul Chahar,4,5.25,7,21,0,-,CSK,Chidambaram,26 April 2019
96,97,Shreyas Gopal,4,5.25,10,21,0,-,MI,Wankhede Stadium,13 April 2019
97,98,Bhuvneshwar Kumar,4,5.25,12,21,0,-,CSK,Rajiv Gandhi Intl. Cricket Stadium,17 April 2019
98,99,Jasprit Bumrah,3,5.33,9,16,1,18.00,SRH,Rajiv Gandhi Intl. Cricket Stadium,06 April 2019
99,100,Siddarth Kaul,3,5.33,11,16,0,-,RCB,Rajiv Gandhi Intl. Cricket Stadium,31 March 2019
