,POS,PLAYER,"
                                Distance (m)
                            "
0,1,MS Dhoni,111.00
1,2,Hardik Pandya,104.00
2,3,Chris Lynn,102.00
3,4,Umesh Yadav,101.00
4,5,Chris Gayle,101.00
5,6,Chris Gayle,101.00
6,7,Chris Gayle,98.00
7,8,David Miller,98.00
8,9,Chris Gayle,98.00
9,10,Andre Russell,98.00
10,11,Chris Gayle,97.00
11,12,Kieron Pollard,97.00
12,13,Chris Gayle,97.00
13,14,Andre Russell,97.00
14,15,AB de Villiers,97.00
15,16,Andre Russell,97.00
16,17,Chris Gayle,96.00
17,18,Nicholas Pooran,96.00
18,19,Andre Russell,96.00
19,20,Andre Russell,96.00
20,21,Hardik Pandya,95.00
21,22,Krunal Pandya,95.00
22,23,Kieron Pollard,95.00
23,24,AB de Villiers,95.00
24,25,Andre Russell,95.00
25,26,David Miller,94.00
26,27,Chris Lynn,94.00
27,28,Chris Lynn,94.00
28,29,Jonny Bairstow,94.00
29,30,Manish Pandey,94.00
30,31,Rishabh Pant,94.00
31,32,Chris Gayle,94.00
32,33,Andre Russell,94.00
33,34,Andre Russell,94.00
34,35,Shane Watson,94.00
35,36,Vijay Shankar,94.00
36,37,Nicholas Pooran,93.00
37,38,Dinesh Karthik,93.00
38,39,Chris Lynn,93.00
39,40,Chris Gayle,93.00
40,41,Hardik Pandya,93.00
41,42,AB de Villiers,93.00
42,43,Hardik Pandya,93.00
43,44,Marcus Stoinis,93.00
44,45,Sam Curran,93.00
45,46,Andre Russell,93.00
46,47,Shubman Gill,92.00
47,48,Jonny Bairstow,92.00
48,49,Jonny Bairstow,92.00
49,50,Marcus Stoinis,92.00
50,51,Robin Uthappa,92.00
51,52,Hardik Pandya,92.00
52,53,Chris Gayle,92.00
53,54,Andre Russell,92.00
54,55,Jofra Archer,92.00
55,56,Virat Kohli,92.00
56,57,MS Dhoni,92.00
57,58,Sunil Narine,92.00
58,59,Sanju Samson,92.00
59,60,Hardik Pandya,91.00
60,61,Andre Russell,91.00
61,62,Dinesh Karthik,91.00
62,63,Andre Russell,91.00
63,64,Kieron Pollard,91.00
64,65,Sunil Narine,91.00
65,66,Sanju Samson,91.00
66,67,Colin Ingram,91.00
67,68,Hardik Pandya,91.00
68,69,Jonny Bairstow,91.00
69,70,MS Dhoni,91.00
70,71,Sam Curran,91.00
71,72,Chris Gayle,91.00
72,73,Rohit Sharma,91.00
73,74,David Warner,91.00
74,75,Suresh Raina,91.00
75,76,Rishabh Pant,91.00
76,77,Chris Gayle,91.00
77,78,Chris Gayle,90.00
78,79,Yuvraj Singh,90.00
79,80,Jos Buttler,90.00
80,81,Faf du Plessis,90.00
81,82,Rishabh Pant,90.00
82,83,KL Rahul,90.00
83,84,Quinton de Kock,90.00
84,85,Hardik Pandya,90.00
85,86,Rishabh Pant,90.00
86,87,KL Rahul,90.00
87,88,Andre Russell,90.00
88,89,Andre Russell,90.00
89,90,Shane Watson,90.00
90,91,Kieron Pollard,90.00
91,92,Keemo Paul,89.00
92,93,Andre Russell,89.00
93,94,Sunil Narine,89.00
94,95,Virat Kohli,89.00
95,96,Chris Gayle,89.00
96,97,Steve Smith,89.00
97,98,Martin Guptill,89.00
98,99,Shane Watson,89.00
99,100,David Miller,89.00
