,POS,PLAYER,"
                                Against
                            ","
                                Venue
                            ","
                                Match Date
                            ","
                                BF
                            ","
                                6s
                            ","
                                4s
                            ","
                                Runs
                            "
0,1,Hardik Pandya,KKR,Eden Gardens,28 April 2019,17,9,6,91
1,2,Rishabh Pant,MI,Wankhede Stadium,24 March 2019,18,7,7,78
2,3,KL Rahul,CSK,IS Bindra Stadium,05 May 2019,19,5,7,71
3,4,Andre Russell,RCB,Eden Gardens,19 April 2019,21,9,2,65
4,5,Kieron Pollard,KXIP,Wankhede Stadium,10 April 2019,22,10,3,83
5,6,Andre Russell,DC,Feroz Shah Kotla Ground,30 March 2019,23,6,4,62
6,7,Sam Curran,KKR,IS Bindra Stadium,03 May 2019,23,2,7,55
7,8,Moeen Ali,KKR,Eden Gardens,19 April 2019,24,6,5,66
8,9,David Warner,CSK,Rajiv Gandhi Intl. Cricket Stadium,17 April 2019,24,0,10,50
9,10,Manish Pandey,CSK,Chidambaram,23 April 2019,25,3,7,83
10,11,Chris Gayle,DC,Feroz Shah Kotla Ground,20 April 2019,25,5,6,69
11,12,Shikhar Dhawan,RR,Sawai Mansingh Stadium,22 April 2019,25,2,8,54
12,13,Rishabh Pant,RR,Sawai Mansingh Stadium,22 April 2019,26,4,6,78
13,14,David Warner,RR,Rajiv Gandhi Intl. Cricket Stadium,29 March 2019,26,2,9,69
14,15,Manish Pandey,RR,Sawai Mansingh Stadium,27 April 2019,27,0,9,61
15,16,Chris Lynn,MI,Eden Gardens,28 April 2019,27,2,8,54
16,17,Jonny Bairstow,RCB,Rajiv Gandhi Intl. Cricket Stadium,31 March 2019,28,7,12,114
17,18,Chris Gayle,RCB,IS Bindra Stadium,13 April 2019,28,5,10,99
18,19,Jonny Bairstow,KKR,Rajiv Gandhi Intl. Cricket Stadium,21 April 2019,28,4,7,80
19,20,David Warner,KKR,Rajiv Gandhi Intl. Cricket Stadium,21 April 2019,28,5,3,67
20,21,AB de Villiers,KKR,M. Chinnaswamy Stadium,05 April 2019,28,4,5,63
21,22,Nitish Rana,KXIP,Eden Gardens,27 March 2019,28,7,2,63
22,23,Mayank Agarwal,KKR,Eden Gardens,27 March 2019,28,1,6,58
23,24,Jos Buttler,MI,Wankhede Stadium,13 April 2019,29,7,8,89
24,25,Jos Buttler,KXIP,Sawai Mansingh Stadium,25 March 2019,29,2,10,69
25,26,Parthiv Patel,RR,Sawai Mansingh Stadium,02 April 2019,29,1,9,67
26,27,Prithvi Shaw,KKR,Feroz Shah Kotla Ground,30 March 2019,30,3,12,99
27,28,Andre Russell,MI,Eden Gardens,28 April 2019,30,8,6,80
28,29,David Warner,KKR,Eden Gardens,24 March 2019,31,3,9,85
29,30,Virat Kohli,KKR,M. Chinnaswamy Stadium,05 April 2019,31,2,9,84
30,31,AB de Villiers,MI,M. Chinnaswamy Stadium,28 March 2019,31,6,4,70
31,32,Chris Gayle,MI,Wankhede Stadium,10 April 2019,31,7,3,63
32,33,Prithvi Shaw,SRH,ACA-VDCA Stadium,08 May 2019,31,2,6,56
33,34,Shane Watson,DC,ACA-VDCA Stadium,10 May 2019,31,4,3,50
34,35,Chris Lynn,RR,Sawai Mansingh Stadium,07 April 2019,31,3,6,50
35,36,Moeen Ali,MI,Wankhede Stadium,15 April 2019,31,5,1,50
36,37,Steve Smith,DC,Sawai Mansingh Stadium,22 April 2019,31,0,8,50
37,38,Ajinkya Rahane,DC,Sawai Mansingh Stadium,22 April 2019,32,3,11,105
38,39,David Warner,RCB,Rajiv Gandhi Intl. Cricket Stadium,31 March 2019,32,5,5,100
39,40,Shikhar Dhawan,KKR,Eden Gardens,12 April 2019,32,2,11,97
40,41,Shubman Gill,MI,Eden Gardens,28 April 2019,32,4,6,76
41,42,Shimron Hetmyer,SRH,M. Chinnaswamy Stadium,04 May 2019,32,6,4,75
42,43,Nitish Rana,RCB,Eden Gardens,19 April 2019,33,5,9,85
43,44,Chris Gayle,RR,Sawai Mansingh Stadium,25 March 2019,33,4,8,79
44,45,Faf du Plessis,KXIP,Chidambaram,06 April 2019,33,4,2,54
45,46,Yuvraj Singh,DC,Wankhede Stadium,24 March 2019,33,3,5,53
46,47,Sanju Samson,SRH,Rajiv Gandhi Intl. Cricket Stadium,29 March 2019,34,4,10,102
47,48,Quinton de Kock,RR,Wankhede Stadium,13 April 2019,34,4,6,81
48,49,KL Rahul,SRH,IS Bindra Stadium,08 April 2019,34,1,7,71
49,50,Quinton de Kock,RR,Sawai Mansingh Stadium,20 April 2019,34,2,6,65
50,51,Shubman Gill,DC,Eden Gardens,12 April 2019,34,2,7,65
51,52,Suresh Raina,DC,Chidambaram,01 May 2019,34,1,8,59
52,53,Suresh Raina,KXIP,IS Bindra Stadium,05 May 2019,34,2,5,53
53,54,Shreyas Iyer,RCB,Feroz Shah Kotla Ground,28 April 2019,34,3,2,52
54,55,Dinesh Karthik,RR,Eden Gardens,25 April 2019,35,9,7,97
55,56,Shane Watson,SRH,Chidambaram,23 April 2019,35,6,9,96
56,57,MS Dhoni,RCB,M. Chinnaswamy Stadium,21 April 2019,35,7,5,84
57,58,AB de Villiers,KXIP,M. Chinnaswamy Stadium,24 April 2019,35,7,3,82
58,59,Nitish Rana,SRH,Eden Gardens,24 March 2019,35,3,8,68
59,60,Quinton de Kock,KXIP,IS Bindra Stadium,30 March 2019,35,2,6,60
60,61,AB de Villiers,KXIP,IS Bindra Stadium,13 April 2019,35,2,5,59
61,62,Dinesh Karthik,DC,Feroz Shah Kotla Ground,30 March 2019,35,2,5,50
62,63,Chris Lynn,CSK,Eden Gardens,14 April 2019,36,6,7,82
63,64,Shubman Gill,KXIP,IS Bindra Stadium,03 May 2019,36,2,5,65
64,65,David Miller,KKR,Eden Gardens,27 March 2019,36,3,5,59
65,66,Suresh Raina,KKR,Eden Gardens,14 April 2019,36,1,7,58
66,67,Shikhar Dhawan,KXIP,Feroz Shah Kotla Ground,20 April 2019,36,1,7,56
67,68,Parthiv Patel,CSK,M. Chinnaswamy Stadium,21 April 2019,36,4,2,53
68,69,Shikhar Dhawan,RCB,Feroz Shah Kotla Ground,28 April 2019,36,2,5,50
69,70,Faf du Plessis,KXIP,IS Bindra Stadium,05 May 2019,37,4,10,96
70,71,Suryakumar Yadav,CSK,Chidambaram,07 May 2019,37,0,10,71
71,72,Manish Pandey,MI,Wankhede Stadium,02 May 2019,37,2,8,71
72,73,Shreyas Iyer,RCB,M. Chinnaswamy Stadium,07 April 2019,37,2,8,67
73,74,Rohit Sharma,CSK,Chidambaram,26 April 2019,37,3,6,67
74,75,Virat Kohli,KXIP,IS Bindra Stadium,13 April 2019,37,0,8,67
75,76,Faf du Plessis,DC,ACA-VDCA Stadium,10 May 2019,37,1,7,50
76,77,David Warner,KXIP,Rajiv Gandhi Intl. Cricket Stadium,29 April 2019,38,2,7,81
77,78,KL Rahul,SRH,Rajiv Gandhi Intl. Cricket Stadium,29 April 2019,38,5,4,79
78,79,Kane Williamson,RCB,M. Chinnaswamy Stadium,04 May 2019,38,4,5,70
79,80,Ajinkya Rahane,SRH,Rajiv Gandhi Intl. Cricket Stadium,29 March 2019,38,3,4,70
80,81,Jos Buttler,RCB,Sawai Mansingh Stadium,02 April 2019,38,1,8,59
81,82,Suryakumar Yadav,CSK,Wankhede Stadium,03 April 2019,38,1,8,59
82,83,Rishabh Pant,RR,Feroz Shah Kotla Ground,04 May 2019,38,5,2,53
83,84,MS Dhoni,RR,Chidambaram,31 March 2019,39,4,4,75
84,85,Gurkeerat Mann Singh,SRH,M. Chinnaswamy Stadium,04 May 2019,39,1,8,65
85,86,Jonny Bairstow,CSK,Rajiv Gandhi Intl. Cricket Stadium,17 April 2019,39,3,3,61
86,87,MS Dhoni,RR,Sawai Mansingh Stadium,11 April 2019,39,3,2,58
87,88,David Warner,CSK,Chidambaram,23 April 2019,39,2,3,57
88,89,Virat Kohli,KKR,Eden Gardens,19 April 2019,40,4,9,100
89,90,Steve Smith,MI,Sawai Mansingh Stadium,20 April 2019,40,1,5,59
90,91,Mayank Agarwal,SRH,IS Bindra Stadium,08 April 2019,40,3,3,55
91,92,KL Rahul,MI,Wankhede Stadium,10 April 2019,41,6,6,100
92,93,AB de Villiers,MI,Wankhede Stadium,15 April 2019,41,4,6,75
93,94,Robin Uthappa,KXIP,Eden Gardens,27 March 2019,41,2,6,67
94,95,Ambati Rayudu,RR,Sawai Mansingh Stadium,11 April 2019,41,3,2,57
95,96,KL Rahul,CSK,Chidambaram,06 April 2019,41,1,3,55
96,97,Sarfaraz Khan,CSK,Chidambaram,06 April 2019,42,2,4,67
97,98,Shane Watson,MI,Rajiv Gandhi Intl. Cricket Stadium,12 May 2019,44,4,8,80
98,99,Steve Smith,KKR,Sawai Mansingh Stadium,07 April 2019,44,1,7,73
99,100,Rohit Sharma,KKR,Wankhede Stadium,05 May 2019,44,0,8,55
