,POS,PLAYER,"
                                Speed (km/h)
                            "
0,1,Kagiso Rabada,154.23
1,2,Kagiso Rabada,153.91
2,3,Kagiso Rabada,153.50
3,4,Kagiso Rabada,153.45
4,5,Navdeep Saini,152.85
5,6,Navdeep Saini,152.83
6,7,Jofra Archer,152.60
7,8,Kagiso Rabada,152.48
8,9,Navdeep Saini,152.48
9,10,Navdeep Saini,152.47
10,11,Kagiso Rabada,152.37
11,12,Navdeep Saini,151.98
12,13,Kagiso Rabada,151.96
13,14,Jofra Archer,151.83
14,15,Kagiso Rabada,151.79
15,16,Lockie Ferguson,151.69
16,17,Kagiso Rabada,151.66
17,18,Jofra Archer,151.56
18,19,Umesh Yadav,151.44
19,20,Kagiso Rabada,151.39
20,21,Lockie Ferguson,151.38
21,22,Ishant Sharma,151.34
22,23,Kagiso Rabada,151.22
23,24,Navdeep Saini,151.14
24,25,Jofra Archer,151.07
25,26,Kagiso Rabada,151.06
26,27,Navdeep Saini,150.99
27,28,Kagiso Rabada,150.99
28,29,Kagiso Rabada,150.96
29,30,Kagiso Rabada,150.95
30,31,Jofra Archer,150.94
31,32,Navdeep Saini,150.90
32,33,Lockie Ferguson,150.89
33,34,Kagiso Rabada,150.85
34,35,Jofra Archer,150.82
35,36,Kagiso Rabada,150.76
36,37,Navdeep Saini,150.76
37,38,Navdeep Saini,150.75
38,39,Kagiso Rabada,150.75
39,40,Jofra Archer,150.71
40,41,Kagiso Rabada,150.69
41,42,Kagiso Rabada,150.69
42,43,Mohammed Shami,150.65
43,44,Jofra Archer,150.64
44,45,Jofra Archer,150.62
45,46,Kagiso Rabada,150.52
46,47,Jofra Archer,150.49
47,48,Lockie Ferguson,150.43
48,49,Jasprit Bumrah,150.41
49,50,Varun Aaron,150.31
50,51,Navdeep Saini,150.27
51,52,Navdeep Saini,150.26
52,53,Jofra Archer,150.23
53,54,Prasidh Krishna,150.22
54,55,Navdeep Saini,150.20
55,56,Prasidh Krishna,150.20
56,57,Prasidh Krishna,150.19
57,58,Kagiso Rabada,150.16
58,59,Kagiso Rabada,150.13
59,60,Kagiso Rabada,150.11
60,61,Ben Stokes,150.09
61,62,Navdeep Saini,150.04
62,63,Varun Aaron,150.02
63,64,Navdeep Saini,149.99
64,65,Jofra Archer,149.98
65,66,Kagiso Rabada,149.95
66,67,Jofra Archer,149.95
67,68,Kagiso Rabada,149.93
68,69,Jofra Archer,149.87
69,70,Kagiso Rabada,149.82
70,71,Prasidh Krishna,149.80
71,72,Kagiso Rabada,149.72
72,73,Ishant Sharma,149.72
73,74,Navdeep Saini,149.71
74,75,Jasprit Bumrah,149.69
75,76,Jofra Archer,149.66
76,77,Jofra Archer,149.66
77,78,Navdeep Saini,149.63
78,79,Navdeep Saini,149.56
79,80,Kagiso Rabada,149.55
80,81,Jofra Archer,149.51
81,82,Navdeep Saini,149.50
82,83,Lockie Ferguson,149.47
83,84,Kagiso Rabada,149.46
84,85,Jofra Archer,149.46
85,86,Navdeep Saini,149.42
86,87,Navdeep Saini,149.39
87,88,Navdeep Saini,149.32
88,89,Kagiso Rabada,149.31
89,90,Prasidh Krishna,149.29
90,91,Jasprit Bumrah,149.28
91,92,Navdeep Saini,149.28
92,93,Prasidh Krishna,149.23
93,94,Kagiso Rabada,149.18
94,95,Jofra Archer,149.17
95,96,Lockie Ferguson,149.14
96,97,Kagiso Rabada,149.14
97,98,Jasprit Bumrah,149.06
98,99,Jofra Archer,149.00
99,100,Kagiso Rabada,149.00
