,POS,PLAYER,"
                                Against
                            ","
                                Venue
                            ","
                                Match Date
                            ","
                                BF
                            ","
                                6s
                            ","
                                4s
                            ","
                                Runs
                            "
0,1,Jonny Bairstow,RCB,Rajiv Gandhi Intl. Cricket Stadium,31 March 2019,52,7,12,114
1,2,Sanju Samson,SRH,Rajiv Gandhi Intl. Cricket Stadium,29 March 2019,54,4,10,102
2,3,David Warner,RCB,Rajiv Gandhi Intl. Cricket Stadium,31 March 2019,54,5,5,100
3,4,Virat Kohli,KKR,Eden Gardens,19 April 2019,57,4,9,100
4,5,Ajinkya Rahane,DC,Sawai Mansingh Stadium,22 April 2019,58,3,11,105
5,6,KL Rahul,MI,Wankhede Stadium,10 April 2019,63,6,6,100
