,POS,PLAYER,"
                                HS
                            ","
                                BF
                            ","
                                4s
                            ","
                                6s
                            ","
                                SR
                            ","
                                Against
                            ","
                                Venue
                            ","
                                Match Date
                            "
0,1,Jonny Bairstow,114,56,12,7,203.57,RCB,Rajiv Gandhi Intl. Cricket Stadium,31 March 2019
1,2,Ajinkya Rahane,105*,63,11,3,166.66,DC,Sawai Mansingh Stadium,22 April 2019
2,3,Sanju Samson,102*,55,10,4,185.45,SRH,Rajiv Gandhi Intl. Cricket Stadium,29 March 2019
3,4,David Warner,100*,55,5,5,181.81,RCB,Rajiv Gandhi Intl. Cricket Stadium,31 March 2019
4,5,KL Rahul,100*,64,6,6,156.25,MI,Wankhede Stadium,10 April 2019
5,6,Virat Kohli,100,58,9,4,172.41,KKR,Eden Gardens,19 April 2019
6,7,Chris Gayle,99*,64,10,5,154.68,RCB,IS Bindra Stadium,13 April 2019
7,8,Prithvi Shaw,99,55,12,3,180.00,KKR,Feroz Shah Kotla Ground,30 March 2019
8,9,Dinesh Karthik,97*,50,7,9,194.00,RR,Eden Gardens,25 April 2019
9,10,Shikhar Dhawan,97*,63,11,2,153.96,KKR,Eden Gardens,12 April 2019
10,11,Shane Watson,96,53,9,6,181.13,SRH,Chidambaram,23 April 2019
11,12,Faf du Plessis,96,55,10,4,174.54,KXIP,IS Bindra Stadium,05 May 2019
12,13,Hardik Pandya,91,34,6,9,267.64,KKR,Eden Gardens,28 April 2019
13,14,Jos Buttler,89,43,8,7,206.97,MI,Wankhede Stadium,13 April 2019
14,15,Nitish Rana,85*,46,9,5,184.78,RCB,Eden Gardens,19 April 2019
15,16,David Warner,85,53,9,3,160.37,KKR,Eden Gardens,24 March 2019
16,17,MS Dhoni,84*,48,5,7,175.00,RCB,M. Chinnaswamy Stadium,21 April 2019
17,18,Virat Kohli,84,49,9,2,171.42,KKR,M. Chinnaswamy Stadium,05 April 2019
18,19,Manish Pandey,83*,49,7,3,169.38,CSK,Chidambaram,23 April 2019
19,20,Kieron Pollard,83,31,3,10,267.74,KXIP,Wankhede Stadium,10 April 2019
20,21,AB de Villiers,82*,44,3,7,186.36,KXIP,M. Chinnaswamy Stadium,24 April 2019
21,22,Chris Lynn,82,51,7,6,160.78,CSK,Eden Gardens,14 April 2019
22,23,Quinton de Kock,81,52,6,4,155.76,RR,Wankhede Stadium,13 April 2019
23,24,David Warner,81,56,7,2,144.64,KXIP,Rajiv Gandhi Intl. Cricket Stadium,29 April 2019
24,25,Andre Russell,80*,40,6,8,200.00,MI,Eden Gardens,28 April 2019
25,26,Jonny Bairstow,80*,43,7,4,186.04,KKR,Rajiv Gandhi Intl. Cricket Stadium,21 April 2019
26,27,Shane Watson,80,59,8,4,135.59,MI,Rajiv Gandhi Intl. Cricket Stadium,12 May 2019
27,28,Chris Gayle,79,47,8,4,168.08,RR,Sawai Mansingh Stadium,25 March 2019
28,29,KL Rahul,79,56,4,5,141.07,SRH,Rajiv Gandhi Intl. Cricket Stadium,29 April 2019
29,30,Rishabh Pant,78*,27,7,7,288.88,MI,Wankhede Stadium,24 March 2019
30,31,Rishabh Pant,78*,36,6,4,216.66,RR,Sawai Mansingh Stadium,22 April 2019
31,32,Shubman Gill,76,45,6,4,168.88,MI,Eden Gardens,28 April 2019
32,33,MS Dhoni,75*,46,4,4,163.04,RR,Chidambaram,31 March 2019
33,34,Shimron Hetmyer,75,47,4,6,159.57,SRH,M. Chinnaswamy Stadium,04 May 2019
34,35,AB de Villiers,75,51,6,4,147.05,MI,Wankhede Stadium,15 April 2019
35,36,Steve Smith,73*,59,7,1,123.72,KKR,Sawai Mansingh Stadium,07 April 2019
36,37,Manish Pandey,71*,47,8,2,151.06,MI,Wankhede Stadium,02 May 2019
37,38,KL Rahul,71*,53,7,1,133.96,SRH,IS Bindra Stadium,08 April 2019
38,39,Suryakumar Yadav,71*,54,10,0,131.48,CSK,Chidambaram,07 May 2019
39,40,KL Rahul,71*,57,6,1,124.56,MI,IS Bindra Stadium,30 March 2019
40,41,KL Rahul,71,36,7,5,197.22,CSK,IS Bindra Stadium,05 May 2019
41,42,AB de Villiers,70*,41,4,6,170.73,MI,M. Chinnaswamy Stadium,28 March 2019
42,43,Kane Williamson,70*,43,5,4,162.79,RCB,M. Chinnaswamy Stadium,04 May 2019
43,44,David Warner,70*,62,6,1,112.90,KXIP,IS Bindra Stadium,08 April 2019
44,45,Ajinkya Rahane,70,49,4,3,142.85,SRH,Rajiv Gandhi Intl. Cricket Stadium,29 March 2019
45,46,Quinton de Kock,69*,58,6,2,118.96,SRH,Wankhede Stadium,02 May 2019
46,47,Chris Gayle,69,37,6,5,186.48,DC,Feroz Shah Kotla Ground,20 April 2019
47,48,David Warner,69,37,9,2,186.48,RR,Rajiv Gandhi Intl. Cricket Stadium,29 March 2019
48,49,Jos Buttler,69,43,10,2,160.46,KXIP,Sawai Mansingh Stadium,25 March 2019
49,50,Nitish Rana,68,47,8,3,144.68,SRH,Eden Gardens,24 March 2019
50,51,Robin Uthappa,67*,50,6,2,134.00,KXIP,Eden Gardens,27 March 2019
51,52,David Warner,67,38,3,5,176.31,KKR,Rajiv Gandhi Intl. Cricket Stadium,21 April 2019
52,53,Parthiv Patel,67,41,9,1,163.41,RR,Sawai Mansingh Stadium,02 April 2019
53,54,Rohit Sharma,67,48,6,3,139.58,CSK,Chidambaram,26 April 2019
54,55,Shreyas Iyer,67,50,8,2,134.00,RCB,M. Chinnaswamy Stadium,07 April 2019
55,56,Virat Kohli,67,53,8,0,126.41,KXIP,IS Bindra Stadium,13 April 2019
56,57,Sarfaraz Khan,67,59,4,2,113.55,CSK,Chidambaram,06 April 2019
57,58,Moeen Ali,66,28,5,6,235.71,KKR,Eden Gardens,19 April 2019
58,59,Shubman Gill,65*,49,5,2,132.65,KXIP,IS Bindra Stadium,03 May 2019
59,60,Andre Russell,65,25,2,9,260.00,RCB,Eden Gardens,19 April 2019
60,61,Shubman Gill,65,39,7,2,166.66,DC,Eden Gardens,12 April 2019
61,62,Quinton de Kock,65,47,6,2,138.29,RR,Sawai Mansingh Stadium,20 April 2019
62,63,Gurkeerat Mann Singh,65,48,8,1,135.41,SRH,M. Chinnaswamy Stadium,04 May 2019
63,64,AB de Villiers,63,32,5,4,196.87,KKR,M. Chinnaswamy Stadium,05 April 2019
64,65,Nitish Rana,63,34,2,7,185.29,KXIP,Eden Gardens,27 March 2019
65,66,Chris Gayle,63,36,3,7,175.00,MI,Wankhede Stadium,10 April 2019
66,67,Andre Russell,62,28,4,6,221.42,DC,Feroz Shah Kotla Ground,30 March 2019
67,68,Jonny Bairstow,61*,44,3,3,138.63,CSK,Rajiv Gandhi Intl. Cricket Stadium,17 April 2019
68,69,Manish Pandey,61,36,9,0,169.44,RR,Sawai Mansingh Stadium,27 April 2019
69,70,Quinton de Kock,60,39,6,2,153.84,KXIP,IS Bindra Stadium,30 March 2019
70,71,AB de Villiers,59*,38,5,2,155.26,KXIP,IS Bindra Stadium,13 April 2019
71,72,David Miller,59*,40,5,3,147.50,KKR,Eden Gardens,27 March 2019
72,73,Steve Smith,59*,48,5,1,122.91,MI,Sawai Mansingh Stadium,20 April 2019
73,74,Suresh Raina,59,37,8,1,159.45,DC,Chidambaram,01 May 2019
74,75,Suryakumar Yadav,59,43,8,1,137.20,CSK,Wankhede Stadium,03 April 2019
75,76,Jos Buttler,59,43,8,1,137.20,RCB,Sawai Mansingh Stadium,02 April 2019
76,77,Suresh Raina,58*,42,7,1,138.09,KKR,Eden Gardens,14 April 2019
77,78,Shreyas Iyer,58*,49,5,1,118.36,KXIP,Feroz Shah Kotla Ground,20 April 2019
78,79,Mayank Agarwal,58,34,6,1,170.58,KKR,Eden Gardens,27 March 2019
79,80,MS Dhoni,58,43,2,3,134.88,RR,Sawai Mansingh Stadium,11 April 2019
80,81,Kedar Jadhav,58,54,8,1,107.40,MI,Wankhede Stadium,03 April 2019
81,82,David Warner,57,45,3,2,126.66,CSK,Chidambaram,23 April 2019
82,83,Ambati Rayudu,57,47,2,3,121.27,RR,Sawai Mansingh Stadium,11 April 2019
83,84,Prithvi Shaw,56,38,6,2,147.36,SRH,ACA-VDCA Stadium,08 May 2019
84,85,Shikhar Dhawan,56,41,7,1,136.58,KXIP,Feroz Shah Kotla Ground,20 April 2019
85,86,Sam Curran,55*,24,7,2,229.16,KKR,IS Bindra Stadium,03 May 2019
86,87,Rohit Sharma,55*,48,8,0,114.58,KKR,Wankhede Stadium,05 May 2019
87,88,Mayank Agarwal,55,43,3,3,127.90,SRH,IS Bindra Stadium,08 April 2019
88,89,KL Rahul,55,47,3,1,117.02,CSK,Chidambaram,06 April 2019
89,90,Shikhar Dhawan,54,27,8,2,200.00,RR,Sawai Mansingh Stadium,22 April 2019
90,91,Chris Lynn,54,29,8,2,186.20,MI,Eden Gardens,28 April 2019
91,92,Faf du Plessis,54,38,2,4,142.10,KXIP,Chidambaram,06 April 2019
92,93,Rishabh Pant,53*,38,2,5,139.47,RR,Feroz Shah Kotla Ground,04 May 2019
93,94,Yuvraj Singh,53,35,5,3,151.42,DC,Wankhede Stadium,24 March 2019
94,95,Parthiv Patel,53,37,2,4,143.24,CSK,M. Chinnaswamy Stadium,21 April 2019
95,96,Suresh Raina,53,38,5,2,139.47,KXIP,IS Bindra Stadium,05 May 2019
96,97,Shreyas Iyer,52,37,2,3,140.54,RCB,Feroz Shah Kotla Ground,28 April 2019
97,98,KL Rahul,52,47,3,2,110.63,RR,IS Bindra Stadium,16 April 2019
98,99,David Warner,51,47,3,1,108.51,DC,Rajiv Gandhi Intl. Cricket Stadium,14 April 2019
99,100,Chris Lynn,51,47,4,1,108.51,SRH,Rajiv Gandhi Intl. Cricket Stadium,21 April 2019
