,POS,PLAYER,"
                                Runs
                            ","
                                BF
                            ","
                                4s
                            ","
                                6s
                            ","
                                SR
                            ","
                                Against
                            ","
                                Venue
                            ","
                                Match Date
                            "
0,1,Andre Russell,28,5,1,4,560.00,RCB,M. Chinnaswamy Stadium,05 April 2019
1,2,Jos Buttler,28,6,4,2,466.66,MI,Wankhede Stadium,13 April 2019
2,3,Moeen Ali,26,6,2,3,433.33,KKR,Eden Gardens,19 April 2019
3,4,KL Rahul,24,6,3,2,400.00,CSK,IS Bindra Stadium,05 May 2019
4,5,Chris Gayle,24,6,3,2,400.00,RCB,IS Bindra Stadium,13 April 2019
5,6,Sunil Narine,24,5,1,3,480.00,KXIP,Eden Gardens,27 March 2019
6,7,Sanju Samson,24,6,4,1,400.00,SRH,Rajiv Gandhi Intl. Cricket Stadium,29 March 2019
7,8,MS Dhoni,24,6,1,3,400.00,RCB,M. Chinnaswamy Stadium,21 April 2019
8,9,Kane Williamson,23,6,2,2,383.33,RCB,M. Chinnaswamy Stadium,04 May 2019
9,10,Shane Watson,23,5,1,3,460.00,DC,ACA-VDCA Stadium,10 May 2019
10,11,KL Rahul,23,5,1,3,460.00,MI,Wankhede Stadium,10 April 2019
11,12,Andre Russell,22,4,1,3,550.00,KXIP,Eden Gardens,27 March 2019
12,13,Sam Curran,22,6,3,1,366.66,KKR,IS Bindra Stadium,03 May 2019
13,14,Chris Gayle,22,5,1,3,440.00,MI,Wankhede Stadium,10 April 2019
14,15,Suresh Raina,22,6,4,1,366.66,SRH,Chidambaram,23 April 2019
15,16,Sunil Narine,22,6,4,1,366.66,RR,Sawai Mansingh Stadium,07 April 2019
16,17,Andre Russell,21,5,2,2,420.00,KXIP,Eden Gardens,27 March 2019
17,18,Rishabh Pant,21,5,2,2,420.00,SRH,ACA-VDCA Stadium,08 May 2019
18,19,Andre Russell,21,6,2,2,350.00,SRH,Eden Gardens,24 March 2019
19,20,Hardik Pandya,21,6,2,2,350.00,RCB,Wankhede Stadium,15 April 2019
20,21,Marcus Stoinis,20,4,2,2,500.00,KXIP,M. Chinnaswamy Stadium,24 April 2019
21,22,Andre Russell,20,6,2,2,333.33,MI,Eden Gardens,28 April 2019
22,23,Liam Livingstone,20,6,2,2,333.33,SRH,Sawai Mansingh Stadium,27 April 2019
23,24,Quinton de Kock,19,6,0,3,316.66,CSK,Rajiv Gandhi Intl. Cricket Stadium,12 May 2019
24,25,Nicholas Pooran,19,6,0,3,316.66,RCB,M. Chinnaswamy Stadium,24 April 2019
25,26,Chris Lynn,19,4,0,3,475.00,CSK,Eden Gardens,14 April 2019
26,27,Rishabh Pant,19,5,1,2,380.00,MI,Wankhede Stadium,24 March 2019
27,28,Andre Russell,19,5,0,3,380.00,MI,Eden Gardens,28 April 2019
28,29,Quinton de Kock,19,5,3,1,380.00,RR,Sawai Mansingh Stadium,20 April 2019
29,30,MS Dhoni,19,4,0,3,475.00,RR,Chidambaram,31 March 2019
30,31,Kieron Pollard,19,7,0,3,271.42,SRH,Rajiv Gandhi Intl. Cricket Stadium,06 April 2019
31,32,Dinesh Karthik,19,5,3,1,380.00,RR,Eden Gardens,25 April 2019
32,33,Shane Watson,19,5,0,3,380.00,MI,Rajiv Gandhi Intl. Cricket Stadium,12 May 2019
33,34,MS Dhoni,19,6,1,2,316.66,DC,Chidambaram,01 May 2019
34,35,Andre Russell,19,6,0,3,316.66,RCB,M. Chinnaswamy Stadium,05 April 2019
35,36,Chris Gayle,19,5,3,1,380.00,RR,Sawai Mansingh Stadium,25 March 2019
36,37,Jonny Bairstow,18,4,1,2,450.00,KKR,Rajiv Gandhi Intl. Cricket Stadium,21 April 2019
37,38,David Warner,18,5,1,2,360.00,KKR,Rajiv Gandhi Intl. Cricket Stadium,21 April 2019
38,39,Jos Buttler,18,5,3,1,360.00,KXIP,Sawai Mansingh Stadium,25 March 2019
39,40,Andre Russell,18,6,0,3,300.00,RCB,Eden Gardens,19 April 2019
40,41,Yuvraj Singh,18,4,0,3,450.00,RCB,M. Chinnaswamy Stadium,28 March 2019
41,42,Andre Russell,18,5,1,2,360.00,SRH,Eden Gardens,24 March 2019
42,43,Nitish Rana,18,6,1,2,300.00,RCB,Eden Gardens,19 April 2019
43,44,Parthiv Patel,18,6,3,1,300.00,KXIP,M. Chinnaswamy Stadium,24 April 2019
44,45,AB de Villiers,18,5,0,3,360.00,KXIP,M. Chinnaswamy Stadium,24 April 2019
45,46,Kieron Pollard,18,6,2,1,300.00,SRH,Rajiv Gandhi Intl. Cricket Stadium,06 April 2019
46,47,Andre Russell,18,3,0,3,600.00,RCB,Eden Gardens,19 April 2019
47,48,Parthiv Patel,18,6,3,1,300.00,MI,Wankhede Stadium,15 April 2019
48,49,Sanju Samson,17,5,1,2,340.00,RCB,M. Chinnaswamy Stadium,30 April 2019
49,50,Nitish Rana,17,5,1,2,340.00,RCB,Eden Gardens,19 April 2019
50,51,Shubman Gill,17,6,1,2,283.33,KXIP,IS Bindra Stadium,03 May 2019
51,52,Ravichandran Ashwin,17,4,1,2,425.00,RR,IS Bindra Stadium,16 April 2019
52,53,Ajinkya Rahane,17,6,2,1,283.33,KKR,Eden Gardens,25 April 2019
53,54,Jonny Bairstow,17,5,2,1,340.00,RCB,Rajiv Gandhi Intl. Cricket Stadium,31 March 2019
54,55,Ajinkya Rahane,17,6,2,1,283.33,MI,Wankhede Stadium,13 April 2019
55,56,Faf du Plessis,17,5,2,1,340.00,KXIP,IS Bindra Stadium,05 May 2019
56,57,Dinesh Karthik,17,5,1,2,340.00,RR,Eden Gardens,25 April 2019
57,58,Virat Kohli,17,5,2,1,340.00,KKR,Eden Gardens,19 April 2019
58,59,Dinesh Karthik,17,5,2,1,340.00,KXIP,IS Bindra Stadium,03 May 2019
59,60,Shane Watson,17,5,2,1,340.00,SRH,Chidambaram,23 April 2019
60,61,Hardik Pandya,17,4,1,2,425.00,CSK,Wankhede Stadium,03 April 2019
61,62,MS Dhoni,17,5,2,1,340.00,KXIP,Chidambaram,06 April 2019
62,63,AB de Villiers,17,5,1,2,340.00,MI,M. Chinnaswamy Stadium,28 March 2019
63,64,Shikhar Dhawan,17,5,1,2,340.00,KKR,Eden Gardens,12 April 2019
64,65,Kieron Pollard,17,5,1,2,340.00,KXIP,Wankhede Stadium,10 April 2019
65,66,Prithvi Shaw,16,6,4,0,266.66,RCB,M. Chinnaswamy Stadium,07 April 2019
66,67,Quinton de Kock,16,5,2,1,320.00,DC,Wankhede Stadium,24 March 2019
67,68,Marcus Stoinis,16,4,2,1,400.00,KKR,M. Chinnaswamy Stadium,05 April 2019
68,69,Manish Pandey,16,5,2,1,320.00,MI,Wankhede Stadium,02 May 2019
69,70,Chris Gayle,16,6,4,0,266.66,DC,Feroz Shah Kotla Ground,20 April 2019
70,71,Moeen Ali,16,5,1,2,320.00,MI,Wankhede Stadium,15 April 2019
71,72,Faf du Plessis,16,6,4,0,266.66,KKR,Eden Gardens,14 April 2019
72,73,AB de Villiers,16,3,1,2,533.33,MI,M. Chinnaswamy Stadium,28 March 2019
73,74,Vijay Shankar,16,5,0,2,320.00,RR,Rajiv Gandhi Intl. Cricket Stadium,29 March 2019
74,75,Rishabh Pant,16,3,1,2,533.33,MI,Wankhede Stadium,24 March 2019
75,76,Kieron Pollard,16,5,1,2,320.00,KXIP,Wankhede Stadium,10 April 2019
76,77,Jonny Bairstow,16,6,2,1,266.66,RCB,Rajiv Gandhi Intl. Cricket Stadium,31 March 2019
77,78,Prithvi Shaw,16,6,2,1,266.66,SRH,ACA-VDCA Stadium,08 May 2019
78,79,Quinton de Kock,16,4,1,2,400.00,KKR,Wankhede Stadium,05 May 2019
79,80,Quinton de Kock,16,6,2,1,266.66,RCB,Wankhede Stadium,15 April 2019
80,81,Chris Gayle,16,5,1,2,320.00,CSK,IS Bindra Stadium,05 May 2019
81,82,Ravindra Jadeja,15,5,3,0,300.00,KKR,Eden Gardens,14 April 2019
82,83,Rahul Tripathi,15,5,2,1,300.00,CSK,Chidambaram,31 March 2019
83,84,Andre Russell,15,5,0,2,300.00,DC,Eden Gardens,12 April 2019
84,85,Robin Uthappa,15,4,2,1,375.00,KXIP,IS Bindra Stadium,03 May 2019
85,86,Yuvraj Singh,15,4,2,1,375.00,DC,Wankhede Stadium,24 March 2019
86,87,Martin Guptill,15,4,1,1,375.00,RCB,M. Chinnaswamy Stadium,04 May 2019
87,88,KL Rahul,15,4,2,1,375.00,CSK,Chidambaram,06 April 2019
88,89,Rohit Sharma,15,5,2,1,300.00,RR,Wankhede Stadium,13 April 2019
89,90,Nitish Rana,15,4,2,1,375.00,KXIP,Eden Gardens,27 March 2019
90,91,Rishabh Pant,15,4,2,1,375.00,MI,Wankhede Stadium,24 March 2019
91,92,Shikhar Dhawan,15,6,2,1,250.00,RR,Sawai Mansingh Stadium,22 April 2019
92,93,Jonny Bairstow,15,4,0,2,375.00,RCB,Rajiv Gandhi Intl. Cricket Stadium,31 March 2019
93,94,Faf du Plessis,15,5,2,1,300.00,KXIP,Chidambaram,06 April 2019
94,95,Rohit Sharma,15,4,2,1,375.00,CSK,Chidambaram,26 April 2019
95,96,Hardik Pandya,15,5,1,1,300.00,RR,Sawai Mansingh Stadium,20 April 2019
96,97,Krunal Pandya,15,6,2,1,250.00,DC,Wankhede Stadium,24 March 2019
97,98,Nitish Rana,15,4,0,2,375.00,MI,Wankhede Stadium,05 May 2019
98,99,David Warner,15,5,1,1,300.00,RCB,Rajiv Gandhi Intl. Cricket Stadium,31 March 2019
99,100,Prithvi Shaw,15,5,3,0,300.00,KKR,Feroz Shah Kotla Ground,30 March 2019
