,POS,PLAYER,"
                                Ov
                            ","
                                Runs
                            ","
                                Wkts
                            ","
                                SR
                            ","
                                Against
                            ","
                                Venue
                            ","
                                Match Date
                            "
0,1,Mujeeb Ur Rahman,4,66,0,-,SRH,Rajiv Gandhi Intl. Cricket Stadium,29 April 2019
1,2,Tim Southee,4,61,0,-,KKR,M. Chinnaswamy Stadium,05 April 2019
2,3,Kuldeep Yadav,4,59,1,24.00,RCB,Eden Gardens,19 April 2019
3,4,Piyush Chawla,4,57,1,24.00,MI,Eden Gardens,28 April 2019
4,5,Hardik Pandya,4,57,2,12.00,KXIP,Wankhede Stadium,10 April 2019
5,6,Harbhajan Singh,4,57,3,8.00,KXIP,IS Bindra Stadium,05 May 2019
6,7,Prayas Ray Barman,4,56,0,-,SRH,Rajiv Gandhi Intl. Cricket Stadium,31 March 2019
7,8,Bhuvneshwar Kumar,4,55,0,-,RR,Rajiv Gandhi Intl. Cricket Stadium,29 March 2019
8,9,Jaydev Unadkat,4,54,1,24.00,CSK,Chidambaram,31 March 2019
9,10,Sam Curran,4,54,1,24.00,MI,Wankhede Stadium,10 April 2019
10,11,Mohammed Siraj,4,54,1,24.00,KXIP,IS Bindra Stadium,13 April 2019
11,12,Rahul Chahar,4,54,1,24.00,KKR,Eden Gardens,28 April 2019
12,13,Sandeep Sharma,3.5,54,1,23.00,CSK,Chidambaram,23 April 2019
13,14,Mohammed Shami,4,53,1,24.00,RCB,M. Chinnaswamy Stadium,24 April 2019
14,15,Alzarri Joseph,3,53,0,-,RR,Wankhede Stadium,13 April 2019
15,16,Prasidh Krishna,4,52,0,-,RCB,Eden Gardens,19 April 2019
16,17,Ankit Rajpoot,4,52,1,24.00,MI,Wankhede Stadium,10 April 2019
17,18,Sam Curran,4,52,2,12.00,RR,Sawai Mansingh Stadium,25 March 2019
18,19,Dhawal Kulkarni,4,51,1,24.00,DC,Sawai Mansingh Stadium,22 April 2019
19,20,Hardus Viljoen,4,51,1,24.00,RCB,M. Chinnaswamy Stadium,24 April 2019
20,21,Jaydev Unadkat,4,50,1,24.00,KKR,Eden Gardens,25 April 2019
21,22,Ravindra Jadeja,4,49,0,-,KKR,Eden Gardens,14 April 2019
22,23,Dwayne Bravo,4,49,1,24.00,MI,Wankhede Stadium,03 April 2019
23,24,Lasith Malinga,4,49,1,24.00,CSK,Rajiv Gandhi Intl. Cricket Stadium,12 May 2019
24,25,Jason Behrendorff,4,49,1,24.00,RCB,Wankhede Stadium,15 April 2019
25,26,Keemo Paul,3,49,0,-,CSK,ACA-VDCA Stadium,10 May 2019
26,27,Siddarth Kaul,4,48,0,-,RR,Sawai Mansingh Stadium,27 April 2019
27,28,Lasith Malinga,4,48,0,-,KKR,Eden Gardens,28 April 2019
28,29,Jaydev Unadkat,4,48,1,24.00,KXIP,IS Bindra Stadium,16 April 2019
29,30,Ben Stokes,4,48,2,12.00,KXIP,Sawai Mansingh Stadium,25 March 2019
30,31,Ravichandran Ashwin,4,47,0,-,KKR,Eden Gardens,27 March 2019
31,32,Lasith Malinga,4,47,0,-,RCB,M. Chinnaswamy Stadium,28 March 2019
32,33,Pawan Negi,4,47,0,-,MI,Wankhede Stadium,15 April 2019
33,34,Umesh Yadav,4,47,0,-,SRH,Rajiv Gandhi Intl. Cricket Stadium,31 March 2019
34,35,Chris Morris,4,47,1,24.00,CSK,Chidambaram,01 May 2019
35,36,Jofra Archer,4,47,1,24.00,RCB,Sawai Mansingh Stadium,02 April 2019
36,37,Umesh Yadav,4,47,2,12.00,CSK,M. Chinnaswamy Stadium,21 April 2019
37,38,Shreyas Gopal,4,47,2,12.00,DC,Sawai Mansingh Stadium,22 April 2019
38,39,Ankit Rajpoot,4,46,0,-,RCB,M. Chinnaswamy Stadium,24 April 2019
39,40,Umesh Yadav,4,46,0,-,SRH,M. Chinnaswamy Stadium,04 May 2019
40,41,Jaydev Unadkat,4,46,1,24.00,MI,Sawai Mansingh Stadium,20 April 2019
41,42,Sandeep Lamichhane,4,46,1,24.00,RCB,M. Chinnaswamy Stadium,07 April 2019
42,43,Deepak Chahar,4,46,1,24.00,MI,Chidambaram,26 April 2019
43,44,Mohammed Shami,4,46,2,12.00,RR,IS Bindra Stadium,16 April 2019
44,45,Keemo Paul,4,46,2,12.00,KKR,Eden Gardens,12 April 2019
45,46,Yuzvendra Chahal,3,45,0,-,KKR,Eden Gardens,19 April 2019
46,47,Jasprit Bumrah,4,44,0,-,KKR,Eden Gardens,28 April 2019
47,48,Navdeep Saini,4,44,1,24.00,DC,Feroz Shah Kotla Ground,28 April 2019
48,49,Rashid Khan,4,44,1,24.00,RCB,M. Chinnaswamy Stadium,04 May 2019
49,50,Rashid Khan,4,44,1,24.00,CSK,Chidambaram,23 April 2019
50,51,Mohammed Shami,4,44,1,24.00,KKR,Eden Gardens,27 March 2019
51,52,Yuzvendra Chahal,4,44,1,24.00,SRH,Rajiv Gandhi Intl. Cricket Stadium,31 March 2019
52,53,Sunil Narine,4,44,2,12.00,MI,Eden Gardens,28 April 2019
53,54,Shardul Thakur,4,44,2,12.00,RR,Sawai Mansingh Stadium,11 April 2019
54,55,Jaydev Unadkat,3,44,0,-,KXIP,Sawai Mansingh Stadium,25 March 2019
55,56,Lasith Malinga,4,43,0,-,SRH,Wankhede Stadium,02 May 2019
56,57,Piyush Chawla,4,43,0,-,KXIP,IS Bindra Stadium,03 May 2019
57,58,Mohammed Shami,4,43,1,24.00,RCB,IS Bindra Stadium,13 April 2019
58,59,Krunal Pandya,4,43,2,12.00,KXIP,IS Bindra Stadium,30 March 2019
59,60,Arshdeep Singh,4,43,2,12.00,RR,IS Bindra Stadium,16 April 2019
60,61,Prasidh Krishna,3.2,43,1,20.00,RR,Eden Gardens,25 April 2019
61,62,Rasikh Salam,4,42,0,-,DC,Wankhede Stadium,24 March 2019
62,63,Prasidh Krishna,4,42,0,-,KXIP,Eden Gardens,27 March 2019
63,64,Jofra Archer,4,42,0,-,SRH,Rajiv Gandhi Intl. Cricket Stadium,29 March 2019
64,65,Umesh Yadav,4,42,0,-,KXIP,IS Bindra Stadium,13 April 2019
65,66,Siddarth Kaul,4,42,1,24.00,KXIP,IS Bindra Stadium,08 April 2019
66,67,Arshdeep Singh,4,42,1,24.00,SRH,Rajiv Gandhi Intl. Cricket Stadium,29 April 2019
67,68,Sandeep Sharma,4,42,1,24.00,KKR,Eden Gardens,24 March 2019
68,69,Trent Boult,4,42,1,24.00,MI,Wankhede Stadium,24 March 2019
69,70,Lockie Ferguson,4,42,1,24.00,KXIP,Eden Gardens,27 March 2019
70,71,Harry Gurney,4,42,1,24.00,RCB,Eden Gardens,19 April 2019
71,72,Mohammed Shami,4,42,2,12.00,MI,IS Bindra Stadium,30 March 2019
72,73,Shardul Thakur,4,42,2,12.00,RR,Chidambaram,31 March 2019
73,74,Bhuvneshwar Kumar,4,42,2,12.00,DC,ACA-VDCA Stadium,08 May 2019
74,75,Kagiso Rabada,4,42,2,12.00,KKR,Eden Gardens,12 April 2019
75,76,Khaleel Ahmed,4,42,3,8.00,MI,Wankhede Stadium,02 May 2019
76,77,Mohammad Nabi,3.5,42,0,-,KXIP,IS Bindra Stadium,08 April 2019
77,78,Shakib Al Hasan,3.4,42,1,22.00,KKR,Eden Gardens,24 March 2019
78,79,Axar Patel,3,42,1,18.00,MI,Wankhede Stadium,24 March 2019
79,80,Mohammed Shami,4,41,0,-,CSK,Chidambaram,06 April 2019
80,81,Sam Curran,4,41,0,-,KKR,IS Bindra Stadium,03 May 2019
81,82,Amit Mishra,4,41,0,-,KXIP,Feroz Shah Kotla Ground,20 April 2019
82,83,Basil Thampi,4,41,0,-,DC,ACA-VDCA Stadium,08 May 2019
83,84,Chris Morris,4,41,1,24.00,RR,Sawai Mansingh Stadium,22 April 2019
84,85,Harry Gurney,4,41,1,24.00,KXIP,IS Bindra Stadium,03 May 2019
85,86,Ish Sodhi,4,41,1,24.00,KXIP,IS Bindra Stadium,16 April 2019
86,87,Hardik Pandya,4,41,1,24.00,DC,Wankhede Stadium,24 March 2019
87,88,Kagiso Rabada,4,41,1,24.00,KKR,Feroz Shah Kotla Ground,30 March 2019
88,89,Kuldeep Yadav,4,41,2,12.00,DC,Feroz Shah Kotla Ground,30 March 2019
89,90,Yuzvendra Chahal,4,41,2,12.00,DC,Feroz Shah Kotla Ground,28 April 2019
90,91,Prasidh Krishna,3,41,0,-,RCB,M. Chinnaswamy Stadium,05 April 2019
91,92,Andrew Tye,3,41,1,18.00,KKR,IS Bindra Stadium,03 May 2019
92,93,Andrew Tye,4,40,0,-,RCB,IS Bindra Stadium,13 April 2019
93,94,Basil Thampi,4,40,0,-,MI,Wankhede Stadium,02 May 2019
94,95,Navdeep Saini,4,40,0,-,MI,M. Chinnaswamy Stadium,28 March 2019
95,96,Shardul Thakur,4,40,0,-,RCB,M. Chinnaswamy Stadium,21 April 2019
96,97,Jasprit Bumrah,4,40,1,24.00,DC,Wankhede Stadium,24 March 2019
97,98,Deepak Chahar,4,40,1,24.00,KXIP,Chidambaram,06 April 2019
98,99,Andrew Tye,4,40,1,24.00,MI,IS Bindra Stadium,30 March 2019
99,100,Ishant Sharma,4,40,1,24.00,RCB,Feroz Shah Kotla Ground,28 April 2019
