,POS,PLAYER,"
                                Ov
                            ","
                                Maid
                            ","
                                Dots
                            ","
                                Runs
                            ","
                                Wkts
                            ","
                                SR
                            ","
                                Against
                            ","
                                Venue
                            ","
                                Match Date
                            "
0,1,Deepak Chahar,4,0,20,20,3,8.00,KKR,Chidambaram,09 April 2019
1,2,Yuzvendra Chahal,4,1,18,6,1,24.00,CSK,Chidambaram,23 March 2019
2,3,Imran Tahir,4,1,18,9,3,8.00,RCB,Chidambaram,23 March 2019
3,4,Varun Aaron,4,1,17,20,2,12.00,KKR,Eden Gardens,25 April 2019
4,5,Deepak Chahar,4,1,17,26,3,8.00,MI,Rajiv Gandhi Intl. Cricket Stadium,12 May 2019
5,6,Mohammad Nabi,4,0,16,11,4,6.00,RCB,Rajiv Gandhi Intl. Cricket Stadium,31 March 2019
6,7,Shreyas Gopal,4,1,16,12,3,8.00,RCB,Sawai Mansingh Stadium,02 April 2019
7,8,Alzarri Joseph,3.4,1,16,12,6,3.66,SRH,Rajiv Gandhi Intl. Cricket Stadium,06 April 2019
8,9,Rashid Khan,4,1,16,15,2,12.00,DC,ACA-VDCA Stadium,08 May 2019
9,10,Navdeep Saini,4,0,16,24,0,-,CSK,Chidambaram,23 March 2019
10,11,Deepak Chahar,4,0,16,25,2,12.00,RCB,M. Chinnaswamy Stadium,21 April 2019
11,12,Mitchell Santner,4,0,15,13,2,12.00,MI,Chidambaram,26 April 2019
12,13,Jofra Archer,4,0,15,15,3,8.00,KXIP,IS Bindra Stadium,16 April 2019
13,14,Ravindra Jadeja,4,1,15,15,2,12.00,RCB,Chidambaram,23 March 2019
14,15,Harbhajan Singh,4,0,15,15,2,12.00,KKR,Chidambaram,09 April 2019
15,16,Axar Patel,4,0,15,16,0,-,CSK,Feroz Shah Kotla Ground,26 March 2019
16,17,Ravindra Jadeja,4,0,15,17,1,24.00,KKR,Chidambaram,09 April 2019
17,18,Bhuvneshwar Kumar,4,1,15,18,1,24.00,CSK,Chidambaram,23 April 2019
18,19,Rahul Chahar,4,0,15,19,3,8.00,DC,Feroz Shah Kotla Ground,18 April 2019
19,20,Moeen Ali,4,0,15,19,1,24.00,CSK,Chidambaram,23 March 2019
20,21,Imran Tahir,4,0,15,21,2,12.00,KKR,Chidambaram,09 April 2019
21,22,Jason Behrendorff,4,0,15,22,2,12.00,CSK,Wankhede Stadium,03 April 2019
22,23,Navdeep Saini,4,0,15,24,1,24.00,CSK,M. Chinnaswamy Stadium,21 April 2019
23,24,Shardul Thakur,4,0,14,18,2,12.00,KKR,Eden Gardens,14 April 2019
24,25,Ravindra Jadeja,4,0,14,18,0,-,MI,Chidambaram,07 May 2019
25,26,Jasprit Bumrah,4,0,14,20,3,8.00,RCB,M. Chinnaswamy Stadium,28 March 2019
26,27,Hardik Pandya,4,0,14,20,3,8.00,CSK,Wankhede Stadium,03 April 2019
27,28,Piyush Chawla,4,0,14,20,3,8.00,RR,Eden Gardens,25 April 2019
28,29,Ishant Sharma,4,1,14,21,1,24.00,KKR,Eden Gardens,12 April 2019
29,30,Jofra Archer,4,0,14,22,1,24.00,MI,Sawai Mansingh Stadium,20 April 2019
30,31,Khaleel Ahmed,4,0,14,22,1,24.00,CSK,Rajiv Gandhi Intl. Cricket Stadium,17 April 2019
31,32,Bhuvneshwar Kumar,4,0,14,22,0,-,RR,Sawai Mansingh Stadium,27 April 2019
32,33,Jasprit Bumrah,4,1,14,22,0,-,RCB,Wankhede Stadium,15 April 2019
33,34,Harbhajan Singh,4,0,14,25,1,24.00,MI,Chidambaram,07 May 2019
34,35,Deepak Chahar,4,0,14,28,0,-,KXIP,IS Bindra Stadium,05 May 2019
35,36,Rahul Chahar,4,0,13,14,2,12.00,CSK,Chidambaram,07 May 2019
36,37,Jasprit Bumrah,4,0,13,14,2,12.00,CSK,Rajiv Gandhi Intl. Cricket Stadium,12 May 2019
37,38,Rahul Chahar,4,0,13,14,1,24.00,CSK,Rajiv Gandhi Intl. Cricket Stadium,12 May 2019
38,39,Rashid Khan,4,0,13,17,2,12.00,CSK,Rajiv Gandhi Intl. Cricket Stadium,17 April 2019
39,40,Jofra Archer,4,1,13,17,2,12.00,CSK,Chidambaram,31 March 2019
40,41,Jofra Archer,4,0,13,17,0,-,KXIP,Sawai Mansingh Stadium,25 March 2019
41,42,Jasprit Bumrah,4,0,13,18,2,12.00,DC,Feroz Shah Kotla Ground,18 April 2019
42,43,Rashid Khan,4,0,13,18,1,24.00,DC,Feroz Shah Kotla Ground,04 April 2019
43,44,Piyush Chawla,4,0,13,19,0,-,RR,Sawai Mansingh Stadium,07 April 2019
44,45,Mitchell McClenaghan,4,1,13,19,0,-,KKR,Wankhede Stadium,05 May 2019
45,46,Sandeep Sharma,3.5,0,13,19,3,7.66,RCB,Rajiv Gandhi Intl. Cricket Stadium,31 March 2019
46,47,Harbhajan Singh,4,0,13,20,3,8.00,RCB,Chidambaram,23 March 2019
47,48,Imran Tahir,4,0,13,20,2,12.00,SRH,Rajiv Gandhi Intl. Cricket Stadium,17 April 2019
48,49,Mohammed Shami,4,0,13,21,3,8.00,MI,Wankhede Stadium,10 April 2019
49,50,Shreyas Gopal,4,0,13,21,2,12.00,DC,Feroz Shah Kotla Ground,04 May 2019
50,51,Rahul Chahar,4,0,13,21,2,12.00,SRH,Rajiv Gandhi Intl. Cricket Stadium,06 April 2019
51,52,Krunal Pandya,4,0,13,21,1,24.00,CSK,Chidambaram,07 May 2019
52,53,Sunil Narine,4,0,13,22,0,-,RR,Sawai Mansingh Stadium,07 April 2019
53,54,Kagiso Rabada,4,0,13,23,2,12.00,KXIP,Feroz Shah Kotla Ground,20 April 2019
54,55,Navdeep Saini,4,0,13,23,0,-,KXIP,IS Bindra Stadium,13 April 2019
55,56,Harbhajan Singh,4,0,13,23,0,-,MI,Chidambaram,26 April 2019
56,57,Navdeep Saini,4,0,13,24,2,12.00,DC,M. Chinnaswamy Stadium,07 April 2019
57,58,Yuzvendra Chahal,4,0,13,27,2,12.00,MI,Wankhede Stadium,15 April 2019
58,59,Rashid Khan,4,0,13,27,1,24.00,MI,Rajiv Gandhi Intl. Cricket Stadium,06 April 2019
59,60,Khaleel Ahmed,4,0,13,30,3,8.00,DC,Rajiv Gandhi Intl. Cricket Stadium,14 April 2019
60,61,Marcus Stoinis,4,0,13,32,1,24.00,KKR,Eden Gardens,19 April 2019
61,62,Lasith Malinga,4,0,13,34,3,8.00,CSK,Wankhede Stadium,03 April 2019
62,63,Ishant Sharma,4,0,13,34,2,12.00,MI,Wankhede Stadium,24 March 2019
63,64,Bhuvneshwar Kumar,4,0,13,34,1,24.00,MI,Rajiv Gandhi Intl. Cricket Stadium,06 April 2019
64,65,Mohammed Siraj,4,0,13,38,0,-,KKR,Eden Gardens,19 April 2019
65,66,Krunal Pandya,3,0,12,7,2,9.00,CSK,Chidambaram,26 April 2019
66,67,Mohammad Nabi,4,0,12,13,1,24.00,MI,Rajiv Gandhi Intl. Cricket Stadium,06 April 2019
67,68,Jasprit Bumrah,3,0,12,10,2,9.00,CSK,Chidambaram,26 April 2019
68,69,Rahul Tewatia,3,0,12,10,1,18.00,SRH,Feroz Shah Kotla Ground,04 April 2019
69,70,Imran Tahir,3.2,0,12,12,4,5.00,DC,Chidambaram,01 May 2019
70,71,Kuldeep Yadav,4,0,12,16,0,-,CSK,Chidambaram,09 April 2019
71,72,Axar Patel,4,0,12,16,0,-,RR,Feroz Shah Kotla Ground,04 May 2019
72,73,Deepak Chahar,4,0,12,17,0,-,RCB,Chidambaram,23 March 2019
73,74,Moeen Ali,4,0,12,18,2,12.00,MI,Wankhede Stadium,15 April 2019
74,75,Jofra Archer,3,0,12,14,0,-,KKR,Sawai Mansingh Stadium,07 April 2019
75,76,Deepak Chahar,4,1,12,19,2,12.00,RR,Chidambaram,31 March 2019
76,77,Sunil Narine,4,1,12,19,2,12.00,CSK,Eden Gardens,14 April 2019
77,78,Deepak Chahar,4,0,12,20,1,24.00,DC,Feroz Shah Kotla Ground,26 March 2019
78,79,Rashid Khan,4,0,12,21,3,8.00,KXIP,Rajiv Gandhi Intl. Cricket Stadium,29 April 2019
79,80,Bhuvneshwar Kumar,4,0,12,21,0,-,CSK,Rajiv Gandhi Intl. Cricket Stadium,17 April 2019
80,81,Jasprit Bumrah,4,0,12,23,2,12.00,RR,Wankhede Stadium,13 April 2019
81,82,Rashid Khan,4,0,12,23,1,24.00,KKR,Rajiv Gandhi Intl. Cricket Stadium,21 April 2019
82,83,Prasidh Krishna,4,0,12,23,0,-,CSK,Chidambaram,09 April 2019
83,84,Bhuvneshwar Kumar,4,0,12,24,2,12.00,RCB,M. Chinnaswamy Stadium,04 May 2019
84,85,Mitchell McClenaghan,4,0,12,24,0,-,CSK,Rajiv Gandhi Intl. Cricket Stadium,12 May 2019
85,86,Jasprit Bumrah,3.4,0,12,23,0,-,KXIP,IS Bindra Stadium,30 March 2019
86,87,Khaleel Ahmed,4,0,12,26,0,-,CSK,Chidambaram,23 April 2019
87,88,Mohammed Shami,4,0,12,27,2,12.00,DC,IS Bindra Stadium,01 April 2019
88,89,Jasprit Bumrah,4,0,12,27,0,-,CSK,Wankhede Stadium,03 April 2019
89,90,Rahul Chahar,4,0,12,27,0,-,KXIP,Wankhede Stadium,10 April 2019
90,91,Jofra Archer,4,0,12,28,0,-,KKR,Eden Gardens,25 April 2019
91,92,Sandeep Lamichhane,4,0,12,29,1,24.00,KKR,Feroz Shah Kotla Ground,30 March 2019
92,93,Ishant Sharma,4,0,12,29,1,24.00,RR,Sawai Mansingh Stadium,22 April 2019
93,94,Mohammed Shami,4,0,12,30,1,24.00,SRH,IS Bindra Stadium,08 April 2019
94,95,Jasprit Bumrah,4,0,12,31,2,12.00,KKR,Wankhede Stadium,05 May 2019
95,96,Navdeep Saini,4,0,12,31,1,24.00,KKR,Eden Gardens,19 April 2019
96,97,Navdeep Saini,4,0,12,34,2,12.00,KKR,M. Chinnaswamy Stadium,05 April 2019
97,98,Bhuvneshwar Kumar,4,0,12,34,0,-,KXIP,Rajiv Gandhi Intl. Cricket Stadium,29 April 2019
98,99,Bhuvneshwar Kumar,4,0,12,35,2,12.00,KKR,Rajiv Gandhi Intl. Cricket Stadium,21 April 2019
99,100,Navdeep Saini,4,0,12,35,0,-,RR,Sawai Mansingh Stadium,02 April 2019
