,POS,PLAYER,"
                                Ov
                            ","
                                Runs
                            ","
                                Wkts
                            ","
                                SR
                            ","
                                Against
                            ","
                                Venue
                            ","
                                Match Date
                            "
0,1,Corey Anderson,1,18,2,3.00,SRH,Dubai International Stadium,30 April 2014
1,2,James Faulkner,2,11,3,4.00,KKR,Zayed Cricket Stadium,29 April 2014
2,3,Shane Watson,2,13,3,4.00,SRH,Sardar Patel Stadium,08 May 2014
3,4,Pravin Tambe,4,20,4,6.00,RCB,Zayed Cricket Stadium,26 April 2014
4,5,Karn Sharma,4,38,4,6.00,KKR,Eden Gardens,24 May 2014
5,6,Sunil Narine,4,20,4,6.00,RCB,Eden Gardens,22 May 2014
6,7,Bhuvneshwar Kumar,4,14,4,6.00,RR,Sardar Patel Stadium,08 May 2014
7,8,Sunil Narine,4,20,4,6.00,MI,Zayed Cricket Stadium,16 April 2014
8,9,Mohit Sharma,4,14,4,6.00,MI,Dubai International Stadium,25 April 2014
9,10,Lakshmipathy Balaji,4,13,4,6.00,SRH,Sharjah Cricket Stadium,22 April 2014
10,11,Yuvraj Singh,4,35,4,6.00,RR,M. Chinnaswamy Stadium,11 May 2014
11,12,Lasith Malinga,4,23,4,6.00,KKR,Zayed Cricket Stadium,16 April 2014
12,13,Karanveer Singh,4,54,4,6.00,KKR,M. Chinnaswamy Stadium,01 June 2014
13,14,Ravindra Jadeja,4,33,4,6.00,RR,Dubai International Stadium,23 April 2014
14,15,Ravindra Jadeja,4,12,4,6.00,KKR,JSCA Stadium,02 May 2014
15,16,Mohit Sharma,3,22,3,6.00,KKR,JSCA Stadium,02 May 2014
16,17,Sandeep Sharma,3,15,3,6.00,RCB,Dubai International Stadium,28 April 2014
17,18,Ravichandran Ashwin,2,3,2,6.00,DC,Zayed Cricket Stadium,21 April 2014
18,19,Irfan Pathan,2,10,2,6.00,MI,Dubai International Stadium,30 April 2014
19,20,Jaydev Unadkat,2,24,2,6.00,MI,Wankhede Stadium,23 May 2014
20,21,Rajat Bhatia,4,23,3,8.00,SRH,Sardar Patel Stadium,08 May 2014
21,22,Shane Watson,4,21,3,8.00,KKR,Sardar Patel Stadium,05 May 2014
22,23,Piyush Chawla,4,19,3,8.00,KXIP,Barabati Stadium,11 May 2014
23,24,Sunil Narine,4,24,3,8.00,KXIP,Zayed Cricket Stadium,26 April 2014
24,25,Imran Tahir,4,37,3,8.00,MI,Wankhede Stadium,23 May 2014
25,26,Imran Tahir,4,22,3,8.00,KXIP,Feroz Shah Kotla Ground,19 May 2014
26,27,Umesh Yadav,4,13,3,8.00,KXIP,Eden Gardens,28 May 2014
27,28,Ashish Nehra,4,33,3,8.00,RCB,M. Chinnaswamy Stadium,24 May 2014
28,29,Piyush Chawla,4,19,3,8.00,KXIP,Zayed Cricket Stadium,26 April 2014
29,30,Ravichandran Ashwin,4,30,3,8.00,MI,Wankhede Stadium,10 May 2014
30,31,Sandeep Sharma,4,25,3,8.00,RCB,M. Chinnaswamy Stadium,09 May 2014
31,32,Karn Sharma,4,17,3,8.00,RCB,M. Chinnaswamy Stadium,04 May 2014
32,33,Varun Aaron,4,16,3,8.00,KKR,Sharjah Cricket Stadium,24 April 2014
33,34,Axar Patel,4,24,3,8.00,RR,IS Bindra Stadium,23 May 2014
34,35,Umesh Yadav,4,26,3,8.00,SRH,Rajiv Gandhi Intl. Cricket Stadium,18 May 2014
35,36,Sandeep Sharma,4,21,3,8.00,KKR,Zayed Cricket Stadium,26 April 2014
36,37,Sandeep Sharma,4,35,3,8.00,DC,Feroz Shah Kotla Ground,19 May 2014
37,38,Mohit Sharma,4,42,3,8.00,MI,Brabourne Stadium,28 May 2014
38,39,Bhuvneshwar Kumar,4,19,3,8.00,KXIP,Sharjah Cricket Stadium,22 April 2014
39,40,Pravin Tambe,4,26,3,8.00,KKR,Sardar Patel Stadium,05 May 2014
40,41,Mohit Sharma,4,31,3,8.00,RR,JSCA Stadium,13 May 2014
41,42,Karanveer Singh,4,40,3,8.00,KKR,Eden Gardens,28 May 2014
42,43,Jaydev Unadkat,4,32,3,8.00,CSK,Zayed Cricket Stadium,21 April 2014
43,44,Beuran Hendricks,4,36,3,8.00,DC,Feroz Shah Kotla Ground,19 May 2014
44,45,Ravindra Jadeja,2.4,18,2,8.00,DC,Zayed Cricket Stadium,21 April 2014
45,46,David Hussey,2.5,38,2,8.50,RCB,JSCA Stadium,18 May 2014
46,47,Parvinder Awana,3,15,2,9.00,DC,IS Bindra Stadium,25 May 2014
47,48,Shakib Al Hasan,3,22,2,9.00,SRH,Rajiv Gandhi Intl. Cricket Stadium,18 May 2014
48,49,Harshal Patel,3,56,2,9.00,KXIP,M. Chinnaswamy Stadium,09 May 2014
49,50,Rajat Bhatia,3,18,2,9.00,DC,Sardar Patel Stadium,15 May 2014
50,51,Dhawal Kulkarni,3,42,2,9.00,MI,Wankhede Stadium,25 May 2014
51,52,Moises Henriques,3,26,2,9.00,DC,Feroz Shah Kotla Ground,10 May 2014
52,53,Varun Aaron,3,29,2,9.00,CSK,JSCA Stadium,18 May 2014
53,54,Lakshmipathy Balaji,3,43,2,9.00,RCB,M. Chinnaswamy Stadium,09 May 2014
54,55,Amit Mishra,3,23,2,9.00,DC,Feroz Shah Kotla Ground,10 May 2014
55,56,Sandeep Sharma,3.1,29,2,9.50,MI,Wankhede Stadium,03 May 2014
56,57,Mitchell Johnson,3.1,27,2,9.50,DC,IS Bindra Stadium,25 May 2014
57,58,Mitchell Johnson,3.2,22,2,10.00,KKR,Zayed Cricket Stadium,26 April 2014
58,59,Varun Aaron,3.5,29,2,11.50,KXIP,Dubai International Stadium,28 April 2014
59,60,Amit Mishra,4,56,2,12.00,KXIP,Sharjah Cricket Stadium,22 April 2014
60,61,Pravin Tambe,4,31,2,12.00,KKR,Zayed Cricket Stadium,29 April 2014
61,62,Ravichandran Ashwin,4,16,2,12.00,RCB,JSCA Stadium,18 May 2014
62,63,Morne Morkel,4,23,2,12.00,KXIP,Eden Gardens,28 May 2014
63,64,Mitchell Starc,4,21,2,12.00,MI,Dubai International Stadium,19 April 2014
64,65,Ben Hilfenhaus,4,32,2,12.00,SRH,Sharjah Cricket Stadium,27 April 2014
65,66,Muttiah Muralitharan,4,25,2,12.00,DC,M. Chinnaswamy Stadium,13 May 2014
66,67,Karanveer Singh,4,16,2,12.00,RR,IS Bindra Stadium,23 May 2014
67,68,Lakshmipathy Balaji,4,43,2,12.00,CSK,Zayed Cricket Stadium,18 April 2014
68,69,Pravin Tambe,4,25,2,12.00,DC,Feroz Shah Kotla Ground,03 May 2014
69,70,Jasprit Bumrah,4,31,2,12.00,KXIP,IS Bindra Stadium,21 May 2014
70,71,Rajat Bhatia,4,13,2,12.00,CSK,Dubai International Stadium,23 April 2014
71,72,Dale Steyn,4,20,2,12.00,MI,Dubai International Stadium,30 April 2014
72,73,Mitchell Starc,4,43,2,12.00,KXIP,M. Chinnaswamy Stadium,09 May 2014
73,74,Harbhajan Singh,4,13,2,12.00,RR,Sardar Patel Stadium,19 May 2014
74,75,Harbhajan Singh,4,27,2,12.00,CSK,Brabourne Stadium,28 May 2014
75,76,Mohit Sharma,4,38,2,12.00,KXIP,Barabati Stadium,07 May 2014
76,77,Imran Tahir,4,25,2,12.00,RR,Sardar Patel Stadium,15 May 2014
77,78,Amit Mishra,4,26,2,12.00,RR,Zayed Cricket Stadium,18 April 2014
78,79,Mitchell Starc,4,21,2,12.00,SRH,M. Chinnaswamy Stadium,04 May 2014
79,80,Bhuvneshwar Kumar,4,21,2,12.00,MI,Rajiv Gandhi Intl. Cricket Stadium,12 May 2014
80,81,Harbhajan Singh,4,27,2,12.00,CSK,Dubai International Stadium,25 April 2014
81,82,Dale Steyn,4,20,2,12.00,DC,Feroz Shah Kotla Ground,10 May 2014
82,83,Parvinder Awana,4,59,2,12.00,CSK,Wankhede Stadium,30 May 2014
83,84,Mitchell Johnson,4,26,2,12.00,SRH,Sharjah Cricket Stadium,22 April 2014
84,85,Yuzvendra Chahal,4,17,2,12.00,MI,Dubai International Stadium,19 April 2014
85,86,Mohit Sharma,4,27,2,12.00,SRH,Sharjah Cricket Stadium,27 April 2014
86,87,Lasith Malinga,4,29,2,12.00,RCB,Wankhede Stadium,06 May 2014
87,88,Mitchell Starc,4,26,2,12.00,DC,M. Chinnaswamy Stadium,13 May 2014
88,89,Ravichandran Ashwin,4,41,2,12.00,KXIP,Zayed Cricket Stadium,18 April 2014
89,90,Kane Richardson,4,18,2,12.00,RCB,Zayed Cricket Stadium,26 April 2014
90,91,James Faulkner,4,26,2,12.00,DC,Feroz Shah Kotla Ground,03 May 2014
91,92,Morne Morkel,4,20,2,12.00,KXIP,Barabati Stadium,11 May 2014
92,93,Shreyas Gopal,4,32,2,12.00,KXIP,IS Bindra Stadium,21 May 2014
93,94,Vinay Kumar,4,26,2,12.00,RCB,Sharjah Cricket Stadium,24 April 2014
94,95,Yuzvendra Chahal,4,23,2,12.00,KXIP,M. Chinnaswamy Stadium,09 May 2014
95,96,Shreyas Gopal,4,25,2,12.00,RR,Sardar Patel Stadium,19 May 2014
96,97,Ashish Nehra,4,34,2,12.00,MI,Brabourne Stadium,28 May 2014
97,98,Mitchell Johnson,4,19,2,12.00,RCB,Dubai International Stadium,28 April 2014
98,99,Mitchell Johnson,4,37,2,12.00,CSK,Barabati Stadium,07 May 2014
99,100,Shahbaz Nadeem,4,35,2,12.00,RR,Sardar Patel Stadium,15 May 2014
