,POS,PLAYER,"
                                Ov
                            ","
                                Runs
                            ","
                                Wkts
                            ","
                                SR
                            ","
                                Against
                            ","
                                Venue
                            ","
                                Match Date
                            "
0,1,Ravindra Jadeja,4,12,4,6.00,KKR,JSCA Stadium,02 May 2014
1,2,Lakshmipathy Balaji,4,13,4,6.00,SRH,Sharjah Cricket Stadium,22 April 2014
2,3,Bhuvneshwar Kumar,4,14,4,6.00,RR,Sardar Patel Stadium,08 May 2014
3,4,Mohit Sharma,4,14,4,6.00,MI,Dubai International Stadium,25 April 2014
4,5,Sunil Narine,4,20,4,6.00,RCB,Eden Gardens,22 May 2014
5,6,Sunil Narine,4,20,4,6.00,MI,Zayed Cricket Stadium,16 April 2014
6,7,Pravin Tambe,4,20,4,6.00,RCB,Zayed Cricket Stadium,26 April 2014
7,8,Lasith Malinga,4,23,4,6.00,KKR,Zayed Cricket Stadium,16 April 2014
8,9,Ravindra Jadeja,4,33,4,6.00,RR,Dubai International Stadium,23 April 2014
9,10,Yuvraj Singh,4,35,4,6.00,RR,M. Chinnaswamy Stadium,11 May 2014
10,11,Karn Sharma,4,38,4,6.00,KKR,Eden Gardens,24 May 2014
11,12,Karanveer Singh,4,54,4,6.00,KKR,M. Chinnaswamy Stadium,01 June 2014
12,13,James Faulkner,2,11,3,4.00,KKR,Zayed Cricket Stadium,29 April 2014
13,14,Umesh Yadav,4,13,3,8.00,KXIP,Eden Gardens,28 May 2014
14,15,Shane Watson,2,13,3,4.00,SRH,Sardar Patel Stadium,08 May 2014
15,16,Sandeep Sharma,3,15,3,6.00,RCB,Dubai International Stadium,28 April 2014
16,17,Varun Aaron,4,16,3,8.00,KKR,Sharjah Cricket Stadium,24 April 2014
17,18,Karn Sharma,4,17,3,8.00,RCB,M. Chinnaswamy Stadium,04 May 2014
18,19,Piyush Chawla,4,19,3,8.00,KXIP,Zayed Cricket Stadium,26 April 2014
19,20,Piyush Chawla,4,19,3,8.00,KXIP,Barabati Stadium,11 May 2014
20,21,Bhuvneshwar Kumar,4,19,3,8.00,KXIP,Sharjah Cricket Stadium,22 April 2014
21,22,Sandeep Sharma,4,21,3,8.00,KKR,Zayed Cricket Stadium,26 April 2014
22,23,Shane Watson,4,21,3,8.00,KKR,Sardar Patel Stadium,05 May 2014
23,24,Imran Tahir,4,22,3,8.00,KXIP,Feroz Shah Kotla Ground,19 May 2014
24,25,Mohit Sharma,3,22,3,6.00,KKR,JSCA Stadium,02 May 2014
25,26,Rajat Bhatia,4,23,3,8.00,SRH,Sardar Patel Stadium,08 May 2014
26,27,Axar Patel,4,24,3,8.00,RR,IS Bindra Stadium,23 May 2014
27,28,Sunil Narine,4,24,3,8.00,KXIP,Zayed Cricket Stadium,26 April 2014
28,29,Sandeep Sharma,4,25,3,8.00,RCB,M. Chinnaswamy Stadium,09 May 2014
29,30,Pravin Tambe,4,26,3,8.00,KKR,Sardar Patel Stadium,05 May 2014
30,31,Umesh Yadav,4,26,3,8.00,SRH,Rajiv Gandhi Intl. Cricket Stadium,18 May 2014
31,32,Ravichandran Ashwin,4,30,3,8.00,MI,Wankhede Stadium,10 May 2014
32,33,Mohit Sharma,4,31,3,8.00,RR,JSCA Stadium,13 May 2014
33,34,Jaydev Unadkat,4,32,3,8.00,CSK,Zayed Cricket Stadium,21 April 2014
34,35,Ashish Nehra,4,33,3,8.00,RCB,M. Chinnaswamy Stadium,24 May 2014
35,36,Sandeep Sharma,4,35,3,8.00,DC,Feroz Shah Kotla Ground,19 May 2014
36,37,Beuran Hendricks,4,36,3,8.00,DC,Feroz Shah Kotla Ground,19 May 2014
37,38,Imran Tahir,4,37,3,8.00,MI,Wankhede Stadium,23 May 2014
38,39,Karanveer Singh,4,40,3,8.00,KKR,Eden Gardens,28 May 2014
39,40,Mohit Sharma,4,42,3,8.00,MI,Brabourne Stadium,28 May 2014
40,41,Ravichandran Ashwin,2,3,2,6.00,DC,Zayed Cricket Stadium,21 April 2014
41,42,Irfan Pathan,2,10,2,6.00,MI,Dubai International Stadium,30 April 2014
42,43,Axar Patel,4,11,2,12.00,KKR,Eden Gardens,28 May 2014
43,44,Rajat Bhatia,4,13,2,12.00,CSK,Dubai International Stadium,23 April 2014
44,45,Harbhajan Singh,4,13,2,12.00,RR,Sardar Patel Stadium,19 May 2014
45,46,Rishi Dhawan,4,14,2,12.00,RCB,Dubai International Stadium,28 April 2014
46,47,Lasith Malinga,4,15,2,12.00,CSK,Wankhede Stadium,10 May 2014
47,48,Parvinder Awana,3,15,2,9.00,DC,IS Bindra Stadium,25 May 2014
48,49,Karanveer Singh,4,16,2,12.00,RR,IS Bindra Stadium,23 May 2014
49,50,Ravichandran Ashwin,4,16,2,12.00,RCB,JSCA Stadium,18 May 2014
50,51,Axar Patel,4,16,2,12.00,KKR,Zayed Cricket Stadium,26 April 2014
51,52,Bhuvneshwar Kumar,4,16,2,12.00,RCB,M. Chinnaswamy Stadium,04 May 2014
52,53,Bhuvneshwar Kumar,4,17,2,12.00,MI,Dubai International Stadium,30 April 2014
53,54,Lasith Malinga,4,17,2,12.00,DC,Sharjah Cricket Stadium,27 April 2014
54,55,Yuzvendra Chahal,4,17,2,12.00,MI,Dubai International Stadium,19 April 2014
55,56,Kane Richardson,4,18,2,12.00,RCB,Zayed Cricket Stadium,26 April 2014
56,57,Ravindra Jadeja,4,18,2,12.00,RR,JSCA Stadium,13 May 2014
57,58,Rajat Bhatia,3,18,2,9.00,DC,Sardar Patel Stadium,15 May 2014
58,59,Ravindra Jadeja,2.4,18,2,8.00,DC,Zayed Cricket Stadium,21 April 2014
59,60,Corey Anderson,1,18,2,3.00,SRH,Dubai International Stadium,30 April 2014
60,61,Karn Sharma,4,19,2,12.00,CSK,JSCA Stadium,22 May 2014
61,62,Mitchell Johnson,4,19,2,12.00,RCB,Dubai International Stadium,28 April 2014
62,63,Dale Steyn,4,20,2,12.00,MI,Dubai International Stadium,30 April 2014
63,64,Morne Morkel,4,20,2,12.00,KXIP,Barabati Stadium,11 May 2014
64,65,Ankit Sharma,4,20,2,12.00,CSK,JSCA Stadium,13 May 2014
65,66,Dale Steyn,4,20,2,12.00,DC,Feroz Shah Kotla Ground,10 May 2014
66,67,Axar Patel,4,20,2,12.00,SRH,Sharjah Cricket Stadium,22 April 2014
67,68,Mitchell Starc,4,21,2,12.00,SRH,M. Chinnaswamy Stadium,04 May 2014
68,69,Wayne Parnell,4,21,2,12.00,KKR,Feroz Shah Kotla Ground,07 May 2014
69,70,Bhuvneshwar Kumar,4,21,2,12.00,MI,Rajiv Gandhi Intl. Cricket Stadium,12 May 2014
70,71,Mitchell Starc,4,21,2,12.00,MI,Dubai International Stadium,19 April 2014
71,72,Zaheer Khan,4,21,2,12.00,RCB,Dubai International Stadium,19 April 2014
72,73,Rajat Bhatia,4,22,2,12.00,SRH,Zayed Cricket Stadium,18 April 2014
73,74,Harbhajan Singh,4,22,2,12.00,KKR,Barabati Stadium,14 May 2014
74,75,Jasprit Bumrah,4,22,2,12.00,RCB,Wankhede Stadium,06 May 2014
75,76,Karanveer Singh,4,22,2,12.00,DC,IS Bindra Stadium,25 May 2014
76,77,Mitchell Johnson,3.2,22,2,10.00,KKR,Zayed Cricket Stadium,26 April 2014
77,78,Shakib Al Hasan,3,22,2,9.00,SRH,Rajiv Gandhi Intl. Cricket Stadium,18 May 2014
78,79,Rishi Dhawan,4,23,2,12.00,MI,Wankhede Stadium,03 May 2014
79,80,Morne Morkel,4,23,2,12.00,KXIP,Eden Gardens,28 May 2014
80,81,Yuzvendra Chahal,4,23,2,12.00,KXIP,Dubai International Stadium,28 April 2014
81,82,Bhuvneshwar Kumar,4,23,2,12.00,CSK,Sharjah Cricket Stadium,27 April 2014
82,83,Yuzvendra Chahal,4,23,2,12.00,KXIP,M. Chinnaswamy Stadium,09 May 2014
83,84,Ankit Sharma,4,23,2,12.00,MI,Sardar Patel Stadium,19 May 2014
84,85,Ishwar Pandey,4,23,2,12.00,DC,Zayed Cricket Stadium,21 April 2014
85,86,Dhawal Kulkarni,4,23,2,12.00,SRH,Zayed Cricket Stadium,18 April 2014
86,87,Amit Mishra,3,23,2,9.00,DC,Feroz Shah Kotla Ground,10 May 2014
87,88,Jaydev Unadkat,2,24,2,6.00,MI,Wankhede Stadium,23 May 2014
88,89,Pravin Tambe,4,25,2,12.00,DC,Feroz Shah Kotla Ground,03 May 2014
89,90,Kane Richardson,4,25,2,12.00,SRH,Zayed Cricket Stadium,18 April 2014
90,91,Shakib Al Hasan,4,25,2,12.00,CSK,JSCA Stadium,02 May 2014
91,92,Muttiah Muralitharan,4,25,2,12.00,DC,M. Chinnaswamy Stadium,13 May 2014
92,93,Imran Tahir,4,25,2,12.00,RR,Sardar Patel Stadium,15 May 2014
93,94,Rishi Dhawan,4,25,2,12.00,RR,IS Bindra Stadium,23 May 2014
94,95,Shreyas Gopal,4,25,2,12.00,RR,Sardar Patel Stadium,19 May 2014
95,96,Zaheer Khan,4,26,2,12.00,SRH,Dubai International Stadium,30 April 2014
96,97,Amit Mishra,4,26,2,12.00,RR,Zayed Cricket Stadium,18 April 2014
97,98,James Faulkner,4,26,2,12.00,DC,Feroz Shah Kotla Ground,03 May 2014
98,99,Shivam Sharma,4,26,2,12.00,RCB,M. Chinnaswamy Stadium,09 May 2014
99,100,Vinay Kumar,4,26,2,12.00,RCB,Sharjah Cricket Stadium,24 April 2014
