,POS,PLAYER,"
                                Ov
                            ","
                                Econ
                            ","
                                Dots
                            ","
                                Runs
                            ","
                                Wkts
                            ","
                                SR
                            ","
                                Against
                            ","
                                Venue
                            ","
                                Match Date
                            "
0,1,Ravichandran Ashwin,2,1.50,10,3,2,6.00,DC,Zayed Cricket Stadium,21 April 2014
1,2,Jaydev Unadkat,2,1.50,10,3,1,12.00,KXIP,IS Bindra Stadium,25 May 2014
2,3,Shane Watson,2,2.50,9,5,1,12.00,RCB,Zayed Cricket Stadium,26 April 2014
3,4,Axar Patel,4,2.75,13,11,2,12.00,KKR,Eden Gardens,28 May 2014
4,5,Ravindra Jadeja,4,3.00,14,12,4,6.00,KKR,JSCA Stadium,02 May 2014
5,6,Varun Aaron,3,3.00,12,9,1,18.00,DC,Sharjah Cricket Stadium,17 April 2014
6,7,Suresh Raina,2,3.00,6,6,0,-,RR,Dubai International Stadium,23 April 2014
7,8,Lakshmipathy Balaji,4,3.25,12,13,4,6.00,SRH,Sharjah Cricket Stadium,22 April 2014
8,9,Umesh Yadav,4,3.25,15,13,3,8.00,KXIP,Eden Gardens,28 May 2014
9,10,Harbhajan Singh,4,3.25,17,13,2,12.00,RR,Sardar Patel Stadium,19 May 2014
10,11,Rajat Bhatia,4,3.25,11,13,2,12.00,CSK,Dubai International Stadium,23 April 2014
11,12,Shakib Al Hasan,4,3.25,12,13,1,24.00,DC,Feroz Shah Kotla Ground,07 May 2014
12,13,Amit Mishra,4,3.25,13,13,0,-,RR,Sardar Patel Stadium,08 May 2014
13,14,Bhuvneshwar Kumar,4,3.50,17,14,4,6.00,RR,Sardar Patel Stadium,08 May 2014
14,15,Mohit Sharma,4,3.50,14,14,4,6.00,MI,Dubai International Stadium,25 April 2014
15,16,Rishi Dhawan,4,3.50,11,14,2,12.00,RCB,Dubai International Stadium,28 April 2014
16,17,Ashok Dinda,4,3.50,12,14,1,24.00,MI,Dubai International Stadium,19 April 2014
17,18,Harbhajan Singh,4,3.50,12,14,0,-,RCB,Dubai International Stadium,19 April 2014
18,19,Lasith Malinga,4,3.75,10,15,2,12.00,CSK,Wankhede Stadium,10 May 2014
19,20,Mitchell Starc,4,3.75,16,15,0,-,KXIP,Dubai International Stadium,28 April 2014
20,21,Varun Aaron,4,4.00,13,16,3,8.00,KKR,Sharjah Cricket Stadium,24 April 2014
21,22,Axar Patel,4,4.00,11,16,2,12.00,KKR,Zayed Cricket Stadium,26 April 2014
22,23,Bhuvneshwar Kumar,4,4.00,18,16,2,12.00,RCB,M. Chinnaswamy Stadium,04 May 2014
23,24,Karanveer Singh,4,4.00,12,16,2,12.00,RR,IS Bindra Stadium,23 May 2014
24,25,Ravichandran Ashwin,4,4.00,17,16,2,12.00,RCB,JSCA Stadium,18 May 2014
25,26,Morne Morkel,4,4.00,16,16,1,24.00,MI,Zayed Cricket Stadium,16 April 2014
26,27,Ashok Dinda,2,4.00,7,8,0,-,RR,Zayed Cricket Stadium,26 April 2014
27,28,Harbhajan Singh,4,4.00,9,16,0,-,SRH,Dubai International Stadium,30 April 2014
28,29,Ravi Rampaul,4,4.00,13,16,0,-,RR,Zayed Cricket Stadium,26 April 2014
29,30,Karn Sharma,2,4.00,5,8,0,-,RR,Zayed Cricket Stadium,18 April 2014
30,31,Karn Sharma,4,4.25,14,17,3,8.00,RCB,M. Chinnaswamy Stadium,04 May 2014
31,32,Lasith Malinga,4,4.25,14,17,2,12.00,DC,Sharjah Cricket Stadium,27 April 2014
32,33,Yuzvendra Chahal,4,4.25,9,17,2,12.00,MI,Dubai International Stadium,19 April 2014
33,34,Bhuvneshwar Kumar,4,4.25,16,17,2,12.00,MI,Dubai International Stadium,30 April 2014
34,35,Wayne Parnell,4,4.25,17,17,1,24.00,MI,Sharjah Cricket Stadium,27 April 2014
35,36,Sunil Narine,4,4.25,14,17,1,24.00,RCB,Sharjah Cricket Stadium,24 April 2014
36,37,Lakshmipathy Balaji,4,4.25,11,17,1,24.00,RCB,Dubai International Stadium,28 April 2014
37,38,Ravichandran Ashwin,4,4.25,9,17,0,-,SRH,Sharjah Cricket Stadium,27 April 2014
38,39,JP Duminy,3,4.33,9,13,0,-,MI,Sharjah Cricket Stadium,27 April 2014
39,40,Kane Richardson,4,4.50,11,18,2,12.00,RCB,Zayed Cricket Stadium,26 April 2014
40,41,Ravindra Jadeja,4,4.50,10,18,2,12.00,RR,JSCA Stadium,13 May 2014
41,42,Ben Hilfenhaus,2,4.50,7,9,1,12.00,DC,Zayed Cricket Stadium,21 April 2014
42,43,Yuzvendra Chahal,4,4.50,11,18,1,24.00,DC,Sharjah Cricket Stadium,17 April 2014
43,44,Abu Nechim,4,4.50,7,18,1,24.00,CSK,JSCA Stadium,18 May 2014
44,45,Sunil Narine,4,4.50,10,18,1,24.00,MI,Barabati Stadium,14 May 2014
45,46,Sunil Narine,4,4.50,9,18,1,24.00,DC,Dubai International Stadium,19 April 2014
46,47,Axar Patel,4,4.50,12,18,1,24.00,DC,Feroz Shah Kotla Ground,19 May 2014
47,48,Piyush Chawla,4,4.75,7,19,3,8.00,KXIP,Barabati Stadium,11 May 2014
48,49,Piyush Chawla,4,4.75,10,19,3,8.00,KXIP,Zayed Cricket Stadium,26 April 2014
49,50,Bhuvneshwar Kumar,4,4.75,15,19,3,8.00,KXIP,Sharjah Cricket Stadium,22 April 2014
50,51,Karn Sharma,4,4.75,12,19,2,12.00,CSK,JSCA Stadium,22 May 2014
51,52,Mitchell Johnson,4,4.75,12,19,2,12.00,RCB,Dubai International Stadium,28 April 2014
52,53,Samuel Badree,4,4.75,15,19,1,24.00,RR,JSCA Stadium,13 May 2014
53,54,Shahbaz Nadeem,4,4.75,9,19,1,24.00,MI,Sharjah Cricket Stadium,27 April 2014
54,55,Karn Sharma,4,4.75,9,19,1,24.00,KKR,Rajiv Gandhi Intl. Cricket Stadium,18 May 2014
55,56,Sunil Narine,4,4.75,10,19,0,-,SRH,Eden Gardens,24 May 2014
56,57,Sunil Narine,4,5.00,13,20,4,6.00,MI,Zayed Cricket Stadium,16 April 2014
57,58,Sunil Narine,4,5.00,9,20,4,6.00,RCB,Eden Gardens,22 May 2014
58,59,Pravin Tambe,4,5.00,14,20,4,6.00,RCB,Zayed Cricket Stadium,26 April 2014
59,60,Sandeep Sharma,3,5.00,12,15,3,6.00,RCB,Dubai International Stadium,28 April 2014
60,61,Dale Steyn,4,5.00,15,20,2,12.00,MI,Dubai International Stadium,30 April 2014
61,62,Morne Morkel,4,5.00,16,20,2,12.00,KXIP,Barabati Stadium,11 May 2014
62,63,Dale Steyn,4,5.00,11,20,2,12.00,DC,Feroz Shah Kotla Ground,10 May 2014
63,64,Ankit Sharma,4,5.00,12,20,2,12.00,CSK,JSCA Stadium,13 May 2014
64,65,Irfan Pathan,2,5.00,4,10,2,6.00,MI,Dubai International Stadium,30 April 2014
65,66,Parvinder Awana,3,5.00,11,15,2,9.00,DC,IS Bindra Stadium,25 May 2014
66,67,Axar Patel,4,5.00,10,20,2,12.00,SRH,Sharjah Cricket Stadium,22 April 2014
67,68,Piyush Chawla,3,5.00,7,15,1,18.00,MI,Zayed Cricket Stadium,16 April 2014
68,69,Albie Morkel,4,5.00,12,20,1,24.00,KXIP,M. Chinnaswamy Stadium,09 May 2014
69,70,Karn Sharma,4,5.00,6,20,1,24.00,RR,Sardar Patel Stadium,08 May 2014
70,71,Praveen Kumar,4,5.00,16,20,1,24.00,KXIP,IS Bindra Stadium,21 May 2014
71,72,Dale Steyn,4,5.00,12,20,0,-,CSK,Sharjah Cricket Stadium,27 April 2014
72,73,Ravichandran Ashwin,4,5.00,9,20,0,-,MI,Dubai International Stadium,25 April 2014
73,74,James Faulkner,4,5.00,9,20,0,-,SRH,Sardar Patel Stadium,08 May 2014
74,75,Suresh Raina,4,5.00,9,20,0,-,RCB,JSCA Stadium,18 May 2014
75,76,Axar Patel,4,5.00,12,20,0,-,KKR,Barabati Stadium,11 May 2014
76,77,JP Duminy,2,5.00,6,10,0,-,RCB,Sharjah Cricket Stadium,17 April 2014
77,78,Samuel Badree,3,5.00,7,15,0,-,RCB,JSCA Stadium,18 May 2014
78,79,Shane Watson,4,5.25,12,21,3,8.00,KKR,Sardar Patel Stadium,05 May 2014
79,80,Sandeep Sharma,4,5.25,16,21,3,8.00,KKR,Zayed Cricket Stadium,26 April 2014
80,81,Wayne Parnell,4,5.25,11,21,2,12.00,KKR,Feroz Shah Kotla Ground,07 May 2014
81,82,Mitchell Starc,4,5.25,11,21,2,12.00,SRH,M. Chinnaswamy Stadium,04 May 2014
82,83,Bhuvneshwar Kumar,4,5.25,12,21,2,12.00,MI,Rajiv Gandhi Intl. Cricket Stadium,12 May 2014
83,84,Mitchell Starc,4,5.25,11,21,2,12.00,MI,Dubai International Stadium,19 April 2014
84,85,Zaheer Khan,4,5.25,12,21,2,12.00,RCB,Dubai International Stadium,19 April 2014
85,86,Pravin Tambe,4,5.25,7,21,1,24.00,SRH,Sardar Patel Stadium,08 May 2014
86,87,Sunil Narine,4,5.25,13,21,1,24.00,SRH,Rajiv Gandhi Intl. Cricket Stadium,18 May 2014
87,88,Ravichandran Ashwin,4,5.25,11,21,1,24.00,KKR,JSCA Stadium,02 May 2014
88,89,Shakib Al Hasan,4,5.25,13,21,1,24.00,MI,Barabati Stadium,14 May 2014
89,90,Axar Patel,4,5.25,10,21,0,-,KKR,M. Chinnaswamy Stadium,01 June 2014
90,91,Ishwar Pandey,4,5.25,12,21,0,-,MI,Dubai International Stadium,25 April 2014
91,92,Morne Morkel,4,5.25,14,21,0,-,RCB,Eden Gardens,22 May 2014
92,93,Mohit Sharma,3,5.33,9,16,1,18.00,RCB,M. Chinnaswamy Stadium,24 May 2014
93,94,Tim Southee,3,5.33,9,16,0,-,RCB,Zayed Cricket Stadium,26 April 2014
94,95,James Faulkner,2,5.50,7,11,3,4.00,KKR,Zayed Cricket Stadium,29 April 2014
95,96,Imran Tahir,4,5.50,11,22,3,8.00,KXIP,Feroz Shah Kotla Ground,19 May 2014
96,97,Harbhajan Singh,4,5.50,10,22,2,12.00,KKR,Barabati Stadium,14 May 2014
97,98,Karanveer Singh,4,5.50,8,22,2,12.00,DC,IS Bindra Stadium,25 May 2014
98,99,Jasprit Bumrah,4,5.50,12,22,2,12.00,RCB,Wankhede Stadium,06 May 2014
99,100,Rajat Bhatia,4,5.50,7,22,2,12.00,SRH,Zayed Cricket Stadium,18 April 2014
