,POS,PLAYER,"
                                Distance (m)
                            "
0,1,David Miller,102.00
1,2,Ben Cutting,101.00
2,3,Kieron Pollard,100.00
3,4,Darren Sammy,99.00
4,5,Aaron Finch,99.00
5,6,Glenn Maxwell,98.00
6,7,AB de Villiers,98.00
7,8,Karn Sharma,98.00
8,9,David Miller,98.00
9,10,Dwayne Smith,98.00
10,11,Dwayne Smith,98.00
11,12,Robin Uthappa,98.00
12,13,Shane Watson,98.00
13,14,Virender Sehwag,97.00
14,15,Robin Uthappa,97.00
15,16,James Faulkner,97.00
16,17,Yusuf Pathan,97.00
17,18,Kieron Pollard,97.00
18,19,George Bailey,97.00
19,20,Ryan ten Doeschate,96.00
20,21,Ravindra Jadeja,96.00
21,22,Brendon McCullum,96.00
22,23,James Faulkner,96.00
23,24,David Warner,96.00
24,25,Chris Gayle,96.00
25,26,Kieron Pollard,96.00
26,27,Shane Watson,96.00
27,28,Naman Ojha,96.00
28,29,MS Dhoni,95.00
29,30,MS Dhoni,95.00
30,31,Rilee Rossouw,95.00
31,32,David Miller,95.00
32,33,David Miller,95.00
33,34,Chris Lynn,95.00
34,35,Dwayne Smith,95.00
35,36,Harbhajan Singh,95.00
36,37,Chris Gayle,95.00
37,38,Darren Sammy,95.00
38,39,Shaun Marsh,94.00
39,40,Brendon McCullum,94.00
40,41,Glenn Maxwell,94.00
41,42,Virat Kohli,94.00
42,43,Sanju Samson,94.00
43,44,Virat Kohli,94.00
44,45,Jacques Kallis,94.00
45,46,David Miller,94.00
46,47,David Miller,93.00
47,48,Glenn Maxwell,93.00
48,49,David Miller,93.00
49,50,Kevin Pietersen,93.00
50,51,Dwayne Smith,93.00
51,52,Ravindra Jadeja,93.00
52,53,Shaun Marsh,93.00
53,54,Virat Kohli,93.00
54,55,Glenn Maxwell,92.00
55,56,JP Duminy,92.00
56,57,Corey Anderson,92.00
57,58,Yuvraj Singh,92.00
58,59,Corey Anderson,92.00
59,60,Stuart Binny,92.00
60,61,Chris Gayle,92.00
61,62,KL Rahul,92.00
62,63,JP Duminy,91.00
63,64,JP Duminy,91.00
64,65,Kevin Pietersen,91.00
65,66,Robin Uthappa,91.00
66,67,Rohit Sharma,91.00
67,68,Brendon McCullum,91.00
68,69,Kedar Jadhav,91.00
69,70,Yusuf Pathan,91.00
70,71,David Warner,91.00
71,72,Dwayne Smith,91.00
72,73,Wriddhiman Saha,91.00
73,74,MS Dhoni,91.00
74,75,AB de Villiers,91.00
75,76,Kieron Pollard,91.00
76,77,Corey Anderson,91.00
77,78,Lendl Simmons,91.00
78,79,Sanju Samson,91.00
79,80,George Bailey,90.00
80,81,Shakib Al Hasan,90.00
81,82,Corey Anderson,90.00
82,83,Aditya Tare,90.00
83,84,Shane Watson,90.00
84,85,David Warner,90.00
85,86,Dwayne Smith,90.00
86,87,David Warner,90.00
87,88,David Warner,90.00
88,89,MS Dhoni,90.00
89,90,David Miller,90.00
90,91,Manan Vohra,90.00
91,92,Corey Anderson,90.00
92,93,AB de Villiers,90.00
93,94,Suresh Raina,90.00
94,95,Suryakumar Yadav,90.00
95,96,Chris Gayle,90.00
96,97,Glenn Maxwell,90.00
97,98,James Faulkner,90.00
98,99,Ravindra Jadeja,90.00
99,100,Karun Nair,90.00
