,POS,PLAYER,"
                                Against
                            ","
                                Venue
                            ","
                                Match Date
                            ","
                                BF
                            ","
                                6s
                            ","
                                4s
                            ","
                                Runs
                            "
0,1,Yusuf Pathan,SRH,Eden Gardens,24 May 2014,15,7,5,72
1,2,Suresh Raina,KXIP,Wankhede Stadium,30 May 2014,16,6,12,87
2,3,David Miller,RR,Sharjah Cricket Stadium,20 April 2014,19,6,0,51
3,4,Virender Sehwag,CSK,Wankhede Stadium,30 May 2014,21,8,12,122
4,5,Glenn Maxwell,SRH,Sharjah Cricket Stadium,22 April 2014,21,9,5,95
5,6,Glenn Maxwell,CSK,Barabati Stadium,07 May 2014,22,8,6,90
6,7,Wriddhiman Saha,SRH,Rajiv Gandhi Intl. Cricket Stadium,14 May 2014,22,2,8,54
7,8,Faf du Plessis,KXIP,Barabati Stadium,07 May 2014,22,1,7,52
8,9,AB de Villiers,SRH,M. Chinnaswamy Stadium,04 May 2014,23,8,6,89
9,10,David Miller,RCB,M. Chinnaswamy Stadium,09 May 2014,23,3,8,66
10,11,Yuvraj Singh,RR,M. Chinnaswamy Stadium,11 May 2014,24,7,7,83
11,12,Yuvraj Singh,DC,M. Chinnaswamy Stadium,13 May 2014,24,9,1,68
12,13,Corey Anderson,RR,Wankhede Stadium,25 May 2014,25,6,9,95
13,14,Glenn Maxwell,CSK,Zayed Cricket Stadium,18 April 2014,25,2,15,95
14,15,David Warner,CSK,JSCA Stadium,22 May 2014,25,3,12,90
15,16,AB de Villiers,KXIP,M. Chinnaswamy Stadium,09 May 2014,25,5,1,53
16,17,Karun Nair,MI,Wankhede Stadium,25 May 2014,26,2,7,50
17,18,Lendl Simmons,KXIP,IS Bindra Stadium,21 May 2014,27,2,14,100
18,19,Dwayne Smith,RR,Dubai International Stadium,23 April 2014,27,3,6,50
19,20,Glenn Maxwell,RR,Sharjah Cricket Stadium,20 April 2014,28,6,8,89
20,21,Michael Hussey,DC,Wankhede Stadium,23 May 2014,28,2,7,56
21,22,Yuvraj Singh,DC,Sharjah Cricket Stadium,17 April 2014,28,5,3,52
22,23,Shane Watson,KXIP,Sharjah Cricket Stadium,20 April 2014,28,3,5,50
23,24,Wriddhiman Saha,KKR,M. Chinnaswamy Stadium,01 June 2014,29,8,10,115
24,25,Naman Ojha,KXIP,Rajiv Gandhi Intl. Cricket Stadium,14 May 2014,29,7,4,79
25,26,Robin Uthappa,CSK,Eden Gardens,20 May 2014,29,1,10,67
26,27,Suresh Raina,MI,Brabourne Stadium,28 May 2014,29,2,4,54
27,28,Brendon McCullum,KXIP,Zayed Cricket Stadium,18 April 2014,30,5,4,67
28,29,AB de Villiers,RR,M. Chinnaswamy Stadium,11 May 2014,30,5,1,58
29,30,David Warner,MI,Rajiv Gandhi Intl. Cricket Stadium,12 May 2014,30,2,6,55
30,31,Manish Pandey,KXIP,M. Chinnaswamy Stadium,01 June 2014,31,6,7,94
31,32,Rohit Sharma,RCB,Wankhede Stadium,06 May 2014,31,4,3,59
32,33,Shakib Al Hasan,RCB,Eden Gardens,22 May 2014,32,3,5,60
33,34,Michael Hussey,RR,Sardar Patel Stadium,19 May 2014,32,2,3,56
34,35,Brendon McCullum,KKR,JSCA Stadium,02 May 2014,32,2,5,56
35,36,Gautam Gambhir,RR,Sardar Patel Stadium,05 May 2014,32,1,6,54
36,37,David Miller,CSK,Zayed Cricket Stadium,18 April 2014,32,3,3,54
37,38,Sanju Samson,KXIP,Sharjah Cricket Stadium,20 April 2014,32,4,3,52
38,39,David Hussey,SRH,JSCA Stadium,22 May 2014,33,2,5,50
39,40,Robin Uthappa,RCB,Eden Gardens,22 May 2014,34,1,10,83
40,41,Robin Uthappa,MI,Barabati Stadium,14 May 2014,34,3,9,80
41,42,Ambati Rayudu,SRH,Rajiv Gandhi Intl. Cricket Stadium,12 May 2014,34,2,7,68
42,43,Virat Kohli,SRH,Rajiv Gandhi Intl. Cricket Stadium,20 May 2014,34,4,4,67
43,44,Kevin Pietersen,KXIP,IS Bindra Stadium,25 May 2014,34,0,9,58
44,45,Karun Nair,RCB,M. Chinnaswamy Stadium,11 May 2014,34,0,8,56
45,46,Virender Sehwag,KKR,Barabati Stadium,11 May 2014,35,1,11,72
46,47,Dinesh Karthik,KXIP,Feroz Shah Kotla Ground,19 May 2014,35,3,7,69
47,48,Suresh Raina,RCB,JSCA Stadium,18 May 2014,35,1,6,62
48,49,JP Duminy,KKR,Dubai International Stadium,19 April 2014,35,3,3,52
49,50,Shane Watson,CSK,JSCA Stadium,13 May 2014,35,4,3,51
50,51,Dinesh Karthik,CSK,Feroz Shah Kotla Ground,05 May 2014,35,3,4,51
51,52,Sanju Samson,MI,Wankhede Stadium,25 May 2014,36,3,7,74
52,53,Brendon McCullum,MI,Dubai International Stadium,25 April 2014,36,2,8,71
53,54,Lendl Simmons,CSK,Brabourne Stadium,28 May 2014,36,4,5,67
54,55,Suresh Raina,DC,Zayed Cricket Stadium,21 April 2014,36,1,5,56
55,56,Dinesh Karthik,KKR,Dubai International Stadium,19 April 2014,36,2,5,56
56,57,Aaron Finch,DC,Dubai International Stadium,25 April 2014,37,4,8,88
57,58,Kieron Pollard,SRH,Dubai International Stadium,30 April 2014,37,6,3,78
58,59,Jacques Kallis,MI,Zayed Cricket Stadium,16 April 2014,37,3,5,72
59,60,Dwayne Smith,SRH,Sharjah Cricket Stadium,27 April 2014,37,5,4,66
60,61,Dwayne Smith,KXIP,Zayed Cricket Stadium,18 April 2014,37,3,6,66
61,62,Dwayne Smith,DC,Feroz Shah Kotla Ground,05 May 2014,38,8,4,79
62,63,Gautam Gambhir,KXIP,Barabati Stadium,11 May 2014,38,0,7,63
63,64,Ambati Rayudu,CSK,Wankhede Stadium,10 May 2014,38,4,2,59
64,65,Robin Uthappa,DC,Dubai International Stadium,19 April 2014,38,1,6,55
65,66,Gautam Gambhir,DC,Feroz Shah Kotla Ground,07 May 2014,39,2,5,69
66,67,Lendl Simmons,SRH,Rajiv Gandhi Intl. Cricket Stadium,12 May 2014,39,4,5,68
67,68,Robin Uthappa,RR,Sardar Patel Stadium,05 May 2014,39,3,5,65
68,69,Manoj Tiwary,RR,Sardar Patel Stadium,15 May 2014,39,2,5,61
69,70,MS Dhoni,SRH,JSCA Stadium,22 May 2014,39,4,2,57
70,71,Murali Vijay,SRH,Dubai International Stadium,25 April 2014,39,1,7,52
71,72,Shikhar Dhawan,RCB,Rajiv Gandhi Intl. Cricket Stadium,20 May 2014,39,1,7,50
72,73,Virat Kohli,CSK,M. Chinnaswamy Stadium,24 May 2014,40,5,2,73
73,74,Shikhar Dhawan,CSK,JSCA Stadium,22 May 2014,40,2,4,64
74,75,David Warner,DC,Dubai International Stadium,25 April 2014,40,3,3,58
75,76,Rohit Sharma,CSK,Dubai International Stadium,25 April 2014,40,2,3,50
76,77,Karun Nair,DC,Feroz Shah Kotla Ground,03 May 2014,41,2,8,73
77,78,Aaron Finch,MI,Rajiv Gandhi Intl. Cricket Stadium,12 May 2014,41,2,7,68
78,79,David Warner,MI,Dubai International Stadium,30 April 2014,41,4,1,65
79,80,David Warner,RCB,Rajiv Gandhi Intl. Cricket Stadium,20 May 2014,41,4,3,59
80,81,Manan Vohra,KKR,M. Chinnaswamy Stadium,01 June 2014,42,2,6,67
81,82,Manish Pandey,MI,Zayed Cricket Stadium,16 April 2014,42,2,6,64
82,83,Parthiv Patel,MI,Dubai International Stadium,19 April 2014,42,0,7,57
83,84,Suresh Raina,KKR,Eden Gardens,20 May 2014,43,5,3,65
84,85,Lendl Simmons,RR,Sardar Patel Stadium,19 May 2014,43,2,6,62
85,86,David Warner,RCB,M. Chinnaswamy Stadium,04 May 2014,43,3,4,61
86,87,Wriddhiman Saha,MI,Wankhede Stadium,03 May 2014,43,3,4,59
87,88,Faf du Plessis,RCB,M. Chinnaswamy Stadium,24 May 2014,43,3,3,54
88,89,Rohit Sharma,KKR,Barabati Stadium,14 May 2014,43,2,4,51
89,90,Ajinkya Rahane,KKR,Zayed Cricket Stadium,29 April 2014,44,1,6,72
90,91,JP Duminy,RCB,Sharjah Cricket Stadium,17 April 2014,44,3,4,67
91,92,Ajinkya Rahane,DC,Sardar Patel Stadium,15 May 2014,45,1,8,64
92,93,Ajinkya Rahane,SRH,Zayed Cricket Stadium,18 April 2014,46,0,6,59
93,94,Dwayne Smith,MI,Wankhede Stadium,10 May 2014,49,3,5,57
