,POS,PLAYER,"
                                Speed (km/h)
                            "
0,1,Dale Steyn,152.44
1,2,Morne Morkel,151.34
2,3,Morne Morkel,151.18
3,4,Mitchell Johnson,150.83
4,5,Mitchell Johnson,150.83
5,6,Dale Steyn,150.82
6,7,Morne Morkel,150.73
7,8,Dale Steyn,150.70
8,9,Morne Morkel,150.70
9,10,Morne Morkel,150.70
10,11,Pat Cummins,150.51
11,12,Mitchell Johnson,150.51
12,13,Morne Morkel,150.50
13,14,Mitchell Johnson,150.28
14,15,Mitchell Johnson,150.19
15,16,Morne Morkel,150.14
16,17,Morne Morkel,150.08
17,18,Mitchell Johnson,150.03
18,19,Mitchell Johnson,150.03
19,20,Morne Morkel,149.85
20,21,Dale Steyn,149.80
21,22,Morne Morkel,149.69
22,23,Dale Steyn,149.63
23,24,Pat Cummins,149.61
24,25,Morne Morkel,149.59
25,26,Morne Morkel,149.46
26,27,Morne Morkel,149.43
27,28,Mitchell Johnson,149.41
28,29,Mitchell Johnson,149.38
29,30,Mitchell Johnson,149.38
30,31,Mitchell Johnson,149.38
31,32,Mitchell Johnson,149.38
32,33,Dale Steyn,149.36
33,34,Morne Morkel,149.35
34,35,Pat Cummins,149.34
35,36,Morne Morkel,149.32
36,37,Dale Steyn,149.31
37,38,Morne Morkel,149.30
38,39,Morne Morkel,149.22
39,40,Mitchell Johnson,149.22
40,41,Morne Morkel,149.22
41,42,Mitchell Johnson,149.22
42,43,Morne Morkel,149.17
43,44,Mitchell Johnson,149.06
44,45,Mitchell Johnson,149.06
45,46,Mitchell Johnson,149.06
46,47,Dale Steyn,148.98
47,48,Varun Aaron,148.96
48,49,Dale Steyn,148.92
49,50,Dale Steyn,148.91
50,51,Mitchell Johnson,148.90
51,52,Mitchell Johnson,148.90
52,53,Morne Morkel,148.90
53,54,Mitchell Johnson,148.86
54,55,Varun Aaron,148.86
55,56,Morne Morkel,148.81
56,57,Morne Morkel,148.76
57,58,Morne Morkel,148.74
58,59,Mitchell Johnson,148.72
59,60,Mitchell Starc,148.69
60,61,Umesh Yadav,148.67
61,62,Dale Steyn,148.67
62,63,Dale Steyn,148.62
63,64,Mitchell Johnson,148.58
64,65,Dale Steyn,148.53
65,66,Dale Steyn,148.52
66,67,Dale Steyn,148.49
67,68,Dale Steyn,148.49
68,69,Umesh Yadav,148.48
69,70,Varun Aaron,148.43
70,71,Mitchell Johnson,148.42
71,72,Dale Steyn,148.42
72,73,Mitchell Johnson,148.42
73,74,Mitchell Johnson,148.42
74,75,Varun Aaron,148.42
75,76,Mitchell Johnson,148.39
76,77,Morne Morkel,148.38
77,78,Morne Morkel,148.36
78,79,Dale Steyn,148.36
79,80,Morne Morkel,148.31
80,81,Dale Steyn,148.30
81,82,Morne Morkel,148.27
82,83,Varun Aaron,148.26
83,84,Dale Steyn,148.22
84,85,Morne Morkel,148.20
85,86,Morne Morkel,148.17
86,87,Mitchell Johnson,148.16
87,88,Morne Morkel,148.14
88,89,Morne Morkel,148.12
89,90,Mitchell Johnson,148.10
90,91,Mitchell Johnson,148.10
91,92,Umesh Yadav,148.07
92,93,Varun Aaron,148.07
93,94,Varun Aaron,148.04
94,95,Dale Steyn,148.01
95,96,Mitchell Starc,148.00
96,97,Dale Steyn,147.95
97,98,Mohammed Shami,147.94
98,99,Varun Aaron,147.91
99,100,Mitchell Starc,147.90
