,POS,PLAYER,"
                                HS
                            ","
                                BF
                            ","
                                4s
                            ","
                                6s
                            ","
                                SR
                            ","
                                Against
                            ","
                                Venue
                            ","
                                Match Date
                            "
0,1,Virender Sehwag,122,58,12,8,210.34,CSK,Wankhede Stadium,30 May 2014
1,2,Wriddhiman Saha,115*,55,10,8,209.09,KKR,M. Chinnaswamy Stadium,01 June 2014
2,3,Lendl Simmons,100*,61,14,2,163.93,KXIP,IS Bindra Stadium,21 May 2014
3,4,Corey Anderson,95*,44,9,6,215.90,RR,Wankhede Stadium,25 May 2014
4,5,Glenn Maxwell,95,43,15,2,220.93,CSK,Zayed Cricket Stadium,18 April 2014
5,6,Glenn Maxwell,95,43,5,9,220.93,SRH,Sharjah Cricket Stadium,22 April 2014
6,7,Manish Pandey,94,50,7,6,188.00,KXIP,M. Chinnaswamy Stadium,01 June 2014
7,8,Glenn Maxwell,90,38,6,8,236.84,CSK,Barabati Stadium,07 May 2014
8,9,David Warner,90,45,12,3,200.00,CSK,JSCA Stadium,22 May 2014
9,10,AB de Villiers,89*,41,6,8,217.07,SRH,M. Chinnaswamy Stadium,04 May 2014
10,11,Glenn Maxwell,89,45,8,6,197.77,RR,Sharjah Cricket Stadium,20 April 2014
11,12,Aaron Finch,88*,53,8,4,166.03,DC,Dubai International Stadium,25 April 2014
12,13,Suresh Raina,87,25,12,6,348.00,KXIP,Wankhede Stadium,30 May 2014
13,14,Robin Uthappa,83*,51,10,1,162.74,RCB,Eden Gardens,22 May 2014
14,15,Yuvraj Singh,83,38,7,7,218.42,RR,M. Chinnaswamy Stadium,11 May 2014
15,16,Robin Uthappa,80,52,9,3,153.84,MI,Barabati Stadium,14 May 2014
16,17,Naman Ojha,79*,36,4,7,219.44,KXIP,Rajiv Gandhi Intl. Cricket Stadium,14 May 2014
17,18,Dwayne Smith,79,51,4,8,154.90,DC,Feroz Shah Kotla Ground,05 May 2014
18,19,Kieron Pollard,78,48,3,6,162.50,SRH,Dubai International Stadium,30 April 2014
19,20,Sanju Samson,74,47,7,3,157.44,MI,Wankhede Stadium,25 May 2014
20,21,Karun Nair,73*,50,8,2,146.00,DC,Feroz Shah Kotla Ground,03 May 2014
21,22,Virat Kohli,73,49,2,5,148.97,CSK,M. Chinnaswamy Stadium,24 May 2014
22,23,Yusuf Pathan,72,22,5,7,327.27,SRH,Eden Gardens,24 May 2014
23,24,Jacques Kallis,72,46,5,3,156.52,MI,Zayed Cricket Stadium,16 April 2014
24,25,Virender Sehwag,72,50,11,1,144.00,KKR,Barabati Stadium,11 May 2014
25,26,Ajinkya Rahane,72,59,6,1,122.03,KKR,Zayed Cricket Stadium,29 April 2014
26,27,Brendon McCullum,71*,53,8,2,133.96,MI,Dubai International Stadium,25 April 2014
27,28,Dinesh Karthik,69,44,7,3,156.81,KXIP,Feroz Shah Kotla Ground,19 May 2014
28,29,Gautam Gambhir,69,56,5,2,123.21,DC,Feroz Shah Kotla Ground,07 May 2014
29,30,Yuvraj Singh,68*,29,1,9,234.48,DC,M. Chinnaswamy Stadium,13 May 2014
30,31,Ambati Rayudu,68,46,7,2,147.82,SRH,Rajiv Gandhi Intl. Cricket Stadium,12 May 2014
31,32,Lendl Simmons,68,50,5,4,136.00,SRH,Rajiv Gandhi Intl. Cricket Stadium,12 May 2014
32,33,Aaron Finch,68,62,7,2,109.67,MI,Rajiv Gandhi Intl. Cricket Stadium,12 May 2014
33,34,JP Duminy,67*,48,4,3,139.58,RCB,Sharjah Cricket Stadium,17 April 2014
34,35,Robin Uthappa,67,39,10,1,171.79,CSK,Eden Gardens,20 May 2014
35,36,Virat Kohli,67,41,4,4,163.41,SRH,Rajiv Gandhi Intl. Cricket Stadium,20 May 2014
36,37,Lendl Simmons,67,44,5,4,152.27,CSK,Brabourne Stadium,28 May 2014
37,38,Brendon McCullum,67,45,4,5,148.88,KXIP,Zayed Cricket Stadium,18 April 2014
38,39,Manan Vohra,67,52,6,2,128.84,KKR,M. Chinnaswamy Stadium,01 June 2014
39,40,David Miller,66,29,8,3,227.58,RCB,M. Chinnaswamy Stadium,09 May 2014
40,41,Dwayne Smith,66,43,6,3,153.48,KXIP,Zayed Cricket Stadium,18 April 2014
41,42,Dwayne Smith,66,46,4,5,143.47,SRH,Sharjah Cricket Stadium,27 April 2014
42,43,David Warner,65,51,1,4,127.45,MI,Dubai International Stadium,30 April 2014
43,44,Suresh Raina,65,52,3,5,125.00,KKR,Eden Gardens,20 May 2014
44,45,Robin Uthappa,65,52,5,3,125.00,RR,Sardar Patel Stadium,05 May 2014
45,46,Shikhar Dhawan,64*,49,4,2,130.61,CSK,JSCA Stadium,22 May 2014
46,47,Ajinkya Rahane,64,50,8,1,128.00,DC,Sardar Patel Stadium,15 May 2014
47,48,Manish Pandey,64,53,6,2,120.75,MI,Zayed Cricket Stadium,16 April 2014
48,49,Gautam Gambhir,63*,45,7,0,140.00,KXIP,Barabati Stadium,11 May 2014
49,50,Suresh Raina,62*,48,6,1,129.16,RCB,JSCA Stadium,18 May 2014
50,51,Lendl Simmons,62,51,6,2,121.56,RR,Sardar Patel Stadium,19 May 2014
51,52,Manoj Tiwary,61*,44,5,2,138.63,RR,Sardar Patel Stadium,15 May 2014
52,53,David Warner,61,49,4,3,124.48,RCB,M. Chinnaswamy Stadium,04 May 2014
53,54,Shakib Al Hasan,60,38,5,3,157.89,RCB,Eden Gardens,22 May 2014
54,55,Rohit Sharma,59*,35,3,4,168.57,RCB,Wankhede Stadium,06 May 2014
55,56,Wriddhiman Saha,59*,47,4,3,125.53,MI,Wankhede Stadium,03 May 2014
56,57,Ambati Rayudu,59,43,2,4,137.20,CSK,Wankhede Stadium,10 May 2014
57,58,David Warner,59,46,3,4,128.26,RCB,Rajiv Gandhi Intl. Cricket Stadium,20 May 2014
58,59,Ajinkya Rahane,59,53,6,0,111.32,SRH,Zayed Cricket Stadium,18 April 2014
59,60,David Warner,58*,45,3,3,128.88,DC,Dubai International Stadium,25 April 2014
60,61,AB de Villiers,58,32,1,5,181.25,RR,M. Chinnaswamy Stadium,11 May 2014
61,62,Kevin Pietersen,58,41,9,0,141.46,KXIP,IS Bindra Stadium,25 May 2014
62,63,MS Dhoni,57*,41,2,4,139.02,SRH,JSCA Stadium,22 May 2014
63,64,Parthiv Patel,57*,45,7,0,126.66,MI,Dubai International Stadium,19 April 2014
64,65,Dwayne Smith,57,51,5,3,111.76,MI,Wankhede Stadium,10 May 2014
65,66,Michael Hussey,56,33,7,2,169.69,DC,Wankhede Stadium,23 May 2014
66,67,Karun Nair,56,39,8,0,143.58,RCB,M. Chinnaswamy Stadium,11 May 2014
67,68,Michael Hussey,56,39,3,2,143.58,RR,Sardar Patel Stadium,19 May 2014
68,69,Dinesh Karthik,56,40,5,2,140.00,KKR,Dubai International Stadium,19 April 2014
69,70,Brendon McCullum,56,40,5,2,140.00,KKR,JSCA Stadium,02 May 2014
70,71,Suresh Raina,56,41,5,1,136.58,DC,Zayed Cricket Stadium,21 April 2014
71,72,David Warner,55*,31,6,2,177.41,MI,Rajiv Gandhi Intl. Cricket Stadium,12 May 2014
72,73,Robin Uthappa,55,41,6,1,134.14,DC,Dubai International Stadium,19 April 2014
73,74,Suresh Raina,54*,32,4,2,168.75,MI,Brabourne Stadium,28 May 2014
74,75,David Miller,54*,37,3,3,145.94,CSK,Zayed Cricket Stadium,18 April 2014
75,76,Faf du Plessis,54*,43,3,3,125.58,RCB,M. Chinnaswamy Stadium,24 May 2014
76,77,Wriddhiman Saha,54,26,8,2,207.69,SRH,Rajiv Gandhi Intl. Cricket Stadium,14 May 2014
77,78,Gautam Gambhir,54,34,6,1,158.82,RR,Sardar Patel Stadium,05 May 2014
78,79,AB de Villiers,53,26,1,5,203.84,KXIP,M. Chinnaswamy Stadium,09 May 2014
79,80,Yuvraj Singh,52*,29,3,5,179.31,DC,Sharjah Cricket Stadium,17 April 2014
80,81,JP Duminy,52*,35,3,3,148.57,KKR,Dubai International Stadium,19 April 2014
81,82,Faf du Plessis,52,25,7,1,208.00,KXIP,Barabati Stadium,07 May 2014
82,83,Sanju Samson,52,34,3,4,152.94,KXIP,Sharjah Cricket Stadium,20 April 2014
83,84,Murali Vijay,52,40,7,1,130.00,SRH,Dubai International Stadium,25 April 2014
84,85,David Miller,51*,19,0,6,268.42,RR,Sharjah Cricket Stadium,20 April 2014
85,86,Shane Watson,51,36,3,4,141.66,CSK,JSCA Stadium,13 May 2014
86,87,Dinesh Karthik,51,36,4,3,141.66,CSK,Feroz Shah Kotla Ground,05 May 2014
87,88,Rohit Sharma,51,45,4,2,113.33,KKR,Barabati Stadium,14 May 2014
88,89,David Hussey,50*,33,5,2,151.51,SRH,JSCA Stadium,22 May 2014
89,90,Karun Nair,50,27,7,2,185.18,MI,Wankhede Stadium,25 May 2014
90,91,Dwayne Smith,50,28,6,3,178.57,RR,Dubai International Stadium,23 April 2014
91,92,Shane Watson,50,29,5,3,172.41,KXIP,Sharjah Cricket Stadium,20 April 2014
92,93,Shikhar Dhawan,50,39,7,1,128.20,RCB,Rajiv Gandhi Intl. Cricket Stadium,20 May 2014
93,94,Rohit Sharma,50,41,3,2,121.95,CSK,Dubai International Stadium,25 April 2014
94,95,MS Dhoni,49*,28,4,3,175.00,RCB,M. Chinnaswamy Stadium,24 May 2014
95,96,Virat Kohli,49*,38,2,3,128.94,DC,Sharjah Cricket Stadium,17 April 2014
96,97,Kevin Pietersen,49,32,6,1,153.12,KXIP,Feroz Shah Kotla Ground,19 May 2014
97,98,Steve Smith,48*,21,4,4,228.57,RCB,M. Chinnaswamy Stadium,11 May 2014
98,99,Stuart Binny,48*,32,4,1,150.00,SRH,Zayed Cricket Stadium,18 April 2014
99,100,Karun Nair,48,24,4,3,200.00,MI,Sardar Patel Stadium,19 May 2014
