,POS,PLAYER,"
                                Runs
                            ","
                                BF
                            ","
                                4s
                            ","
                                6s
                            ","
                                SR
                            ","
                                Against
                            ","
                                Venue
                            ","
                                Match Date
                            "
0,1,Suresh Raina,32,7,5,2,457.14,KXIP,Wankhede Stadium,30 May 2014
1,2,Kieron Pollard,26,6,1,3,433.33,SRH,Dubai International Stadium,30 April 2014
2,3,Yusuf Pathan,26,6,3,2,433.33,SRH,Eden Gardens,24 May 2014
3,4,David Miller,26,5,0,4,520.00,RR,Sharjah Cricket Stadium,20 April 2014
4,5,Yuvraj Singh,24,6,0,4,400.00,DC,M. Chinnaswamy Stadium,13 May 2014
5,6,Shakib Al Hasan,24,6,1,3,400.00,RCB,Eden Gardens,22 May 2014
6,7,Rohit Sharma,24,6,1,3,400.00,RCB,Wankhede Stadium,06 May 2014
7,8,MS Dhoni,24,6,2,2,400.00,SRH,JSCA Stadium,22 May 2014
8,9,Naman Ojha,23,5,2,2,460.00,KXIP,Rajiv Gandhi Intl. Cricket Stadium,14 May 2014
9,10,Shikhar Dhawan,23,7,4,1,328.57,KXIP,Rajiv Gandhi Intl. Cricket Stadium,14 May 2014
10,11,Brad Hodge,22,6,2,2,366.66,KXIP,IS Bindra Stadium,23 May 2014
11,12,AB de Villiers,22,5,1,3,440.00,SRH,M. Chinnaswamy Stadium,04 May 2014
12,13,Glenn Maxwell,21,6,2,2,350.00,CSK,Barabati Stadium,07 May 2014
13,14,George Bailey,21,5,2,2,420.00,SRH,Rajiv Gandhi Intl. Cricket Stadium,14 May 2014
14,15,Steve Smith,21,6,2,2,350.00,RCB,M. Chinnaswamy Stadium,11 May 2014
15,16,Yusuf Pathan,21,5,2,2,420.00,SRH,Eden Gardens,24 May 2014
16,17,David Warner,20,7,5,0,285.71,CSK,JSCA Stadium,22 May 2014
17,18,Dwayne Smith,20,5,0,3,400.00,SRH,JSCA Stadium,22 May 2014
18,19,Chris Gayle,20,6,2,2,333.33,KXIP,Dubai International Stadium,28 April 2014
19,20,JP Duminy,20,6,1,2,333.33,KKR,Dubai International Stadium,19 April 2014
20,21,Chris Gayle,20,4,2,2,500.00,MI,Wankhede Stadium,06 May 2014
21,22,David Miller,19,5,1,2,380.00,RCB,M. Chinnaswamy Stadium,09 May 2014
22,23,Kieron Pollard,19,6,2,1,316.66,KXIP,Wankhede Stadium,03 May 2014
23,24,Corey Anderson,19,5,3,1,380.00,KXIP,Wankhede Stadium,03 May 2014
24,25,Glenn Maxwell,19,4,0,3,475.00,SRH,Sharjah Cricket Stadium,22 April 2014
25,26,Yuvraj Singh,19,5,0,3,380.00,DC,M. Chinnaswamy Stadium,13 May 2014
26,27,Jacques Kallis,19,5,1,2,380.00,MI,Zayed Cricket Stadium,16 April 2014
27,28,James Faulkner,19,5,1,2,380.00,RCB,M. Chinnaswamy Stadium,11 May 2014
28,29,Glenn Maxwell,19,5,3,1,380.00,CSK,Zayed Cricket Stadium,18 April 2014
29,30,Yusuf Pathan,19,6,0,3,316.66,CSK,JSCA Stadium,02 May 2014
30,31,Glenn Maxwell,19,5,0,3,380.00,CSK,Barabati Stadium,07 May 2014
31,32,Virat Kohli,19,6,1,2,316.66,SRH,Rajiv Gandhi Intl. Cricket Stadium,20 May 2014
32,33,James Faulkner,18,5,2,1,360.00,RCB,M. Chinnaswamy Stadium,11 May 2014
33,34,James Faulkner,18,5,1,2,360.00,KXIP,IS Bindra Stadium,23 May 2014
34,35,George Bailey,18,4,1,2,450.00,CSK,Barabati Stadium,07 May 2014
35,36,Yuvraj Singh,18,6,1,2,300.00,KKR,Eden Gardens,22 May 2014
36,37,Robin Uthappa,18,5,3,1,360.00,KXIP,Barabati Stadium,11 May 2014
37,38,Kevin Pietersen,18,6,2,1,300.00,KXIP,Feroz Shah Kotla Ground,19 May 2014
38,39,AB de Villiers,18,5,1,2,360.00,SRH,M. Chinnaswamy Stadium,04 May 2014
39,40,Shane Watson,18,4,1,2,450.00,CSK,JSCA Stadium,13 May 2014
40,41,Dwayne Smith,18,6,0,3,300.00,DC,Feroz Shah Kotla Ground,05 May 2014
41,42,Suresh Raina,18,6,3,1,300.00,KXIP,Wankhede Stadium,30 May 2014
42,43,Aaron Finch,18,4,3,1,450.00,DC,Dubai International Stadium,25 April 2014
43,44,Karun Nair,18,5,3,1,360.00,MI,Wankhede Stadium,25 May 2014
44,45,Glenn Maxwell,18,5,0,3,360.00,SRH,Rajiv Gandhi Intl. Cricket Stadium,14 May 2014
45,46,Shane Watson,18,5,1,2,360.00,KKR,Sardar Patel Stadium,05 May 2014
46,47,David Warner,17,4,1,2,425.00,KXIP,Rajiv Gandhi Intl. Cricket Stadium,14 May 2014
47,48,Manish Pandey,17,5,1,2,340.00,KXIP,M. Chinnaswamy Stadium,01 June 2014
48,49,MS Dhoni,17,5,1,2,340.00,RCB,M. Chinnaswamy Stadium,24 May 2014
49,50,Faf du Plessis,17,5,2,1,340.00,MI,Brabourne Stadium,28 May 2014
50,51,Manish Pandey,17,5,1,2,340.00,KXIP,M. Chinnaswamy Stadium,01 June 2014
51,52,Glenn Maxwell,17,5,1,2,340.00,RCB,M. Chinnaswamy Stadium,09 May 2014
52,53,Darren Sammy,17,4,1,2,425.00,KKR,Eden Gardens,24 May 2014
53,54,Corey Anderson,17,5,0,2,340.00,CSK,Wankhede Stadium,10 May 2014
54,55,Virender Sehwag,17,5,1,2,340.00,CSK,Wankhede Stadium,30 May 2014
55,56,Yusuf Pathan,17,5,0,2,340.00,KXIP,M. Chinnaswamy Stadium,01 June 2014
56,57,Kieron Pollard,17,5,1,2,340.00,SRH,Dubai International Stadium,30 April 2014
57,58,Corey Anderson,17,5,2,1,340.00,RR,Wankhede Stadium,25 May 2014
58,59,Kedar Jadhav,17,4,1,2,425.00,CSK,Feroz Shah Kotla Ground,05 May 2014
59,60,Suresh Raina,17,4,1,2,425.00,KKR,Eden Gardens,20 May 2014
60,61,Aaron Finch,17,5,2,1,340.00,DC,Dubai International Stadium,25 April 2014
61,62,Brendon McCullum,16,6,1,2,266.66,KKR,Eden Gardens,20 May 2014
62,63,Suresh Raina,16,4,1,2,400.00,KXIP,Wankhede Stadium,30 May 2014
63,64,Chris Gayle,16,6,1,2,266.66,SRH,M. Chinnaswamy Stadium,04 May 2014
64,65,David Miller,16,5,2,1,320.00,CSK,Wankhede Stadium,30 May 2014
65,66,Lendl Simmons,16,6,1,2,266.66,SRH,Rajiv Gandhi Intl. Cricket Stadium,12 May 2014
66,67,JP Duminy,16,4,4,0,400.00,CSK,Feroz Shah Kotla Ground,05 May 2014
67,68,Wriddhiman Saha,16,6,1,2,266.66,KKR,M. Chinnaswamy Stadium,01 June 2014
68,69,Ankit Sharma,16,5,2,1,320.00,CSK,JSCA Stadium,13 May 2014
69,70,Rohit Sharma,16,5,1,2,320.00,RR,Sardar Patel Stadium,19 May 2014
70,71,Yuvraj Singh,16,4,1,2,400.00,RR,M. Chinnaswamy Stadium,11 May 2014
71,72,Glenn Maxwell,16,6,4,0,266.66,RR,Sharjah Cricket Stadium,20 April 2014
72,73,Sanju Samson,16,5,4,0,320.00,KKR,Zayed Cricket Stadium,29 April 2014
73,74,George Bailey,16,5,4,0,320.00,CSK,Barabati Stadium,07 May 2014
74,75,Glenn Maxwell,16,5,0,2,320.00,RR,Sharjah Cricket Stadium,20 April 2014
75,76,Virender Sehwag,16,6,4,0,266.66,KKR,Barabati Stadium,11 May 2014
76,77,Faf du Plessis,16,5,2,1,320.00,KXIP,Barabati Stadium,07 May 2014
77,78,Dwayne Smith,16,4,4,0,400.00,RR,Dubai International Stadium,23 April 2014
78,79,Wriddhiman Saha,15,5,2,1,300.00,KKR,M. Chinnaswamy Stadium,01 June 2014
79,80,Karun Nair,15,5,2,1,300.00,MI,Wankhede Stadium,25 May 2014
80,81,Yusuf Pathan,15,4,0,2,375.00,SRH,Eden Gardens,24 May 2014
81,82,Dinesh Karthik,15,5,2,1,300.00,KKR,Feroz Shah Kotla Ground,07 May 2014
82,83,Glenn Maxwell,15,5,0,2,300.00,SRH,Sharjah Cricket Stadium,22 April 2014
83,84,Shakib Al Hasan,15,4,2,1,375.00,CSK,Eden Gardens,20 May 2014
84,85,George Bailey,15,5,1,1,300.00,RR,IS Bindra Stadium,23 May 2014
85,86,Wriddhiman Saha,15,4,2,1,375.00,MI,Wankhede Stadium,03 May 2014
86,87,Dhawal Kulkarni,15,4,0,2,375.00,CSK,Dubai International Stadium,23 April 2014
87,88,Virender Sehwag,15,5,2,1,300.00,SRH,Sharjah Cricket Stadium,22 April 2014
88,89,Rohit Sharma,15,5,0,2,300.00,KKR,Barabati Stadium,14 May 2014
89,90,David Miller,15,4,0,2,375.00,CSK,Zayed Cricket Stadium,18 April 2014
90,91,Aditya Tare,15,5,1,1,300.00,KXIP,Wankhede Stadium,03 May 2014
91,92,Manan Vohra,15,3,0,2,500.00,CSK,Wankhede Stadium,30 May 2014
92,93,Glenn Maxwell,15,4,2,1,375.00,SRH,Sharjah Cricket Stadium,22 April 2014
93,94,Piyush Chawla,15,6,3,0,250.00,KXIP,Eden Gardens,28 May 2014
94,95,Brad Hodge,15,5,1,1,300.00,MI,Wankhede Stadium,25 May 2014
95,96,Glenn Maxwell,15,6,3,0,250.00,RR,Sharjah Cricket Stadium,20 April 2014
96,97,AB de Villiers,15,4,2,1,375.00,DC,M. Chinnaswamy Stadium,13 May 2014
97,98,David Warner,15,4,0,2,375.00,RCB,M. Chinnaswamy Stadium,04 May 2014
98,99,Wriddhiman Saha,15,6,3,0,250.00,SRH,Rajiv Gandhi Intl. Cricket Stadium,14 May 2014
99,100,Manish Pandey,15,6,2,1,250.00,SRH,Rajiv Gandhi Intl. Cricket Stadium,18 May 2014
