,POS,PLAYER,"
                                Ov
                            ","
                                Runs
                            ","
                                Wkts
                            ","
                                SR
                            ","
                                Against
                            ","
                                Venue
                            ","
                                Match Date
                            "
0,1,Sandeep Sharma,4,65,1,24.00,SRH,Rajiv Gandhi Intl. Cricket Stadium,14 May 2014
1,2,Parvinder Awana,4,59,2,12.00,CSK,Wankhede Stadium,30 May 2014
2,3,Beuran Hendricks,4,57,0,-,RR,IS Bindra Stadium,23 May 2014
3,4,Amit Mishra,4,56,2,12.00,KXIP,Sharjah Cricket Stadium,22 April 2014
4,5,Harshal Patel,3,56,2,9.00,KXIP,M. Chinnaswamy Stadium,09 May 2014
5,6,Amit Mishra,4,54,0,-,MI,Dubai International Stadium,30 April 2014
6,7,Karanveer Singh,4,54,4,6.00,KKR,M. Chinnaswamy Stadium,01 June 2014
7,8,James Faulkner,3.4,54,0,-,MI,Wankhede Stadium,25 May 2014
8,9,Dale Steyn,4,51,0,-,KXIP,Rajiv Gandhi Intl. Cricket Stadium,14 May 2014
9,10,Ashok Dinda,4,51,0,-,DC,Sharjah Cricket Stadium,17 April 2014
10,11,Murali Kartik,4,51,1,24.00,RR,Sharjah Cricket Stadium,20 April 2014
11,12,Mohit Sharma,4,51,1,24.00,DC,Feroz Shah Kotla Ground,05 May 2014
12,13,Ashish Nehra,4,51,2,12.00,KXIP,Wankhede Stadium,30 May 2014
13,14,Yuzvendra Chahal,4,50,0,-,KKR,Eden Gardens,22 May 2014
14,15,Dhawal Kulkarni,4,50,1,24.00,KXIP,Sharjah Cricket Stadium,20 April 2014
15,16,Krishmar Santokie,4,50,2,12.00,RR,Sardar Patel Stadium,19 May 2014
16,17,Imran Tahir,4,48,0,-,RCB,M. Chinnaswamy Stadium,13 May 2014
17,18,Ravindra Jadeja,4,48,0,-,KXIP,Wankhede Stadium,30 May 2014
18,19,James Faulkner,4,47,0,-,MI,Sardar Patel Stadium,19 May 2014
19,20,Mitchell Johnson,4,47,0,-,CSK,Zayed Cricket Stadium,18 April 2014
20,21,Jaydev Unadkat,3.4,47,0,-,CSK,Feroz Shah Kotla Ground,05 May 2014
21,22,Lakshmipathy Balaji,4,46,0,-,RR,Sharjah Cricket Stadium,20 April 2014
22,23,Mohit Sharma,4,46,1,24.00,KXIP,Wankhede Stadium,30 May 2014
23,24,Sunil Narine,4,46,1,24.00,KXIP,M. Chinnaswamy Stadium,01 June 2014
24,25,Karn Sharma,4,46,1,24.00,KXIP,Rajiv Gandhi Intl. Cricket Stadium,14 May 2014
25,26,Umesh Yadav,4,45,1,24.00,RCB,Eden Gardens,22 May 2014
26,27,Yuzvendra Chahal,4,45,1,24.00,DC,M. Chinnaswamy Stadium,13 May 2014
27,28,Mohammed Shami,4,45,1,24.00,CSK,Zayed Cricket Stadium,21 April 2014
28,29,James Faulkner,3.4,45,1,22.00,KXIP,Sharjah Cricket Stadium,20 April 2014
29,30,Rahul Shukla,4,44,0,-,RR,Sardar Patel Stadium,15 May 2014
30,31,Vinay Kumar,4,44,0,-,RCB,Eden Gardens,22 May 2014
31,32,Rishi Dhawan,4,44,0,-,KKR,Eden Gardens,28 May 2014
32,33,Ravichandran Ashwin,4,44,1,24.00,KXIP,Wankhede Stadium,30 May 2014
33,34,Mitchell Johnson,4,44,1,24.00,CSK,Wankhede Stadium,30 May 2014
34,35,Piyush Chawla,4,44,2,12.00,KXIP,M. Chinnaswamy Stadium,01 June 2014
35,36,Dale Steyn,4,43,0,-,KKR,Eden Gardens,24 May 2014
36,37,Dale Steyn,4,43,0,-,CSK,JSCA Stadium,22 May 2014
37,38,Jaydev Unadkat,4,43,0,-,SRH,Dubai International Stadium,25 April 2014
38,39,Ravindra Jadeja,4,43,0,-,KXIP,Zayed Cricket Stadium,18 April 2014
39,40,Shakib Al Hasan,4,43,1,24.00,KXIP,Eden Gardens,28 May 2014
40,41,Harbhajan Singh,4,43,1,24.00,RR,Wankhede Stadium,25 May 2014
41,42,Kane Richardson,4,43,2,12.00,RCB,M. Chinnaswamy Stadium,11 May 2014
42,43,Lakshmipathy Balaji,4,43,2,12.00,CSK,Zayed Cricket Stadium,18 April 2014
43,44,Mitchell Starc,4,43,2,12.00,KXIP,M. Chinnaswamy Stadium,09 May 2014
44,45,Parvinder Awana,3.3,43,0,-,KKR,M. Chinnaswamy Stadium,01 June 2014
45,46,Lakshmipathy Balaji,3,43,2,9.00,RCB,M. Chinnaswamy Stadium,09 May 2014
46,47,Mohammed Shami,4,42,0,-,CSK,Feroz Shah Kotla Ground,05 May 2014
47,48,Rishi Dhawan,4,42,0,-,DC,Feroz Shah Kotla Ground,19 May 2014
48,49,Piyush Chawla,4,42,1,24.00,CSK,Eden Gardens,20 May 2014
49,50,James Faulkner,4,42,1,24.00,RCB,M. Chinnaswamy Stadium,11 May 2014
50,51,Rishi Dhawan,4,42,2,12.00,SRH,Rajiv Gandhi Intl. Cricket Stadium,14 May 2014
51,52,Vinay Kumar,4,42,2,12.00,RR,Sardar Patel Stadium,05 May 2014
52,53,Mohit Sharma,4,42,3,8.00,MI,Brabourne Stadium,28 May 2014
53,54,Wayne Parnell,3.4,42,0,-,KXIP,Feroz Shah Kotla Ground,19 May 2014
54,55,Ravindra Jadeja,3.4,42,1,22.00,SRH,JSCA Stadium,22 May 2014
55,56,Dhawal Kulkarni,3,42,2,9.00,MI,Wankhede Stadium,25 May 2014
56,57,Kieron Pollard,2.3,42,1,15.00,CSK,Wankhede Stadium,10 May 2014
57,58,Lakshmipathy Balaji,4,41,0,-,KKR,M. Chinnaswamy Stadium,01 June 2014
58,59,Ishwar Pandey,4,41,0,-,KXIP,Barabati Stadium,07 May 2014
59,60,Varun Aaron,4,41,1,24.00,MI,Wankhede Stadium,06 May 2014
60,61,Rahul Shukla,4,41,1,24.00,RCB,M. Chinnaswamy Stadium,13 May 2014
61,62,Mitchell Johnson,4,41,2,12.00,KKR,M. Chinnaswamy Stadium,01 June 2014
62,63,Ravichandran Ashwin,4,41,2,12.00,KXIP,Zayed Cricket Stadium,18 April 2014
63,64,Morne Morkel,4,41,2,12.00,DC,Dubai International Stadium,19 April 2014
64,65,Shadab Jakati,3.4,41,0,-,CSK,M. Chinnaswamy Stadium,24 May 2014
65,66,Varun Aaron,2.5,41,0,-,RR,M. Chinnaswamy Stadium,11 May 2014
66,67,Axar Patel,4,40,0,-,SRH,Rajiv Gandhi Intl. Cricket Stadium,14 May 2014
67,68,Axar Patel,4,40,0,-,MI,Wankhede Stadium,03 May 2014
68,69,Bhuvneshwar Kumar,4,40,0,-,DC,Dubai International Stadium,25 April 2014
69,70,Morne Morkel,4,40,0,-,KXIP,M. Chinnaswamy Stadium,01 June 2014
70,71,Murali Kartik,4,40,0,-,CSK,Barabati Stadium,07 May 2014
71,72,Umesh Yadav,4,40,1,24.00,RCB,Sharjah Cricket Stadium,24 April 2014
72,73,Morne Morkel,4,40,1,24.00,RR,Zayed Cricket Stadium,29 April 2014
73,74,Krishmar Santokie,4,40,1,24.00,KXIP,IS Bindra Stadium,21 May 2014
74,75,Abu Nechim,4,40,1,24.00,DC,M. Chinnaswamy Stadium,13 May 2014
75,76,Parvinder Awana,4,40,1,24.00,RR,Sharjah Cricket Stadium,20 April 2014
76,77,Karanveer Singh,4,40,3,8.00,KKR,Eden Gardens,28 May 2014
77,78,Jasprit Bumrah,3.4,40,0,-,CSK,Brabourne Stadium,28 May 2014
78,79,Dale Steyn,4,39,0,-,RCB,M. Chinnaswamy Stadium,04 May 2014
79,80,Morne Morkel,4,39,0,-,SRH,Rajiv Gandhi Intl. Cricket Stadium,18 May 2014
80,81,Rajat Bhatia,4,39,0,-,MI,Sardar Patel Stadium,19 May 2014
81,82,Kane Richardson,4,39,1,24.00,DC,Feroz Shah Kotla Ground,03 May 2014
82,83,Ashok Dinda,4,39,1,24.00,SRH,M. Chinnaswamy Stadium,04 May 2014
83,84,Ravichandran Ashwin,4,39,1,24.00,RR,JSCA Stadium,13 May 2014
84,85,Mohammed Shami,4,39,1,24.00,KXIP,Feroz Shah Kotla Ground,19 May 2014
85,86,Umesh Yadav,4,39,1,24.00,KXIP,M. Chinnaswamy Stadium,01 June 2014
86,87,Ben Hilfenhaus,4,39,2,12.00,MI,Dubai International Stadium,25 April 2014
87,88,Glenn Maxwell,3,39,0,-,RCB,Dubai International Stadium,28 April 2014
88,89,James Faulkner,3,39,1,18.00,KXIP,IS Bindra Stadium,23 May 2014
89,90,Amit Mishra,4,38,0,-,KKR,Rajiv Gandhi Intl. Cricket Stadium,18 May 2014
90,91,Wayne Parnell,4,38,0,-,SRH,Dubai International Stadium,25 April 2014
91,92,Pawan Negi,4,38,0,-,SRH,JSCA Stadium,22 May 2014
92,93,Amit Mishra,4,38,0,-,DC,Dubai International Stadium,25 April 2014
93,94,Ashok Dinda,4,38,1,24.00,KKR,Eden Gardens,22 May 2014
94,95,Sunil Narine,4,38,1,24.00,DC,Feroz Shah Kotla Ground,07 May 2014
95,96,Jacques Kallis,4,38,1,24.00,DC,Feroz Shah Kotla Ground,07 May 2014
96,97,Pravin Tambe,4,38,1,24.00,RCB,M. Chinnaswamy Stadium,11 May 2014
97,98,Lakshmipathy Balaji,4,38,1,24.00,MI,Wankhede Stadium,03 May 2014
98,99,Mohit Sharma,4,38,2,12.00,KXIP,Barabati Stadium,07 May 2014
99,100,Kevon Cooper,4,38,2,12.00,MI,Wankhede Stadium,25 May 2014
