,POS,PLAYER,"
                                Ov
                            ","
                                Maid
                            ","
                                Dots
                            ","
                                Runs
                            ","
                                Wkts
                            ","
                                SR
                            ","
                                Against
                            ","
                                Venue
                            ","
                                Match Date
                            "
0,1,Bhuvneshwar Kumar,4,0,18,16,2,12.00,RCB,M. Chinnaswamy Stadium,04 May 2014
1,2,Harbhajan Singh,4,0,17,13,2,12.00,RR,Sardar Patel Stadium,19 May 2014
2,3,Bhuvneshwar Kumar,4,0,17,14,4,6.00,RR,Sardar Patel Stadium,08 May 2014
3,4,Ravichandran Ashwin,4,1,17,16,2,12.00,RCB,JSCA Stadium,18 May 2014
4,5,Wayne Parnell,4,0,17,17,1,24.00,MI,Sharjah Cricket Stadium,27 April 2014
5,6,Mitchell Starc,4,0,16,15,0,-,KXIP,Dubai International Stadium,28 April 2014
6,7,Morne Morkel,4,0,16,16,1,24.00,MI,Zayed Cricket Stadium,16 April 2014
7,8,Bhuvneshwar Kumar,4,0,16,17,2,12.00,MI,Dubai International Stadium,30 April 2014
8,9,Morne Morkel,4,0,16,20,2,12.00,KXIP,Barabati Stadium,11 May 2014
9,10,Praveen Kumar,4,0,16,20,1,24.00,KXIP,IS Bindra Stadium,21 May 2014
10,11,Sandeep Sharma,4,1,16,21,3,8.00,KKR,Zayed Cricket Stadium,26 April 2014
11,12,Umesh Yadav,4,0,15,13,3,8.00,KXIP,Eden Gardens,28 May 2014
12,13,Bhuvneshwar Kumar,4,0,15,19,3,8.00,KXIP,Sharjah Cricket Stadium,22 April 2014
13,14,Samuel Badree,4,0,15,19,1,24.00,RR,JSCA Stadium,13 May 2014
14,15,Dale Steyn,4,0,15,20,2,12.00,MI,Dubai International Stadium,30 April 2014
15,16,Sandeep Sharma,4,0,15,25,3,8.00,RCB,M. Chinnaswamy Stadium,09 May 2014
16,17,Morne Morkel,4,1,15,32,1,24.00,SRH,Eden Gardens,24 May 2014
17,18,Ishwar Pandey,4,0,15,34,1,24.00,MI,Wankhede Stadium,10 May 2014
18,19,Ravindra Jadeja,4,0,14,12,4,6.00,KKR,JSCA Stadium,02 May 2014
19,20,Mohit Sharma,4,0,14,14,4,6.00,MI,Dubai International Stadium,25 April 2014
20,21,Karn Sharma,4,0,14,17,3,8.00,RCB,M. Chinnaswamy Stadium,04 May 2014
21,22,Lasith Malinga,4,0,14,17,2,12.00,DC,Sharjah Cricket Stadium,27 April 2014
22,23,Sunil Narine,4,0,14,17,1,24.00,RCB,Sharjah Cricket Stadium,24 April 2014
23,24,Pravin Tambe,4,0,14,20,4,6.00,RCB,Zayed Cricket Stadium,26 April 2014
24,25,Morne Morkel,4,0,14,21,0,-,RCB,Eden Gardens,22 May 2014
25,26,Axar Patel,4,0,14,22,1,24.00,RR,Sharjah Cricket Stadium,20 April 2014
26,27,Ishwar Pandey,4,1,14,22,1,24.00,RR,Dubai International Stadium,23 April 2014
27,28,Morne Morkel,4,0,14,23,2,12.00,KXIP,Eden Gardens,28 May 2014
28,29,Mitchell Starc,4,0,14,29,2,12.00,RR,Zayed Cricket Stadium,26 April 2014
29,30,Mohammed Shami,4,0,14,30,1,24.00,RCB,Sharjah Cricket Stadium,17 April 2014
30,31,Morne Morkel,4,0,14,35,2,12.00,MI,Barabati Stadium,14 May 2014
31,32,Axar Patel,4,1,13,11,2,12.00,KKR,Eden Gardens,28 May 2014
32,33,Amit Mishra,4,0,13,13,0,-,RR,Sardar Patel Stadium,08 May 2014
33,34,Varun Aaron,4,0,13,16,3,8.00,KKR,Sharjah Cricket Stadium,24 April 2014
34,35,Ravi Rampaul,4,0,13,16,0,-,RR,Zayed Cricket Stadium,26 April 2014
35,36,Sunil Narine,4,0,13,20,4,6.00,MI,Zayed Cricket Stadium,16 April 2014
36,37,Sunil Narine,4,0,13,21,1,24.00,SRH,Rajiv Gandhi Intl. Cricket Stadium,18 May 2014
37,38,Shakib Al Hasan,4,0,13,21,1,24.00,MI,Barabati Stadium,14 May 2014
38,39,Yuzvendra Chahal,3,1,13,17,1,18.00,RR,Zayed Cricket Stadium,26 April 2014
39,40,Ishwar Pandey,4,0,13,23,2,12.00,DC,Zayed Cricket Stadium,21 April 2014
40,41,Jasprit Bumrah,4,0,13,25,0,-,KXIP,Wankhede Stadium,03 May 2014
41,42,Morne Morkel,4,0,13,26,1,24.00,KXIP,Zayed Cricket Stadium,26 April 2014
42,43,Muttiah Muralitharan,4,0,13,26,0,-,SRH,Rajiv Gandhi Intl. Cricket Stadium,20 May 2014
43,44,Mohit Sharma,4,0,13,31,3,8.00,RR,JSCA Stadium,13 May 2014
44,45,Ben Hilfenhaus,4,0,13,34,1,24.00,DC,Feroz Shah Kotla Ground,05 May 2014
45,46,Varun Aaron,3,1,12,9,1,18.00,DC,Sharjah Cricket Stadium,17 April 2014
46,47,Lakshmipathy Balaji,4,0,12,13,4,6.00,SRH,Sharjah Cricket Stadium,22 April 2014
47,48,Shakib Al Hasan,4,0,12,13,1,24.00,DC,Feroz Shah Kotla Ground,07 May 2014
48,49,Ashok Dinda,4,0,12,14,1,24.00,MI,Dubai International Stadium,19 April 2014
49,50,Harbhajan Singh,4,0,12,14,0,-,RCB,Dubai International Stadium,19 April 2014
50,51,Karanveer Singh,4,0,12,16,2,12.00,RR,IS Bindra Stadium,23 May 2014
51,52,Axar Patel,4,1,12,18,1,24.00,DC,Feroz Shah Kotla Ground,19 May 2014
52,53,Mitchell Johnson,4,0,12,19,2,12.00,RCB,Dubai International Stadium,28 April 2014
53,54,Karn Sharma,4,0,12,19,2,12.00,CSK,JSCA Stadium,22 May 2014
54,55,Sandeep Sharma,3,1,12,15,3,6.00,RCB,Dubai International Stadium,28 April 2014
55,56,Ankit Sharma,4,0,12,20,2,12.00,CSK,JSCA Stadium,13 May 2014
56,57,Albie Morkel,4,0,12,20,1,24.00,KXIP,M. Chinnaswamy Stadium,09 May 2014
57,58,Axar Patel,4,0,12,20,0,-,KKR,Barabati Stadium,11 May 2014
58,59,Dale Steyn,4,0,12,20,0,-,CSK,Sharjah Cricket Stadium,27 April 2014
59,60,Shane Watson,4,0,12,21,3,8.00,KKR,Sardar Patel Stadium,05 May 2014
60,61,Zaheer Khan,4,0,12,21,2,12.00,RCB,Dubai International Stadium,19 April 2014
61,62,Bhuvneshwar Kumar,4,0,12,21,2,12.00,MI,Rajiv Gandhi Intl. Cricket Stadium,12 May 2014
62,63,Ishwar Pandey,4,0,12,21,0,-,MI,Dubai International Stadium,25 April 2014
63,64,Jasprit Bumrah,4,0,12,22,2,12.00,RCB,Wankhede Stadium,06 May 2014
64,65,Rishi Dhawan,4,0,12,23,2,12.00,MI,Wankhede Stadium,03 May 2014
65,66,Shahbaz Nadeem,4,0,12,24,1,24.00,SRH,Dubai International Stadium,25 April 2014
66,67,Shakib Al Hasan,4,0,12,25,2,12.00,CSK,JSCA Stadium,02 May 2014
67,68,Mitchell Johnson,4,0,12,25,1,24.00,RCB,M. Chinnaswamy Stadium,09 May 2014
68,69,Shakib Al Hasan,4,1,12,25,1,24.00,SRH,Eden Gardens,24 May 2014
69,70,Mitchell Johnson,4,0,12,26,2,12.00,SRH,Sharjah Cricket Stadium,22 April 2014
70,71,Shivam Sharma,4,0,12,26,2,12.00,RCB,M. Chinnaswamy Stadium,09 May 2014
71,72,Ravichandran Ashwin,4,0,12,26,1,24.00,MI,Brabourne Stadium,28 May 2014
72,73,Nathan Coulter-Nile,4,0,12,27,2,12.00,KKR,Dubai International Stadium,19 April 2014
73,74,Pravin Tambe,4,0,12,27,1,24.00,CSK,Dubai International Stadium,23 April 2014
74,75,Harbhajan Singh,4,0,12,27,0,-,SRH,Rajiv Gandhi Intl. Cricket Stadium,12 May 2014
75,76,Axar Patel,4,0,12,28,2,12.00,DC,IS Bindra Stadium,25 May 2014
76,77,Pat Cummins,4,1,12,29,1,24.00,CSK,Eden Gardens,20 May 2014
77,78,Ravindra Jadeja,4,0,12,31,1,24.00,RCB,JSCA Stadium,18 May 2014
78,79,Vinay Kumar,4,0,12,32,1,24.00,SRH,Eden Gardens,24 May 2014
79,80,Rajat Bhatia,4,0,11,13,2,12.00,CSK,Dubai International Stadium,23 April 2014
80,81,Rishi Dhawan,4,0,11,14,2,12.00,RCB,Dubai International Stadium,28 April 2014
81,82,Axar Patel,4,0,11,16,2,12.00,KKR,Zayed Cricket Stadium,26 April 2014
82,83,Lakshmipathy Balaji,4,0,11,17,1,24.00,RCB,Dubai International Stadium,28 April 2014
83,84,Kane Richardson,4,0,11,18,2,12.00,RCB,Zayed Cricket Stadium,26 April 2014
84,85,Yuzvendra Chahal,4,0,11,18,1,24.00,DC,Sharjah Cricket Stadium,17 April 2014
85,86,Dale Steyn,4,0,11,20,2,12.00,DC,Feroz Shah Kotla Ground,10 May 2014
86,87,Parvinder Awana,3,1,11,15,2,9.00,DC,IS Bindra Stadium,25 May 2014
87,88,Mitchell Starc,4,0,11,21,2,12.00,MI,Dubai International Stadium,19 April 2014
88,89,Mitchell Starc,4,0,11,21,2,12.00,SRH,M. Chinnaswamy Stadium,04 May 2014
89,90,Wayne Parnell,4,0,11,21,2,12.00,KKR,Feroz Shah Kotla Ground,07 May 2014
90,91,Ravichandran Ashwin,4,0,11,21,1,24.00,KKR,JSCA Stadium,02 May 2014
91,92,Imran Tahir,4,0,11,22,3,8.00,KXIP,Feroz Shah Kotla Ground,19 May 2014
92,93,Rishi Dhawan,4,0,11,22,1,24.00,DC,IS Bindra Stadium,25 May 2014
93,94,Lasith Malinga,4,0,11,22,0,-,CSK,Dubai International Stadium,25 April 2014
94,95,Dhawal Kulkarni,4,0,11,23,2,12.00,SRH,Zayed Cricket Stadium,18 April 2014
95,96,Zaheer Khan,4,0,11,23,1,24.00,KKR,Zayed Cricket Stadium,16 April 2014
96,97,Sunil Narine,4,0,11,24,3,8.00,KXIP,Zayed Cricket Stadium,26 April 2014
97,98,Sunil Narine,4,0,11,24,1,24.00,CSK,Eden Gardens,20 May 2014
98,99,Dhawal Kulkarni,3,0,11,18,0,-,CSK,Dubai International Stadium,23 April 2014
99,100,Lasith Malinga,4,0,11,25,1,24.00,KXIP,Wankhede Stadium,03 May 2014
