,POS,PLAYER,"
                                Ov
                            ","
                                Econ
                            ","
                                Dots
                            ","
                                Runs
                            ","
                                Wkts
                            ","
                                SR
                            ","
                                Against
                            ","
                                Venue
                            ","
                                Match Date
                            "
0,1,Jacques Kallis,2,1.50,9,3,2,6.00,DEC,DY Patil Stadium,24 April 2010
1,2,Yusuf Pathan,2,1.50,9,3,0,-,DEC,Vidarbha Cricket Association Stadium,05 April 2010
2,3,Anil Kumble,3.5,2.34,13,9,3,7.66,RR,M. Chinnaswamy Stadium,18 March 2010
3,4,Dirk Nannes,4,3.00,14,12,2,12.00,KXIP,IS Bindra Stadium,13 March 2010
4,5,Albie Morkel,2,3.00,9,6,1,12.00,KKR,Eden Gardens,16 March 2010
5,6,Doug Bollinger,4,3.25,17,13,4,6.00,DEC,DY Patil Stadium,22 April 2010
6,7,Ravichandran Ashwin,4,3.25,18,13,2,12.00,DEC,Vidarbha Cricket Association Stadium,10 April 2010
7,8,Amit Mishra,4,3.25,13,13,1,24.00,CSK,Chidambaram,15 April 2010
8,9,Lasith Malinga,3.4,3.27,13,12,3,7.33,DEC,DY Patil Stadium,28 March 2010
9,10,Yuvraj Singh,4,3.50,11,14,1,24.00,DC,Feroz Shah Kotla Ground,11 April 2010
10,11,Ravichandran Ashwin,4,3.50,15,14,1,24.00,DEC,DY Patil Stadium,22 April 2010
11,12,Dwayne Bravo,2,3.50,6,7,0,-,KKR,Eden Gardens,19 April 2010
12,13,Dale Steyn,3,3.66,15,11,1,18.00,DEC,DY Patil Stadium,24 April 2010
13,14,Yuvraj Singh,3,3.66,7,11,0,-,DC,IS Bindra Stadium,13 March 2010
14,15,Doug Bollinger,4,3.75,14,15,2,12.00,RR,Chidambaram,03 April 2010
15,16,Doug Bollinger,4,3.75,17,15,2,12.00,KKR,Chidambaram,13 April 2010
16,17,Shane Warne,4,3.75,11,15,1,24.00,DEC,Sardar Patel Stadium,26 March 2010
17,18,Amit Mishra,4,3.75,11,15,1,24.00,KXIP,Feroz Shah Kotla Ground,11 April 2010
18,19,Dale Steyn,4,3.75,16,15,1,24.00,RR,Sawai Mansingh Stadium,14 April 2010
19,20,Anil Kumble,4,3.75,11,15,1,24.00,CSK,M. Chinnaswamy Stadium,23 March 2010
20,21,Kieron Pollard,4,3.75,10,15,0,-,DC,Brabourne Stadium,13 April 2010
21,22,Lakshmipathy Balaji,2.2,3.85,8,9,2,7.00,KKR,Eden Gardens,16 March 2010
22,23,Ravichandran Ashwin,4,4.00,15,16,3,8.00,KKR,Chidambaram,13 April 2010
23,24,JM Kemp,3,4.00,8,12,3,6.00,KKR,Eden Gardens,16 March 2010
24,25,Muttiah Muralitharan,4,4.00,15,16,3,8.00,KXIP,Chidambaram,21 March 2010
25,26,Pragyan Ojha,4,4.00,11,16,2,12.00,DC,Feroz Shah Kotla Ground,18 April 2010
26,27,Piyush Chawla,4,4.00,14,16,2,12.00,DC,Feroz Shah Kotla Ground,11 April 2010
27,28,Anil Kumble,4,4.00,11,16,1,24.00,CSK,Chidambaram,31 March 2010
28,29,Muttiah Muralitharan,4,4.00,12,16,1,24.00,KKR,Eden Gardens,16 March 2010
29,30,Muttiah Muralitharan,4,4.00,13,16,1,24.00,DEC,DY Patil Stadium,22 April 2010
30,31,Praveen Kumar,4,4.00,12,16,1,24.00,KKR,Eden Gardens,14 March 2010
31,32,Amit Mishra,3,4.00,10,12,1,18.00,DEC,Barabati Stadium,21 March 2010
32,33,Andrew Symonds,2,4.00,5,8,0,-,DC,Feroz Shah Kotla Ground,18 April 2010
33,34,Ashish Nehra,2,4.00,6,8,0,-,KXIP,Feroz Shah Kotla Ground,11 April 2010
34,35,Kieron Pollard,4,4.25,10,17,3,8.00,RCB,DY Patil Stadium,21 April 2010
35,36,RP Singh,4,4.25,13,17,3,8.00,RR,Vidarbha Cricket Association Stadium,05 April 2010
36,37,Zaheer Khan,4,4.25,14,17,2,12.00,RR,Sawai Mansingh Stadium,11 April 2010
37,38,Sanath Jayasuriya,4,4.25,16,17,2,12.00,DC,Feroz Shah Kotla Ground,17 March 2010
38,39,Shadab Jakati,4,4.25,14,17,2,12.00,RCB,Chidambaram,31 March 2010
39,40,Juan Theron,4,4.25,12,17,2,12.00,CSK,Chidambaram,21 March 2010
40,41,Harbhajan Singh,4,4.25,7,17,1,24.00,KKR,Brabourne Stadium,22 March 2010
41,42,Nayan Doshi,4,4.25,14,17,1,24.00,DEC,DY Patil Stadium,24 April 2010
42,43,Muttiah Muralitharan,4,4.25,9,17,1,24.00,MI,DY Patil Stadium,25 April 2010
43,44,Anil Kumble,4,4.25,14,17,1,24.00,KKR,M. Chinnaswamy Stadium,10 April 2010
44,45,MF Maharoof,3,4.33,13,13,2,9.00,RR,Feroz Shah Kotla Ground,31 March 2010
45,46,Dale Steyn,4,4.50,13,18,3,8.00,DEC,Vidarbha Cricket Association Stadium,12 April 2010
46,47,Ryan Harris,4,4.50,11,18,3,8.00,CSK,Vidarbha Cricket Association Stadium,10 April 2010
47,48,Praveen Kumar,4,4.50,15,18,3,8.00,RR,M. Chinnaswamy Stadium,18 March 2010
48,49,Praveen Kumar,4,4.50,13,18,2,12.00,DEC,DY Patil Stadium,24 April 2010
49,50,Ali Murtaza,4,4.50,5,18,2,12.00,DC,Brabourne Stadium,13 April 2010
50,51,Virender Sehwag,4,4.50,13,18,2,12.00,CSK,Chidambaram,15 April 2010
51,52,Yusuf Pathan,2,4.50,3,9,2,6.00,KXIP,IS Bindra Stadium,24 March 2010
52,53,Zaheer Khan,4,4.50,11,18,1,24.00,RCB,Brabourne Stadium,20 March 2010
53,54,Anil Kumble,4,4.50,11,18,1,24.00,MI,Brabourne Stadium,20 March 2010
54,55,Dirk Nannes,4,4.50,12,18,1,24.00,CSK,Feroz Shah Kotla Ground,19 March 2010
55,56,Andrew Symonds,4,4.50,10,18,1,24.00,CSK,DY Patil Stadium,22 April 2010
56,57,Amit Mishra,4,4.50,10,18,1,24.00,KKR,Feroz Shah Kotla Ground,29 March 2010
57,58,Dale Steyn,4,4.50,14,18,0,-,RR,M. Chinnaswamy Stadium,18 March 2010
58,59,Andrew Symonds,2,4.50,7,9,0,-,RR,Sardar Patel Stadium,26 March 2010
59,60,Adam Voges,2,4.50,3,9,0,-,DEC,Sardar Patel Stadium,26 March 2010
60,61,Dale Steyn,4,4.50,10,18,0,-,MI,M. Chinnaswamy Stadium,17 April 2010
61,62,Siddharth Trivedi,4,4.50,10,18,0,-,CSK,Sardar Patel Stadium,28 March 2010
62,63,Anil Kumble,3.3,4.57,13,16,4,5.25,DEC,DY Patil Stadium,24 April 2010
63,64,Shadab Jakati,3,4.66,9,14,1,18.00,DC,Chidambaram,15 April 2010
64,65,Ryan Harris,3,4.66,12,14,0,-,RCB,DY Patil Stadium,24 April 2010
65,66,Ashok Dinda,3.1,4.73,10,15,2,9.50,RCB,M. Chinnaswamy Stadium,10 April 2010
66,67,Dirk Nannes,3.1,4.73,12,15,1,19.00,KKR,Feroz Shah Kotla Ground,29 March 2010
67,68,Angelo Mathews,4,4.75,10,19,4,6.00,RCB,Eden Gardens,14 March 2010
68,69,Paul Collingwood,4,4.75,11,19,2,12.00,KXIP,Feroz Shah Kotla Ground,11 April 2010
69,70,Tillakaratne Dilshan,4,4.75,11,19,1,24.00,CSK,Chidambaram,15 April 2010
70,71,Shane Watson,4,4.75,13,19,1,24.00,KXIP,Sawai Mansingh Stadium,07 April 2010
71,72,Chaminda Vaas,4,4.75,9,19,1,24.00,DC,Feroz Shah Kotla Ground,18 April 2010
72,73,Jacques Kallis,4,4.75,11,19,1,24.00,RR,Sawai Mansingh Stadium,14 April 2010
73,74,Pragyan Ojha,4,4.75,12,19,0,-,KKR,DY Patil Stadium,12 March 2010
74,75,Anil Kumble,4,4.75,14,19,0,-,KKR,Eden Gardens,14 March 2010
75,76,Sudeep Tyagi,4,4.75,13,19,0,-,RCB,M. Chinnaswamy Stadium,23 March 2010
76,77,Suresh Raina,2.3,4.80,5,12,1,15.00,MI,Chidambaram,06 April 2010
77,78,Zaheer Khan,2,5.00,5,10,2,6.00,DEC,Brabourne Stadium,03 April 2010
78,79,Murali Kartik,4,5.00,9,20,2,12.00,MI,Eden Gardens,19 April 2010
79,80,Jacques Kallis,4,5.00,9,20,2,12.00,RR,M. Chinnaswamy Stadium,18 March 2010
80,81,Kevin Pietersen,4,5.00,8,20,1,24.00,MI,DY Patil Stadium,21 April 2010
81,82,JP Duminy,3,5.00,8,15,1,18.00,KXIP,IS Bindra Stadium,09 April 2010
82,83,Albie Morkel,3,5.00,9,15,1,18.00,DEC,DY Patil Stadium,22 April 2010
83,84,Ravichandran Ashwin,4,5.00,11,20,1,24.00,KXIP,HPCA Stadium,18 April 2010
84,85,Dale Steyn,4,5.00,8,20,1,24.00,CSK,Chidambaram,31 March 2010
85,86,Pradeep Sangwan,4,5.00,13,20,1,24.00,RR,Sardar Patel Stadium,15 March 2010
86,87,Shane Bond,4,5.00,15,20,1,24.00,RR,Eden Gardens,17 April 2010
87,88,Ashok Dinda,4,5.00,11,20,1,24.00,MI,Eden Gardens,19 April 2010
88,89,Suresh Raina,3,5.00,9,15,0,-,DC,Chidambaram,15 April 2010
89,90,Shane Warne,4,5.25,13,21,4,6.00,DEC,Vidarbha Cricket Association Stadium,05 April 2010
90,91,Chaminda Vaas,4,5.25,13,21,3,8.00,CSK,Chidambaram,14 March 2010
91,92,Andrew Symonds,4,5.25,9,21,3,8.00,DC,Barabati Stadium,21 March 2010
92,93,RP Singh,4,5.25,10,21,2,12.00,RCB,Vidarbha Cricket Association Stadium,12 April 2010
93,94,Ashok Dinda,4,5.25,12,21,2,12.00,DC,Eden Gardens,07 April 2010
94,95,Yuvraj Singh,4,5.25,11,21,2,12.00,DEC,Barabati Stadium,19 March 2010
95,96,Murali Kartik,4,5.25,8,21,1,24.00,MI,Brabourne Stadium,22 March 2010
96,97,Ryan McLaren,4,5.25,8,21,1,24.00,RCB,M. Chinnaswamy Stadium,17 April 2010
97,98,Praveen Kumar,4,5.25,11,21,1,24.00,CSK,M. Chinnaswamy Stadium,23 March 2010
98,99,Harmeet Singh Bansal,4,5.25,10,21,1,24.00,CSK,Vidarbha Cricket Association Stadium,10 April 2010
99,100,Chaminda Vaas,4,5.25,12,21,1,24.00,DC,Barabati Stadium,21 March 2010
