,POS,PLAYER,"
                                Against
                            ","
                                Venue
                            ","
                                Match Date
                            ","
                                BF
                            ","
                                6s
                            ","
                                4s
                            ","
                                Runs
                            "
0,1,Robin Uthappa,KXIP,M. Chinnaswamy Stadium,16 March 2010,19,4,4,51
1,2,Yusuf Pathan,MI,Brabourne Stadium,13 March 2010,21,8,9,100
2,3,Virender Sehwag,RR,Sardar Patel Stadium,15 March 2010,21,5,8,75
3,4,Shane Watson,CSK,Chidambaram,03 April 2010,21,5,5,60
4,5,Virender Sehwag,CSK,Feroz Shah Kotla Ground,19 March 2010,22,3,10,74
5,6,Robin Uthappa,KKR,M. Chinnaswamy Stadium,10 April 2010,22,4,4,50
6,7,Yusuf Pathan,DEC,Sardar Patel Stadium,26 March 2010,23,8,2,73
7,8,Sachin Tendulkar,DC,Feroz Shah Kotla Ground,17 March 2010,23,0,11,63
8,9,Matthew Hayden,DC,Feroz Shah Kotla Ground,19 March 2010,24,7,9,93
9,10,Suresh Raina,KKR,Chidambaram,13 April 2010,24,3,11,78
10,11,Kevin Pietersen,RR,Sawai Mansingh Stadium,14 April 2010,24,2,10,62
11,12,Suresh Raina,MI,DY Patil Stadium,25 April 2010,24,3,3,57
12,13,Andrew Symonds,RCB,M. Chinnaswamy Stadium,08 April 2010,24,3,5,53
13,14,Irfan Pathan,DEC,Barabati Stadium,19 March 2010,25,5,3,60
14,15,David Warner,DEC,Barabati Stadium,21 March 2010,25,4,4,57
15,16,Mahela Jayawardene,KKR,Eden Gardens,04 April 2010,26,3,14,110
16,17,Albie Morkel,RR,Chidambaram,03 April 2010,26,5,3,62
17,18,Andrew Symonds,DC,Feroz Shah Kotla Ground,18 April 2010,26,5,3,54
18,19,Michael Lumb,KXIP,Sawai Mansingh Stadium,07 April 2010,28,2,16,83
19,20,MS Dhoni,KKR,Eden Gardens,16 March 2010,28,3,6,66
20,21,Ambati Rayudu,DEC,Brabourne Stadium,03 April 2010,28,2,6,55
21,22,Manoj Tiwary,RCB,Eden Gardens,14 March 2010,28,2,6,50
22,23,David Warner,KKR,Feroz Shah Kotla Ground,29 March 2010,29,5,9,107
23,24,Murali Vijay,RCB,Chidambaram,31 March 2010,29,6,4,78
24,25,Shane Watson,DEC,Vidarbha Cricket Association Stadium,05 April 2010,29,3,3,58
25,26,MS Dhoni,KXIP,HPCA Stadium,18 April 2010,29,2,5,54
26,27,Kedar Jadhav,RCB,M. Chinnaswamy Stadium,25 March 2010,29,2,5,50
27,28,Murali Vijay,RR,Chidambaram,03 April 2010,30,11,8,127
28,29,Naman Ojha,CSK,Chidambaram,03 April 2010,30,6,8,94
29,30,Chris Gayle,KXIP,Eden Gardens,04 April 2010,30,8,6,88
30,31,Dinesh Karthik,RR,Feroz Shah Kotla Ground,31 March 2010,30,4,6,69
31,32,Ambati Rayudu,RR,Brabourne Stadium,13 March 2010,30,2,6,55
32,33,Adam Gilchrist,KKR,DY Patil Stadium,12 March 2010,30,3,3,54
33,34,Saurabh Tiwary,RR,Brabourne Stadium,13 March 2010,30,2,4,53
34,35,Rohit Sharma,KXIP,HPCA Stadium,16 April 2010,31,3,6,68
35,36,Saurabh Tiwary,DC,Feroz Shah Kotla Ground,17 March 2010,31,3,4,61
36,37,Virat Kohli,DEC,M. Chinnaswamy Stadium,08 April 2010,31,4,4,58
37,38,Shikhar Dhawan,CSK,Brabourne Stadium,25 March 2010,31,3,5,56
38,39,Saurabh Tiwary,RCB,DY Patil Stadium,21 April 2010,31,4,3,52
39,40,Suresh Raina,MI,Brabourne Stadium,25 March 2010,32,3,7,83
40,41,Naman Ojha,CSK,Sardar Patel Stadium,28 March 2010,32,5,6,80
41,42,Rohit Sharma,RR,Vidarbha Cricket Association Stadium,05 April 2010,33,2,8,73
42,43,Robin Uthappa,CSK,M. Chinnaswamy Stadium,23 March 2010,33,6,3,68
43,44,Rahul Dravid,KKR,M. Chinnaswamy Stadium,10 April 2010,33,2,5,52
44,45,Virender Sehwag,KKR,Eden Gardens,07 April 2010,34,3,6,64
45,46,Andrew Symonds,KXIP,Barabati Stadium,19 March 2010,34,3,3,53
46,47,Sachin Tendulkar,KKR,Brabourne Stadium,22 March 2010,35,0,10,71
47,48,Jacques Kallis,DEC,M. Chinnaswamy Stadium,08 April 2010,35,1,9,68
48,49,Subramaniam Badrinath,KXIP,HPCA Stadium,18 April 2010,35,2,7,53
49,50,Manvinder Bisla,RCB,M. Chinnaswamy Stadium,16 March 2010,36,4,7,75
50,51,Kumar Sangakkara,DEC,HPCA Stadium,16 April 2010,36,1,9,52
51,52,Manoj Tiwary,KXIP,IS Bindra Stadium,27 March 2010,37,2,8,75
52,53,Paul Collingwood,RCB,Feroz Shah Kotla Ground,04 April 2010,37,7,3,75
53,54,Kevin Pietersen,KXIP,IS Bindra Stadium,02 April 2010,37,1,7,66
54,55,Tirumalasetti Suman,CSK,Vidarbha Cricket Association Stadium,10 April 2010,37,2,4,55
55,56,Shikhar Dhawan,KXIP,Brabourne Stadium,30 March 2010,37,0,6,50
56,57,Sourav Ganguly,KXIP,IS Bindra Stadium,27 March 2010,37,1,6,50
57,58,Angelo Mathews,DEC,DY Patil Stadium,12 March 2010,38,4,5,65
58,59,Jacques Kallis,DC,Feroz Shah Kotla Ground,04 April 2010,38,1,5,54
59,60,Suresh Raina,DEC,Vidarbha Cricket Association Stadium,10 April 2010,38,2,4,52
60,61,Paul Collingwood,DEC,Feroz Shah Kotla Ground,18 April 2010,38,3,1,51
61,62,Sourav Ganguly,DEC,Eden Gardens,01 April 2010,39,5,9,88
62,63,Sourav Ganguly,RR,Eden Gardens,17 April 2010,39,2,11,75
63,64,Kumar Sangakkara,MI,IS Bindra Stadium,09 April 2010,39,1,6,56
64,65,Gautam Gambhir,KXIP,IS Bindra Stadium,13 March 2010,40,1,9,72
65,66,Sachin Tendulkar,CSK,Brabourne Stadium,25 March 2010,40,1,8,72
66,67,Murali Vijay,KKR,Chidambaram,13 April 2010,40,2,4,50
67,68,Shaun Marsh,CSK,HPCA Stadium,18 April 2010,41,5,8,88
68,69,Ravi Bopara,DC,IS Bindra Stadium,13 March 2010,41,1,7,56
69,70,Sachin Tendulkar,DEC,DY Patil Stadium,28 March 2010,41,0,9,55
70,71,Subramaniam Badrinath,MI,Brabourne Stadium,25 March 2010,41,0,6,55
71,72,Jacques Kallis,CSK,Chidambaram,31 March 2010,41,0,7,52
72,73,Jacques Kallis,KXIP,M. Chinnaswamy Stadium,16 March 2010,42,5,8,89
73,74,Ravi Bopara,RCB,M. Chinnaswamy Stadium,16 March 2010,42,2,9,77
74,75,Shaun Marsh,MI,Brabourne Stadium,30 March 2010,42,1,6,57
75,76,Sourav Ganguly,DC,Eden Gardens,07 April 2010,42,1,8,56
76,77,Tirumalasetti Suman,RCB,M. Chinnaswamy Stadium,08 April 2010,43,3,6,78
77,78,Jacques Kallis,MI,Brabourne Stadium,20 March 2010,43,0,10,66
78,79,Owais Shah,DEC,DY Patil Stadium,12 March 2010,43,3,3,58
79,80,Paul Collingwood,KKR,Feroz Shah Kotla Ground,29 March 2010,43,2,3,53
80,81,Andrew Symonds,CSK,Chidambaram,14 March 2010,43,3,3,50
81,82,Herschelle Gibbs,KKR,Eden Gardens,01 April 2010,43,1,5,50
82,83,Rohit Sharma,RCB,Vidarbha Cricket Association Stadium,12 April 2010,44,0,7,51
83,84,Brad Hodge,RCB,Eden Gardens,14 March 2010,44,0,7,50
84,85,Sachin Tendulkar,RR,Sawai Mansingh Stadium,11 April 2010,45,2,10,89
85,86,Abhishek Jhunjhunwala,DC,Sardar Patel Stadium,15 March 2010,45,1,5,53
86,87,Chris Gayle,MI,Brabourne Stadium,22 March 2010,47,2,7,75
87,88,Jacques Kallis,KKR,Eden Gardens,14 March 2010,47,1,7,65
88,89,Mahela Jayawardene,DEC,HPCA Stadium,16 April 2010,49,2,13,93
89,90,Gautam Gambhir,CSK,Chidambaram,15 April 2010,51,0,5,57
90,91,Brendon McCullum,MI,Eden Gardens,19 April 2010,52,0,8,57
91,92,Parthiv Patel,KXIP,Chidambaram,21 March 2010,53,2,4,57
