,POS,PLAYER,"
                                HS
                            ","
                                BF
                            ","
                                4s
                            ","
                                6s
                            ","
                                SR
                            ","
                                Against
                            ","
                                Venue
                            ","
                                Match Date
                            "
0,1,Murali Vijay,127,56,8,11,226.78,RR,Chidambaram,03 April 2010
1,2,Mahela Jayawardene,110*,59,14,3,186.44,KKR,Eden Gardens,04 April 2010
2,3,David Warner,107*,69,9,5,155.07,KKR,Feroz Shah Kotla Ground,29 March 2010
3,4,Yusuf Pathan,100,37,9,8,270.27,MI,Brabourne Stadium,13 March 2010
4,5,Naman Ojha,94*,55,8,6,170.90,CSK,Chidambaram,03 April 2010
5,6,Mahela Jayawardene,93*,62,13,2,150.00,DEC,HPCA Stadium,16 April 2010
6,7,Matthew Hayden,93,43,9,7,216.27,DC,Feroz Shah Kotla Ground,19 March 2010
7,8,Jacques Kallis,89*,55,8,5,161.81,KXIP,M. Chinnaswamy Stadium,16 March 2010
8,9,Sachin Tendulkar,89*,59,10,2,150.84,RR,Sawai Mansingh Stadium,11 April 2010
9,10,Shaun Marsh,88*,57,8,5,154.38,CSK,HPCA Stadium,18 April 2010
10,11,Chris Gayle,88,42,6,8,209.52,KXIP,Eden Gardens,04 April 2010
11,12,Sourav Ganguly,88,54,9,5,162.96,DEC,Eden Gardens,01 April 2010
12,13,Suresh Raina,83*,52,7,3,159.61,MI,Brabourne Stadium,25 March 2010
13,14,Michael Lumb,83,43,16,2,193.02,KXIP,Sawai Mansingh Stadium,07 April 2010
14,15,Naman Ojha,80,49,6,5,163.26,CSK,Sardar Patel Stadium,28 March 2010
15,16,Suresh Raina,78*,39,11,3,200.00,KKR,Chidambaram,13 April 2010
16,17,Tirumalasetti Suman,78*,57,6,3,136.84,RCB,M. Chinnaswamy Stadium,08 April 2010
17,18,Murali Vijay,78,39,4,6,200.00,RCB,Chidambaram,31 March 2010
18,19,Ravi Bopara,77,50,9,2,154.00,RCB,M. Chinnaswamy Stadium,16 March 2010
19,20,Paul Collingwood,75*,46,3,7,163.04,RCB,Feroz Shah Kotla Ground,04 April 2010
20,21,Manoj Tiwary,75*,47,8,2,159.57,KXIP,IS Bindra Stadium,27 March 2010
21,22,Sourav Ganguly,75*,50,11,2,150.00,RR,Eden Gardens,17 April 2010
22,23,Virender Sehwag,75,34,8,5,220.58,RR,Sardar Patel Stadium,15 March 2010
23,24,Manvinder Bisla,75,51,7,4,147.05,RCB,M. Chinnaswamy Stadium,16 March 2010
24,25,Chris Gayle,75,60,7,2,125.00,MI,Brabourne Stadium,22 March 2010
25,26,Virender Sehwag,74,38,10,3,194.73,CSK,Feroz Shah Kotla Ground,19 March 2010
26,27,Yusuf Pathan,73*,34,2,8,214.70,DEC,Sardar Patel Stadium,26 March 2010
27,28,Rohit Sharma,73,44,8,2,165.90,RR,Vidarbha Cricket Association Stadium,05 April 2010
28,29,Sachin Tendulkar,72,52,8,1,138.46,CSK,Brabourne Stadium,25 March 2010
29,30,Gautam Gambhir,72,54,9,1,133.33,KXIP,IS Bindra Stadium,13 March 2010
30,31,Sachin Tendulkar,71*,48,10,0,147.91,KKR,Brabourne Stadium,22 March 2010
31,32,Dinesh Karthik,69,38,6,4,181.57,RR,Feroz Shah Kotla Ground,31 March 2010
32,33,Robin Uthappa,68*,38,3,6,178.94,CSK,M. Chinnaswamy Stadium,23 March 2010
33,34,Rohit Sharma,68*,38,6,3,178.94,KXIP,HPCA Stadium,16 April 2010
34,35,Jacques Kallis,68,44,9,1,154.54,DEC,M. Chinnaswamy Stadium,08 April 2010
35,36,MS Dhoni,66*,33,6,3,200.00,KKR,Eden Gardens,16 March 2010
36,37,Kevin Pietersen,66*,44,7,1,150.00,KXIP,IS Bindra Stadium,02 April 2010
37,38,Jacques Kallis,66*,55,10,0,120.00,MI,Brabourne Stadium,20 March 2010
38,39,Angelo Mathews,65*,46,5,4,141.30,DEC,DY Patil Stadium,12 March 2010
39,40,Jacques Kallis,65*,52,7,1,125.00,KKR,Eden Gardens,14 March 2010
40,41,Virender Sehwag,64,40,6,3,160.00,KKR,Eden Gardens,07 April 2010
41,42,Sachin Tendulkar,63,32,11,0,196.87,DC,Feroz Shah Kotla Ground,17 March 2010
42,43,Kevin Pietersen,62,29,10,2,213.79,RR,Sawai Mansingh Stadium,14 April 2010
43,44,Albie Morkel,62,34,3,5,182.35,RR,Chidambaram,03 April 2010
44,45,Saurabh Tiwary,61,37,4,3,164.86,DC,Feroz Shah Kotla Ground,17 March 2010
45,46,Shane Watson,60,25,5,5,240.00,CSK,Chidambaram,03 April 2010
46,47,Irfan Pathan,60,29,3,5,206.89,DEC,Barabati Stadium,19 March 2010
47,48,Owais Shah,58*,46,3,3,126.08,DEC,DY Patil Stadium,12 March 2010
48,49,Virat Kohli,58,35,4,4,165.71,DEC,M. Chinnaswamy Stadium,08 April 2010
49,50,Shane Watson,58,36,3,3,161.11,DEC,Vidarbha Cricket Association Stadium,05 April 2010
50,51,Suresh Raina,57*,35,3,3,162.85,MI,DY Patil Stadium,25 April 2010
51,52,Brendon McCullum,57*,56,8,0,101.78,MI,Eden Gardens,19 April 2010
52,53,Gautam Gambhir,57*,56,5,0,101.78,CSK,Chidambaram,15 April 2010
53,54,David Warner,57,33,4,4,172.72,DEC,Barabati Stadium,21 March 2010
54,55,Shaun Marsh,57,47,6,1,121.27,MI,Brabourne Stadium,30 March 2010
55,56,Parthiv Patel,57,58,4,2,98.27,KXIP,Chidambaram,21 March 2010
56,57,Shikhar Dhawan,56,34,5,3,164.70,CSK,Brabourne Stadium,25 March 2010
57,58,Kumar Sangakkara,56,42,6,1,133.33,MI,IS Bindra Stadium,09 April 2010
58,59,Sourav Ganguly,56,46,8,1,121.73,DC,Eden Gardens,07 April 2010
59,60,Ravi Bopara,56,48,7,1,116.66,DC,IS Bindra Stadium,13 March 2010
60,61,Ambati Rayudu,55*,29,6,2,189.65,DEC,Brabourne Stadium,03 April 2010
61,62,Subramaniam Badrinath,55*,45,6,0,122.22,MI,Brabourne Stadium,25 March 2010
62,63,Ambati Rayudu,55,33,6,2,166.66,RR,Brabourne Stadium,13 March 2010
63,64,Sachin Tendulkar,55,43,9,0,127.90,DEC,DY Patil Stadium,28 March 2010
64,65,Tirumalasetti Suman,55,44,4,2,125.00,CSK,Vidarbha Cricket Association Stadium,10 April 2010
65,66,MS Dhoni,54*,29,5,2,186.20,KXIP,HPCA Stadium,18 April 2010
66,67,Andrew Symonds,54,30,3,5,180.00,DC,Feroz Shah Kotla Ground,18 April 2010
67,68,Adam Gilchrist,54,35,3,3,154.28,KKR,DY Patil Stadium,12 March 2010
68,69,Jacques Kallis,54,42,5,1,128.57,DC,Feroz Shah Kotla Ground,04 April 2010
69,70,Andrew Symonds,53*,24,5,3,220.83,RCB,M. Chinnaswamy Stadium,08 April 2010
70,71,Abhishek Jhunjhunwala,53*,45,5,1,117.77,DC,Sardar Patel Stadium,15 March 2010
71,72,Saurabh Tiwary,53,33,4,2,160.60,RR,Brabourne Stadium,13 March 2010
72,73,Subramaniam Badrinath,53,36,7,2,147.22,KXIP,HPCA Stadium,18 April 2010
73,74,Andrew Symonds,53,38,3,3,139.47,KXIP,Barabati Stadium,19 March 2010
74,75,Paul Collingwood,53,45,3,2,117.77,KKR,Feroz Shah Kotla Ground,29 March 2010
75,76,Saurabh Tiwary,52*,31,3,4,167.74,RCB,DY Patil Stadium,21 April 2010
76,77,Rahul Dravid,52,35,5,2,148.57,KKR,M. Chinnaswamy Stadium,10 April 2010
77,78,Kumar Sangakkara,52,37,9,1,140.54,DEC,HPCA Stadium,16 April 2010
78,79,Suresh Raina,52,42,4,2,123.80,DEC,Vidarbha Cricket Association Stadium,10 April 2010
79,80,Jacques Kallis,52,49,7,0,106.12,CSK,Chidambaram,31 March 2010
80,81,Paul Collingwood,51*,42,1,3,121.42,DEC,Feroz Shah Kotla Ground,18 April 2010
81,82,Robin Uthappa,51,21,4,4,242.85,KXIP,M. Chinnaswamy Stadium,16 March 2010
82,83,Rohit Sharma,51,46,7,0,110.86,RCB,Vidarbha Cricket Association Stadium,12 April 2010
83,84,Robin Uthappa,50*,22,4,4,227.27,KKR,M. Chinnaswamy Stadium,10 April 2010
84,85,Kedar Jadhav,50*,29,5,2,172.41,RCB,M. Chinnaswamy Stadium,25 March 2010
85,86,Murali Vijay,50*,40,4,2,125.00,KKR,Chidambaram,13 April 2010
86,87,Manoj Tiwary,50,29,6,2,172.41,RCB,Eden Gardens,14 March 2010
87,88,Sourav Ganguly,50,40,6,1,125.00,KXIP,IS Bindra Stadium,27 March 2010
88,89,Shikhar Dhawan,50,40,6,0,125.00,KXIP,Brabourne Stadium,30 March 2010
89,90,Andrew Symonds,50,43,3,3,116.27,CSK,Chidambaram,14 March 2010
90,91,Brad Hodge,50,45,7,0,111.11,RCB,Eden Gardens,14 March 2010
91,92,Herschelle Gibbs,50,45,5,1,111.11,KKR,Eden Gardens,01 April 2010
92,93,Harbhajan Singh,49*,18,8,2,272.22,DEC,DY Patil Stadium,28 March 2010
93,94,Suresh Raina,49*,34,3,3,144.11,DC,Feroz Shah Kotla Ground,19 March 2010
94,95,Rohit Sharma,49,35,2,3,140.00,RR,Sardar Patel Stadium,26 March 2010
95,96,Rahul Dravid,49,35,8,0,140.00,DEC,Vidarbha Cricket Association Stadium,12 April 2010
96,97,Sachin Tendulkar,48,45,7,0,106.66,CSK,DY Patil Stadium,25 April 2010
97,98,Angelo Mathews,48,48,3,2,100.00,CSK,Chidambaram,13 April 2010
98,99,Gautam Gambhir,47,29,6,1,162.06,KKR,Eden Gardens,07 April 2010
99,100,Angelo Mathews,46*,28,3,2,164.28,DC,Eden Gardens,07 April 2010
