,POS,PLAYER,"
                                Runs
                            ","
                                BF
                            ","
                                4s
                            ","
                                6s
                            ","
                                SR
                            ","
                                Against
                            ","
                                Venue
                            ","
                                Match Date
                            "
0,1,Robin Uthappa,25,6,1,3,416.66,KXIP,M. Chinnaswamy Stadium,16 March 2010
1,2,Yusuf Pathan,24,5,3,2,480.00,MI,Brabourne Stadium,13 March 2010
2,3,Kieron Pollard,24,5,1,3,480.00,DC,Brabourne Stadium,13 April 2010
3,4,Chris Gayle,24,4,0,4,600.00,KXIP,Eden Gardens,04 April 2010
4,5,Murali Vijay,24,6,1,3,400.00,RCB,Chidambaram,31 March 2010
5,6,Murali Vijay,24,6,3,2,400.00,RR,Sardar Patel Stadium,28 March 2010
6,7,Robin Uthappa,23,5,1,3,460.00,CSK,M. Chinnaswamy Stadium,23 March 2010
7,8,Kieron Pollard,22,6,2,2,366.66,CSK,DY Patil Stadium,25 April 2010
8,9,Shane Watson,22,5,1,3,440.00,CSK,Chidambaram,03 April 2010
9,10,Virat Kohli,22,6,2,2,366.66,DEC,M. Chinnaswamy Stadium,08 April 2010
10,11,Jacques Kallis,22,5,1,3,440.00,KXIP,M. Chinnaswamy Stadium,16 March 2010
11,12,Adam Gilchrist,22,5,2,2,440.00,KXIP,Barabati Stadium,19 March 2010
12,13,Paras Dogra,21,6,2,2,350.00,MI,Brabourne Stadium,13 March 2010
13,14,Manoj Tiwary,21,5,2,2,420.00,KXIP,IS Bindra Stadium,27 March 2010
14,15,Matthew Hayden,20,5,0,3,400.00,DC,Feroz Shah Kotla Ground,19 March 2010
15,16,David Warner,20,6,2,2,333.33,DEC,Barabati Stadium,21 March 2010
16,17,Kieron Pollard,20,5,0,3,400.00,RCB,M. Chinnaswamy Stadium,17 April 2010
17,18,Sachin Tendulkar,20,6,1,2,333.33,RR,Sawai Mansingh Stadium,11 April 2010
18,19,Irfan Pathan,20,4,2,2,500.00,DEC,Barabati Stadium,19 March 2010
19,20,Mahela Jayawardene,20,6,5,0,333.33,DEC,HPCA Stadium,16 April 2010
20,21,Robin Uthappa,19,5,1,2,380.00,KXIP,IS Bindra Stadium,02 April 2010
21,22,Murali Vijay,19,4,0,3,475.00,RR,Chidambaram,03 April 2010
22,23,Harbhajan Singh,19,6,3,1,316.66,DEC,DY Patil Stadium,28 March 2010
23,24,Albie Morkel,19,4,0,3,475.00,RR,Sardar Patel Stadium,28 March 2010
24,25,Ross Taylor,19,5,0,3,380.00,DC,Feroz Shah Kotla Ground,04 April 2010
25,26,JP Duminy,19,6,1,2,316.66,RCB,M. Chinnaswamy Stadium,17 April 2010
26,27,Michael Lumb,19,5,3,1,380.00,KXIP,Sawai Mansingh Stadium,07 April 2010
27,28,Paul Collingwood,18,6,1,2,300.00,RCB,Feroz Shah Kotla Ground,04 April 2010
28,29,Suresh Raina,18,5,0,2,360.00,MI,DY Patil Stadium,25 April 2010
29,30,Manvinder Bisla,18,6,3,1,300.00,RR,IS Bindra Stadium,24 March 2010
30,31,Kevin Pietersen,18,6,3,1,300.00,RR,Sawai Mansingh Stadium,14 April 2010
31,32,Robin Uthappa,18,6,1,2,300.00,MI,DY Patil Stadium,21 April 2010
32,33,Sourav Ganguly,18,4,0,3,450.00,DEC,Eden Gardens,01 April 2010
33,34,Brendon McCullum,18,6,3,1,300.00,RCB,M. Chinnaswamy Stadium,10 April 2010
34,35,Matthew Hayden,18,6,3,1,300.00,DC,Feroz Shah Kotla Ground,19 March 2010
35,36,MS Dhoni,18,4,1,2,450.00,KXIP,HPCA Stadium,18 April 2010
36,37,Ambati Rayudu,18,5,2,1,360.00,DEC,Brabourne Stadium,03 April 2010
37,38,Yusuf Pathan,18,4,0,3,450.00,MI,Brabourne Stadium,13 March 2010
38,39,Paul Collingwood,17,4,1,2,425.00,RCB,Feroz Shah Kotla Ground,04 April 2010
39,40,Kieron Pollard,17,6,0,2,283.33,RCB,DY Patil Stadium,21 April 2010
40,41,Jacques Kallis,17,6,4,0,283.33,RR,M. Chinnaswamy Stadium,18 March 2010
41,42,Robin Uthappa,17,5,0,2,340.00,DEC,Vidarbha Cricket Association Stadium,12 April 2010
42,43,Virender Sehwag,17,5,1,2,340.00,RR,Sardar Patel Stadium,15 March 2010
43,44,Manish Pandey,17,5,1,2,340.00,KXIP,M. Chinnaswamy Stadium,16 March 2010
44,45,MF Maharoof,17,5,1,2,340.00,MI,Feroz Shah Kotla Ground,17 March 2010
45,46,Murali Vijay,17,5,2,1,340.00,RR,Chidambaram,03 April 2010
46,47,Adam Gilchrist,17,5,1,2,340.00,CSK,Chidambaram,14 March 2010
47,48,Murali Vijay,17,5,2,1,340.00,KKR,Chidambaram,13 April 2010
48,49,Harbhajan Singh,17,7,4,0,242.85,DEC,DY Patil Stadium,28 March 2010
49,50,Yusuf Pathan,17,4,1,2,425.00,MI,Brabourne Stadium,13 March 2010
50,51,Sachin Tendulkar,17,5,4,0,340.00,DC,Feroz Shah Kotla Ground,17 March 2010
51,52,Ambati Rayudu,17,6,1,2,283.33,RCB,M. Chinnaswamy Stadium,17 April 2010
52,53,Robin Uthappa,17,5,1,2,340.00,CSK,Chidambaram,31 March 2010
53,54,Adam Gilchrist,16,5,1,2,320.00,RR,Vidarbha Cricket Association Stadium,05 April 2010
54,55,Rohit Sharma,16,5,1,1,320.00,KXIP,HPCA Stadium,16 April 2010
55,56,Zaheer Khan,16,5,2,1,320.00,RCB,Brabourne Stadium,20 March 2010
56,57,Michael Lumb,16,6,4,0,266.66,DEC,Sardar Patel Stadium,26 March 2010
57,58,David Warner,16,5,2,1,320.00,MI,Brabourne Stadium,13 April 2010
58,59,Dinesh Karthik,16,5,2,1,320.00,DEC,Barabati Stadium,21 March 2010
59,60,Michael Lumb,16,5,4,0,320.00,KXIP,Sawai Mansingh Stadium,07 April 2010
60,61,Saurabh Tiwary,16,5,2,1,320.00,RCB,DY Patil Stadium,21 April 2010
61,62,MS Dhoni,16,4,2,1,400.00,KKR,Eden Gardens,16 March 2010
62,63,Matthew Hayden,16,6,4,0,266.66,MI,Brabourne Stadium,25 March 2010
63,64,Robin Uthappa,16,6,2,1,266.66,KKR,M. Chinnaswamy Stadium,10 April 2010
64,65,Yuvraj Singh,16,5,1,2,320.00,RR,Sawai Mansingh Stadium,07 April 2010
65,66,Brendon McCullum,16,5,2,1,320.00,RCB,M. Chinnaswamy Stadium,10 April 2010
66,67,Gautam Gambhir,15,5,2,1,300.00,KKR,Eden Gardens,07 April 2010
67,68,David Warner,15,5,2,1,300.00,KKR,Feroz Shah Kotla Ground,29 March 2010
68,69,MS Dhoni,15,5,2,1,300.00,KKR,Eden Gardens,16 March 2010
69,70,Sourav Ganguly,15,6,1,1,250.00,KXIP,Eden Gardens,04 April 2010
70,71,Dinesh Karthik,15,4,0,2,375.00,RR,Feroz Shah Kotla Ground,31 March 2010
71,72,Gautam Gambhir,15,5,2,0,300.00,KXIP,IS Bindra Stadium,13 March 2010
72,73,Adam Gilchrist,15,5,2,1,300.00,RR,Vidarbha Cricket Association Stadium,05 April 2010
73,74,Manvinder Bisla,15,6,2,1,250.00,RCB,M. Chinnaswamy Stadium,16 March 2010
74,75,Mahela Jayawardene,15,5,3,0,300.00,KKR,Eden Gardens,04 April 2010
75,76,Rahul Dravid,15,6,3,0,250.00,KKR,M. Chinnaswamy Stadium,10 April 2010
76,77,Kieron Pollard,15,6,1,1,250.00,RCB,DY Patil Stadium,21 April 2010
77,78,Suresh Raina,15,5,1,1,300.00,MI,DY Patil Stadium,25 April 2010
78,79,Andrew Symonds,15,5,2,1,300.00,KXIP,Barabati Stadium,19 March 2010
79,80,Paul Collingwood,15,5,0,2,300.00,KKR,Feroz Shah Kotla Ground,29 March 2010
80,81,Irfan Pathan,15,5,1,1,300.00,CSK,HPCA Stadium,18 April 2010
81,82,Yusuf Pathan,15,6,2,1,250.00,DEC,Sardar Patel Stadium,26 March 2010
82,83,Manoj Tiwary,14,4,2,1,350.00,RCB,Eden Gardens,14 March 2010
83,84,Kumar Sangakkara,14,5,3,0,280.00,RR,IS Bindra Stadium,24 March 2010
84,85,Adam Voges,14,5,0,2,280.00,KKR,Sardar Patel Stadium,20 March 2010
85,86,Kieron Pollard,14,6,2,0,233.33,DEC,Brabourne Stadium,03 April 2010
86,87,Murali Vijay,14,4,0,2,350.00,RCB,Chidambaram,31 March 2010
87,88,Yusuf Pathan,14,5,0,2,280.00,DC,Feroz Shah Kotla Ground,31 March 2010
88,89,Michael Lumb,14,6,3,0,233.33,CSK,Chidambaram,03 April 2010
89,90,Herschelle Gibbs,14,6,2,1,233.33,DC,Barabati Stadium,21 March 2010
90,91,Chris Gayle,14,3,2,1,466.66,RCB,M. Chinnaswamy Stadium,10 April 2010
91,92,Mohnish Mishra,14,5,2,1,280.00,CSK,Vidarbha Cricket Association Stadium,10 April 2010
92,93,Ambati Rayudu,14,4,0,2,350.00,RCB,M. Chinnaswamy Stadium,17 April 2010
93,94,Rohit Sharma,14,5,3,0,280.00,RR,Vidarbha Cricket Association Stadium,05 April 2010
94,95,Adam Gilchrist,14,4,2,1,350.00,RCB,M. Chinnaswamy Stadium,08 April 2010
95,96,Saurabh Tiwary,14,6,0,2,233.33,DEC,Brabourne Stadium,03 April 2010
96,97,Rohit Sharma,14,5,1,1,280.00,MI,DY Patil Stadium,28 March 2010
97,98,Virender Sehwag,14,5,1,1,280.00,CSK,Feroz Shah Kotla Ground,19 March 2010
98,99,Chris Gayle,14,5,2,1,280.00,DC,Eden Gardens,07 April 2010
99,100,Yusuf Pathan,14,4,0,2,350.00,DEC,Sardar Patel Stadium,26 March 2010
