,POS,PLAYER,"
                                Ov
                            ","
                                Maid
                            ","
                                Dots
                            ","
                                Runs
                            ","
                                Wkts
                            ","
                                SR
                            ","
                                Against
                            ","
                                Venue
                            ","
                                Match Date
                            "
0,1,Ravichandran Ashwin,4,0,18,13,2,12.00,DEC,Vidarbha Cricket Association Stadium,10 April 2010
1,2,Doug Bollinger,4,1,17,13,4,6.00,DEC,DY Patil Stadium,22 April 2010
2,3,Doug Bollinger,4,1,17,15,2,12.00,KKR,Chidambaram,13 April 2010
3,4,Ramesh Powar,4,0,17,25,0,-,DC,Feroz Shah Kotla Ground,11 April 2010
4,5,Dale Steyn,4,0,16,15,1,24.00,RR,Sawai Mansingh Stadium,14 April 2010
5,6,Sanath Jayasuriya,4,0,16,17,2,12.00,DC,Feroz Shah Kotla Ground,17 March 2010
6,7,Ravichandran Ashwin,4,0,15,14,1,24.00,DEC,DY Patil Stadium,22 April 2010
7,8,Dale Steyn,3,1,15,11,1,18.00,DEC,DY Patil Stadium,24 April 2010
8,9,Ravichandran Ashwin,4,0,15,16,3,8.00,KKR,Chidambaram,13 April 2010
9,10,Muttiah Muralitharan,4,0,15,16,3,8.00,KXIP,Chidambaram,21 March 2010
10,11,Praveen Kumar,4,0,15,18,3,8.00,RR,M. Chinnaswamy Stadium,18 March 2010
11,12,Shane Bond,4,1,15,20,1,24.00,RR,Eden Gardens,17 April 2010
12,13,Dirk Nannes,4,0,14,12,2,12.00,KXIP,IS Bindra Stadium,13 March 2010
13,14,Doug Bollinger,4,0,14,15,2,12.00,RR,Chidambaram,03 April 2010
14,15,Piyush Chawla,4,0,14,16,2,12.00,DC,Feroz Shah Kotla Ground,11 April 2010
15,16,Zaheer Khan,4,1,14,17,2,12.00,RR,Sawai Mansingh Stadium,11 April 2010
16,17,Shadab Jakati,4,1,14,17,2,12.00,RCB,Chidambaram,31 March 2010
17,18,Anil Kumble,4,0,14,17,1,24.00,KKR,M. Chinnaswamy Stadium,10 April 2010
18,19,Nayan Doshi,4,0,14,17,1,24.00,DEC,DY Patil Stadium,24 April 2010
19,20,Dale Steyn,4,0,14,18,0,-,RR,M. Chinnaswamy Stadium,18 March 2010
20,21,Anil Kumble,4,0,14,19,0,-,KKR,Eden Gardens,14 March 2010
21,22,Ramesh Powar,4,0,14,22,1,24.00,CSK,Chidambaram,21 March 2010
22,23,Dale Steyn,4,0,14,26,3,8.00,MI,Brabourne Stadium,20 March 2010
23,24,Chaminda Vaas,4,0,14,27,2,12.00,KXIP,Barabati Stadium,19 March 2010
24,25,Zaheer Khan,4,0,14,27,2,12.00,KKR,Brabourne Stadium,22 March 2010
25,26,Kemar Roach,4,0,14,32,0,-,MI,DY Patil Stadium,28 March 2010
26,27,Anil Kumble,3.5,0,13,9,3,7.66,RR,M. Chinnaswamy Stadium,18 March 2010
27,28,Amit Mishra,4,0,13,13,1,24.00,CSK,Chidambaram,15 April 2010
28,29,Lasith Malinga,3.4,0,13,12,3,7.33,DEC,DY Patil Stadium,28 March 2010
29,30,Muttiah Muralitharan,4,0,13,16,1,24.00,DEC,DY Patil Stadium,22 April 2010
30,31,RP Singh,4,0,13,17,3,8.00,RR,Vidarbha Cricket Association Stadium,05 April 2010
31,32,MF Maharoof,3,0,13,13,2,9.00,RR,Feroz Shah Kotla Ground,31 March 2010
32,33,Dale Steyn,4,0,13,18,3,8.00,DEC,Vidarbha Cricket Association Stadium,12 April 2010
33,34,Praveen Kumar,4,0,13,18,2,12.00,DEC,DY Patil Stadium,24 April 2010
34,35,Virender Sehwag,4,0,13,18,2,12.00,CSK,Chidambaram,15 April 2010
35,36,Anil Kumble,3.3,0,13,16,4,5.25,DEC,DY Patil Stadium,24 April 2010
36,37,Shane Watson,4,0,13,19,1,24.00,KXIP,Sawai Mansingh Stadium,07 April 2010
37,38,Sudeep Tyagi,4,0,13,19,0,-,RCB,M. Chinnaswamy Stadium,23 March 2010
38,39,Pradeep Sangwan,4,0,13,20,1,24.00,RR,Sardar Patel Stadium,15 March 2010
39,40,Shane Warne,4,0,13,21,4,6.00,DEC,Vidarbha Cricket Association Stadium,05 April 2010
40,41,Chaminda Vaas,4,1,13,21,3,8.00,CSK,Chidambaram,14 March 2010
41,42,Shane Watson,3,0,13,17,0,-,KKR,Eden Gardens,17 April 2010
42,43,Albie Morkel,4,0,13,23,2,12.00,KXIP,Chidambaram,21 March 2010
43,44,Dilhara Fernando,4,0,13,24,2,12.00,RCB,M. Chinnaswamy Stadium,17 April 2010
44,45,Shane Bond,4,0,13,24,2,12.00,KXIP,IS Bindra Stadium,27 March 2010
45,46,Shane Watson,4,0,13,24,0,-,RCB,Sawai Mansingh Stadium,14 April 2010
46,47,Ravichandran Ashwin,4,1,13,24,0,-,MI,DY Patil Stadium,25 April 2010
47,48,Amit Mishra,4,0,13,25,3,8.00,RR,Feroz Shah Kotla Ground,31 March 2010
48,49,Muttiah Muralitharan,4,0,13,25,3,8.00,RCB,M. Chinnaswamy Stadium,23 March 2010
49,50,Harmeet Singh Bansal,4,0,13,25,2,12.00,RR,Vidarbha Cricket Association Stadium,05 April 2010
50,51,Vinay Kumar,4,0,13,25,0,-,RR,M. Chinnaswamy Stadium,18 March 2010
51,52,Ashish Nehra,4,0,13,26,3,8.00,CSK,Chidambaram,15 April 2010
52,53,Dale Steyn,4,0,13,27,1,24.00,KKR,M. Chinnaswamy Stadium,10 April 2010
53,54,Shane Warne,4,0,13,28,1,24.00,RCB,Sawai Mansingh Stadium,14 April 2010
54,55,Amit Mishra,4,0,13,32,3,8.00,RCB,Feroz Shah Kotla Ground,04 April 2010
55,56,Sarabjit Ladda,4,0,13,37,1,24.00,RR,Feroz Shah Kotla Ground,31 March 2010
56,57,Praveen Kumar,4,0,12,16,1,24.00,KKR,Eden Gardens,14 March 2010
57,58,Muttiah Muralitharan,4,0,12,16,1,24.00,KKR,Eden Gardens,16 March 2010
58,59,Juan Theron,4,0,12,17,2,12.00,CSK,Chidambaram,21 March 2010
59,60,Dirk Nannes,4,0,12,18,1,24.00,CSK,Feroz Shah Kotla Ground,19 March 2010
60,61,Ryan Harris,3,0,12,14,0,-,RCB,DY Patil Stadium,24 April 2010
61,62,Dirk Nannes,3.1,0,12,15,1,19.00,KKR,Feroz Shah Kotla Ground,29 March 2010
62,63,Pragyan Ojha,4,0,12,19,0,-,KKR,DY Patil Stadium,12 March 2010
63,64,Ashok Dinda,4,0,12,21,2,12.00,DC,Eden Gardens,07 April 2010
64,65,Chaminda Vaas,4,0,12,21,1,24.00,DC,Barabati Stadium,21 March 2010
65,66,Pragyan Ojha,3.5,0,12,22,0,-,RCB,DY Patil Stadium,24 April 2010
66,67,Dilhara Fernando,4,0,12,23,2,12.00,CSK,DY Patil Stadium,25 April 2010
67,68,Doug Bollinger,4,0,12,24,2,12.00,DC,Chidambaram,15 April 2010
68,69,Pragyan Ojha,4,0,12,24,2,12.00,MI,DY Patil Stadium,28 March 2010
69,70,Umesh Yadav,4,0,12,24,2,12.00,DEC,Feroz Shah Kotla Ground,18 April 2010
70,71,Dale Steyn,4,0,12,25,0,-,CSK,M. Chinnaswamy Stadium,23 March 2010
71,72,Pankaj Singh,4,1,12,27,2,12.00,RR,Sawai Mansingh Stadium,14 April 2010
72,73,Shalabh Srivastava,4,0,12,27,1,24.00,MI,Brabourne Stadium,30 March 2010
73,74,Ryan Harris,4,0,12,27,1,24.00,KXIP,HPCA Stadium,16 April 2010
74,75,Piyush Chawla,4,0,12,27,0,-,RR,Sawai Mansingh Stadium,07 April 2010
75,76,Muttiah Muralitharan,4,0,12,28,0,-,DEC,Chidambaram,14 March 2010
76,77,Anil Kumble,4,0,12,33,1,24.00,DC,Feroz Shah Kotla Ground,04 April 2010
77,78,RP Singh,4,0,12,35,1,24.00,KKR,DY Patil Stadium,12 March 2010
78,79,Lasith Malinga,4,0,12,36,2,12.00,KXIP,IS Bindra Stadium,09 April 2010
79,80,Yuvraj Singh,4,0,11,14,1,24.00,DC,Feroz Shah Kotla Ground,11 April 2010
80,81,Shane Warne,4,0,11,15,1,24.00,DEC,Sardar Patel Stadium,26 March 2010
81,82,Anil Kumble,4,0,11,15,1,24.00,CSK,M. Chinnaswamy Stadium,23 March 2010
82,83,Amit Mishra,4,0,11,15,1,24.00,KXIP,Feroz Shah Kotla Ground,11 April 2010
83,84,Pragyan Ojha,4,0,11,16,2,12.00,DC,Feroz Shah Kotla Ground,18 April 2010
84,85,Anil Kumble,4,0,11,16,1,24.00,CSK,Chidambaram,31 March 2010
85,86,Ryan Harris,4,0,11,18,3,8.00,CSK,Vidarbha Cricket Association Stadium,10 April 2010
86,87,Zaheer Khan,4,0,11,18,1,24.00,RCB,Brabourne Stadium,20 March 2010
87,88,Anil Kumble,4,0,11,18,1,24.00,MI,Brabourne Stadium,20 March 2010
88,89,Paul Collingwood,4,0,11,19,2,12.00,KXIP,Feroz Shah Kotla Ground,11 April 2010
89,90,Jacques Kallis,4,0,11,19,1,24.00,RR,Sawai Mansingh Stadium,14 April 2010
90,91,Tillakaratne Dilshan,4,0,11,19,1,24.00,CSK,Chidambaram,15 April 2010
91,92,Ravichandran Ashwin,4,0,11,20,1,24.00,KXIP,HPCA Stadium,18 April 2010
92,93,Ashok Dinda,4,0,11,20,1,24.00,MI,Eden Gardens,19 April 2010
93,94,Yuvraj Singh,4,0,11,21,2,12.00,DEC,Barabati Stadium,19 March 2010
94,95,Praveen Kumar,4,0,11,21,1,24.00,CSK,M. Chinnaswamy Stadium,23 March 2010
95,96,Pragyan Ojha,4,0,11,22,2,12.00,RCB,Vidarbha Cricket Association Stadium,12 April 2010
96,97,Shaun Tait,4,0,11,22,2,12.00,CSK,Sardar Patel Stadium,28 March 2010
97,98,Ravichandran Ashwin,4,0,11,22,1,24.00,KKR,Eden Gardens,16 March 2010
98,99,Dirk Nannes,4,0,11,22,0,-,DEC,Feroz Shah Kotla Ground,18 April 2010
99,100,Ryan McLaren,4,0,11,23,1,24.00,CSK,Brabourne Stadium,25 March 2010
