,POS,PLAYER,"
                                Runs
                            ","
                                BF
                            ","
                                4s
                            ","
                                6s
                            ","
                                SR
                            ","
                                Against
                            ","
                                Venue
                            ","
                                Match Date
                            "
0,1,Murali Vijay,127,56,8,11,226.78,RR,Chidambaram,03 April 2010
1,2,Yusuf Pathan,100,37,9,8,270.27,MI,Brabourne Stadium,13 March 2010
2,3,Yusuf Pathan,73,34,2,8,214.70,DEC,Sardar Patel Stadium,26 March 2010
3,4,Chris Gayle,88,42,6,8,209.52,KXIP,Eden Gardens,04 April 2010
4,5,Matthew Hayden,93,43,9,7,216.27,DC,Feroz Shah Kotla Ground,19 March 2010
5,6,Paul Collingwood,75,46,3,7,163.04,RCB,Feroz Shah Kotla Ground,04 April 2010
6,7,Murali Vijay,78,39,4,6,200.00,RCB,Chidambaram,31 March 2010
7,8,Robin Uthappa,68,38,3,6,178.94,CSK,M. Chinnaswamy Stadium,23 March 2010
8,9,Naman Ojha,94,55,8,6,170.90,CSK,Chidambaram,03 April 2010
9,10,Kieron Pollard,45,13,2,5,346.15,DC,Brabourne Stadium,13 April 2010
10,11,Shane Watson,60,25,5,5,240.00,CSK,Chidambaram,03 April 2010
11,12,Virender Sehwag,75,34,8,5,220.58,RR,Sardar Patel Stadium,15 March 2010
12,13,Irfan Pathan,60,29,3,5,206.89,DEC,Barabati Stadium,19 March 2010
13,14,Albie Morkel,62,34,3,5,182.35,RR,Chidambaram,03 April 2010
14,15,Andrew Symonds,54,30,3,5,180.00,DC,Feroz Shah Kotla Ground,18 April 2010
15,16,Naman Ojha,80,49,6,5,163.26,CSK,Sardar Patel Stadium,28 March 2010
16,17,Sourav Ganguly,88,54,9,5,162.96,DEC,Eden Gardens,01 April 2010
17,18,Jacques Kallis,89,55,8,5,161.81,KXIP,M. Chinnaswamy Stadium,16 March 2010
18,19,David Warner,107,69,9,5,155.07,KKR,Feroz Shah Kotla Ground,29 March 2010
19,20,Shaun Marsh,88,57,8,5,154.38,CSK,HPCA Stadium,18 April 2010
20,21,Robin Uthappa,51,21,4,4,242.85,KXIP,M. Chinnaswamy Stadium,16 March 2010
21,22,Robin Uthappa,50,22,4,4,227.27,KKR,M. Chinnaswamy Stadium,10 April 2010
22,23,Dinesh Karthik,69,38,6,4,181.57,RR,Feroz Shah Kotla Ground,31 March 2010
23,24,David Warner,57,33,4,4,172.72,DEC,Barabati Stadium,21 March 2010
24,25,Ambati Rayudu,46,27,3,4,170.37,RCB,M. Chinnaswamy Stadium,17 April 2010
25,26,Saurabh Tiwary,52,31,3,4,167.74,RCB,DY Patil Stadium,21 April 2010
26,27,Virat Kohli,58,35,4,4,165.71,DEC,M. Chinnaswamy Stadium,08 April 2010
27,28,Manvinder Bisla,75,51,7,4,147.05,RCB,M. Chinnaswamy Stadium,16 March 2010
28,29,Angelo Mathews,65,46,5,4,141.30,DEC,DY Patil Stadium,12 March 2010
29,30,Kieron Pollard,20,7,0,3,285.71,RCB,M. Chinnaswamy Stadium,17 April 2010
30,31,Kieron Pollard,33,13,1,3,253.84,RCB,DY Patil Stadium,21 April 2010
31,32,Albie Morkel,28,12,1,3,233.33,RR,Sardar Patel Stadium,28 March 2010
32,33,Adam Gilchrist,38,17,4,3,223.52,CSK,Chidambaram,14 March 2010
33,34,JP Duminy,42,19,3,3,221.05,RCB,M. Chinnaswamy Stadium,17 April 2010
34,35,Andrew Symonds,53,24,5,3,220.83,RCB,M. Chinnaswamy Stadium,08 April 2010
35,36,Ross Taylor,22,10,0,3,220.00,DC,Feroz Shah Kotla Ground,04 April 2010
36,37,Yuvraj Singh,33,16,2,3,206.25,KKR,Eden Gardens,04 April 2010
37,38,MS Dhoni,66,33,6,3,200.00,KKR,Eden Gardens,16 March 2010
38,39,Adam Gilchrist,34,17,3,3,200.00,RR,Vidarbha Cricket Association Stadium,05 April 2010
39,40,Suresh Raina,78,39,11,3,200.00,KKR,Chidambaram,13 April 2010
40,41,Virender Sehwag,74,38,10,3,194.73,CSK,Feroz Shah Kotla Ground,19 March 2010
41,42,Mahela Jayawardene,110,59,14,3,186.44,KKR,Eden Gardens,04 April 2010
42,43,Rohit Sharma,68,38,6,3,178.94,KXIP,HPCA Stadium,16 April 2010
43,44,Yuvraj Singh,28,16,1,3,175.00,RR,Sawai Mansingh Stadium,07 April 2010
44,45,Suresh Raina,46,27,5,3,170.37,KXIP,HPCA Stadium,18 April 2010
45,46,Robin Uthappa,34,20,0,3,170.00,DEC,Vidarbha Cricket Association Stadium,12 April 2010
46,47,Saurabh Tiwary,61,37,4,3,164.86,DC,Feroz Shah Kotla Ground,17 March 2010
47,48,Shikhar Dhawan,56,34,5,3,164.70,CSK,Brabourne Stadium,25 March 2010
48,49,Suresh Raina,57,35,3,3,162.85,MI,DY Patil Stadium,25 April 2010
49,50,Ambati Rayudu,34,21,1,3,161.90,DC,Feroz Shah Kotla Ground,17 March 2010
50,51,Albie Morkel,42,26,1,3,161.53,DEC,Chidambaram,14 March 2010
51,52,Shane Watson,58,36,3,3,161.11,DEC,Vidarbha Cricket Association Stadium,05 April 2010
52,53,Virender Sehwag,64,40,6,3,160.00,KKR,Eden Gardens,07 April 2010
53,54,Suresh Raina,83,52,7,3,159.61,MI,Brabourne Stadium,25 March 2010
54,55,Adam Gilchrist,54,35,3,3,154.28,KKR,DY Patil Stadium,12 March 2010
55,56,Rohit Sharma,45,30,3,3,150.00,DC,Barabati Stadium,21 March 2010
56,57,Manish Pandey,38,26,2,3,146.15,KXIP,M. Chinnaswamy Stadium,16 March 2010
57,58,Suresh Raina,49,34,3,3,144.11,DC,Feroz Shah Kotla Ground,19 March 2010
58,59,Harbhajan Singh,33,23,2,3,143.47,CSK,Chidambaram,06 April 2010
59,60,Rohit Sharma,49,35,2,3,140.00,RR,Sardar Patel Stadium,26 March 2010
60,61,Andrew Symonds,53,38,3,3,139.47,KXIP,Barabati Stadium,19 March 2010
61,62,Tirumalasetti Suman,43,31,3,3,138.70,KXIP,HPCA Stadium,16 April 2010
62,63,Tirumalasetti Suman,78,57,6,3,136.84,RCB,M. Chinnaswamy Stadium,08 April 2010
63,64,Mohnish Mishra,41,30,1,3,136.66,RCB,Vidarbha Cricket Association Stadium,12 April 2010
64,65,Owais Shah,58,46,3,3,126.08,DEC,DY Patil Stadium,12 March 2010
65,66,Saurabh Tiwary,44,35,1,3,125.71,DEC,Brabourne Stadium,03 April 2010
66,67,Paul Collingwood,51,42,1,3,121.42,DEC,Feroz Shah Kotla Ground,18 April 2010
67,68,Andrew Symonds,50,43,3,3,116.27,CSK,Chidambaram,14 March 2010
68,69,Cameron White,13,3,0,2,433.33,DEC,M. Chinnaswamy Stadium,08 April 2010
69,70,Robin Uthappa,22,8,1,2,275.00,KXIP,IS Bindra Stadium,02 April 2010
70,71,Adam Gilchrist,33,12,4,2,275.00,KXIP,Barabati Stadium,19 March 2010
71,72,Harbhajan Singh,49,18,8,2,272.22,DEC,DY Patil Stadium,28 March 2010
72,73,Kieron Pollard,27,10,3,2,270.00,CSK,DY Patil Stadium,25 April 2010
73,74,Mahela Jayawardene,21,8,2,2,262.50,CSK,HPCA Stadium,18 April 2010
74,75,David Warner,33,14,3,2,235.71,RCB,M. Chinnaswamy Stadium,25 March 2010
75,76,Rajat Bhatia,21,9,1,2,233.33,CSK,Feroz Shah Kotla Ground,19 March 2010
76,77,Kevin Pietersen,62,29,10,2,213.79,RR,Sawai Mansingh Stadium,14 April 2010
77,78,Cheteshwar Pujara,16,8,0,2,200.00,RCB,M. Chinnaswamy Stadium,10 April 2010
78,79,Robin Uthappa,26,13,2,2,200.00,MI,DY Patil Stadium,21 April 2010
79,80,Manvinder Bisla,35,18,4,2,194.44,RR,IS Bindra Stadium,24 March 2010
80,81,Michael Lumb,83,43,16,2,193.02,KXIP,Sawai Mansingh Stadium,07 April 2010
81,82,Chris Gayle,40,21,5,2,190.47,DC,Eden Gardens,07 April 2010
82,83,Ambati Rayudu,55,29,6,2,189.65,DEC,Brabourne Stadium,03 April 2010
83,84,Michael Lumb,30,16,3,2,187.50,CSK,Sardar Patel Stadium,28 March 2010
84,85,MS Dhoni,54,29,5,2,186.20,KXIP,HPCA Stadium,18 April 2010
85,86,Yuvraj Singh,36,20,3,2,180.00,RCB,IS Bindra Stadium,02 April 2010
86,87,Herschelle Gibbs,25,14,2,2,178.57,RR,Sardar Patel Stadium,26 March 2010
87,88,Kumar Sangakkara,38,22,2,2,172.72,KKR,Eden Gardens,04 April 2010
88,89,Manoj Tiwary,50,29,6,2,172.41,RCB,Eden Gardens,14 March 2010
89,90,Kedar Jadhav,50,29,5,2,172.41,RCB,M. Chinnaswamy Stadium,25 March 2010
90,91,Yusuf Pathan,24,14,2,2,171.42,DC,Feroz Shah Kotla Ground,31 March 2010
91,92,Dinesh Karthik,46,27,4,2,170.37,DEC,Barabati Stadium,21 March 2010
92,93,Aditya Tare,17,10,0,2,170.00,DC,Feroz Shah Kotla Ground,17 March 2010
93,94,Laxmi Ratan Shukla,17,10,0,2,170.00,CSK,Chidambaram,13 April 2010
94,95,Herschelle Gibbs,27,16,3,2,168.75,MI,DY Patil Stadium,28 March 2010
95,96,Adam Gilchrist,32,19,3,2,168.42,RCB,M. Chinnaswamy Stadium,08 April 2010
96,97,Adam Voges,37,22,2,2,168.18,KKR,Sardar Patel Stadium,20 March 2010
97,98,Ambati Rayudu,55,33,6,2,166.66,RR,Brabourne Stadium,13 March 2010
98,99,Rohit Sharma,73,44,8,2,165.90,RR,Vidarbha Cricket Association Stadium,05 April 2010
99,100,Angelo Mathews,46,28,3,2,164.28,DC,Eden Gardens,07 April 2010
