,POS,PLAYER,"
                                Runs
                            ","
                                BF
                            ","
                                4s
                            ","
                                6s
                            ","
                                SR
                            ","
                                Against
                            ","
                                Venue
                            ","
                                Match Date
                            "
0,1,Michael Lumb,83,43,16,2,193.02,KXIP,Sawai Mansingh Stadium,07 April 2010
1,2,Mahela Jayawardene,110,59,14,3,186.44,KKR,Eden Gardens,04 April 2010
2,3,Mahela Jayawardene,93,62,13,2,150.00,DEC,HPCA Stadium,16 April 2010
3,4,Suresh Raina,78,39,11,3,200.00,KKR,Chidambaram,13 April 2010
4,5,Sachin Tendulkar,63,32,11,0,196.87,DC,Feroz Shah Kotla Ground,17 March 2010
5,6,Sourav Ganguly,75,50,11,2,150.00,RR,Eden Gardens,17 April 2010
6,7,Kevin Pietersen,62,29,10,2,213.79,RR,Sawai Mansingh Stadium,14 April 2010
7,8,Virender Sehwag,74,38,10,3,194.73,CSK,Feroz Shah Kotla Ground,19 March 2010
8,9,Sachin Tendulkar,89,59,10,2,150.84,RR,Sawai Mansingh Stadium,11 April 2010
9,10,Sachin Tendulkar,71,48,10,0,147.91,KKR,Brabourne Stadium,22 March 2010
10,11,Jacques Kallis,66,55,10,0,120.00,MI,Brabourne Stadium,20 March 2010
11,12,Yusuf Pathan,100,37,9,8,270.27,MI,Brabourne Stadium,13 March 2010
12,13,Matthew Hayden,93,43,9,7,216.27,DC,Feroz Shah Kotla Ground,19 March 2010
13,14,Sourav Ganguly,88,54,9,5,162.96,DEC,Eden Gardens,01 April 2010
14,15,David Warner,107,69,9,5,155.07,KKR,Feroz Shah Kotla Ground,29 March 2010
15,16,Jacques Kallis,68,44,9,1,154.54,DEC,M. Chinnaswamy Stadium,08 April 2010
16,17,Ravi Bopara,77,50,9,2,154.00,RCB,M. Chinnaswamy Stadium,16 March 2010
17,18,Kumar Sangakkara,52,37,9,1,140.54,DEC,HPCA Stadium,16 April 2010
18,19,Gautam Gambhir,72,54,9,1,133.33,KXIP,IS Bindra Stadium,13 March 2010
19,20,Sachin Tendulkar,55,43,9,0,127.90,DEC,DY Patil Stadium,28 March 2010
20,21,Harbhajan Singh,49,18,8,2,272.22,DEC,DY Patil Stadium,28 March 2010
21,22,Murali Vijay,127,56,8,11,226.78,RR,Chidambaram,03 April 2010
22,23,Virender Sehwag,75,34,8,5,220.58,RR,Sardar Patel Stadium,15 March 2010
23,24,Naman Ojha,94,55,8,6,170.90,CSK,Chidambaram,03 April 2010
24,25,Kumar Sangakkara,45,27,8,0,166.66,RCB,IS Bindra Stadium,02 April 2010
25,26,Rohit Sharma,73,44,8,2,165.90,RR,Vidarbha Cricket Association Stadium,05 April 2010
26,27,Jacques Kallis,89,55,8,5,161.81,KXIP,M. Chinnaswamy Stadium,16 March 2010
27,28,Manoj Tiwary,75,47,8,2,159.57,KXIP,IS Bindra Stadium,27 March 2010
28,29,Shaun Marsh,88,57,8,5,154.38,CSK,HPCA Stadium,18 April 2010
29,30,Rahul Dravid,49,35,8,0,140.00,DEC,Vidarbha Cricket Association Stadium,12 April 2010
30,31,Sachin Tendulkar,72,52,8,1,138.46,CSK,Brabourne Stadium,25 March 2010
31,32,Sourav Ganguly,56,46,8,1,121.73,DC,Eden Gardens,07 April 2010
32,33,Brendon McCullum,57,56,8,0,101.78,MI,Eden Gardens,19 April 2010
33,34,Ambati Rayudu,33,18,7,0,183.33,KXIP,IS Bindra Stadium,09 April 2010
34,35,Mahela Jayawardene,31,18,7,0,172.22,MI,IS Bindra Stadium,09 April 2010
35,36,Shane Watson,44,26,7,1,169.23,KKR,Eden Gardens,17 April 2010
36,37,Suresh Raina,83,52,7,3,159.61,MI,Brabourne Stadium,25 March 2010
37,38,Kevin Pietersen,66,44,7,1,150.00,KXIP,IS Bindra Stadium,02 April 2010
38,39,Subramaniam Badrinath,53,36,7,2,147.22,KXIP,HPCA Stadium,18 April 2010
39,40,Manvinder Bisla,75,51,7,4,147.05,RCB,M. Chinnaswamy Stadium,16 March 2010
40,41,Michael Lumb,45,32,7,0,140.62,DEC,Sardar Patel Stadium,26 March 2010
41,42,Manish Pandey,42,30,7,1,140.00,RR,M. Chinnaswamy Stadium,18 March 2010
42,43,Michael Lumb,41,30,7,0,136.66,KXIP,IS Bindra Stadium,24 March 2010
43,44,Jacques Kallis,44,34,7,0,129.41,RR,M. Chinnaswamy Stadium,18 March 2010
44,45,Jacques Kallis,65,52,7,1,125.00,KKR,Eden Gardens,14 March 2010
45,46,Chris Gayle,75,60,7,2,125.00,MI,Brabourne Stadium,22 March 2010
46,47,Ravi Bopara,56,48,7,1,116.66,DC,IS Bindra Stadium,13 March 2010
47,48,Brad Hodge,50,45,7,0,111.11,RCB,Eden Gardens,14 March 2010
48,49,Rohit Sharma,51,46,7,0,110.86,RCB,Vidarbha Cricket Association Stadium,12 April 2010
49,50,Sachin Tendulkar,48,45,7,0,106.66,CSK,DY Patil Stadium,25 April 2010
50,51,Jacques Kallis,52,49,7,0,106.12,CSK,Chidambaram,31 March 2010
51,52,Chris Gayle,34,15,6,1,226.66,RCB,M. Chinnaswamy Stadium,10 April 2010
52,53,Kumar Sangakkara,29,13,6,0,223.07,RR,IS Bindra Stadium,24 March 2010
53,54,Chris Gayle,88,42,6,8,209.52,KXIP,Eden Gardens,04 April 2010
54,55,MS Dhoni,66,33,6,3,200.00,KKR,Eden Gardens,16 March 2010
55,56,Ambati Rayudu,55,29,6,2,189.65,DEC,Brabourne Stadium,03 April 2010
56,57,Dinesh Karthik,69,38,6,4,181.57,RR,Feroz Shah Kotla Ground,31 March 2010
57,58,Mohnish Mishra,29,16,6,0,181.25,KKR,Eden Gardens,01 April 2010
58,59,Rohit Sharma,68,38,6,3,178.94,KXIP,HPCA Stadium,16 April 2010
59,60,Manoj Tiwary,50,29,6,2,172.41,RCB,Eden Gardens,14 March 2010
60,61,Ambati Rayudu,55,33,6,2,166.66,RR,Brabourne Stadium,13 March 2010
61,62,Naman Ojha,80,49,6,5,163.26,CSK,Sardar Patel Stadium,28 March 2010
62,63,Gautam Gambhir,47,29,6,1,162.06,KKR,Eden Gardens,07 April 2010
63,64,Virender Sehwag,64,40,6,3,160.00,KKR,Eden Gardens,07 April 2010
64,65,Michael Lumb,37,26,6,1,142.30,CSK,Chidambaram,03 April 2010
65,66,Tirumalasetti Suman,78,57,6,3,136.84,RCB,M. Chinnaswamy Stadium,08 April 2010
66,67,Faiz Fazal,31,23,6,0,134.78,KKR,Sardar Patel Stadium,20 March 2010
67,68,Mahela Jayawardene,44,33,6,1,133.33,RR,Sawai Mansingh Stadium,07 April 2010
68,69,Kumar Sangakkara,56,42,6,1,133.33,MI,IS Bindra Stadium,09 April 2010
69,70,Sachin Tendulkar,45,35,6,0,128.57,CSK,Chidambaram,06 April 2010
70,71,Shikhar Dhawan,50,40,6,0,125.00,KXIP,Brabourne Stadium,30 March 2010
71,72,Sourav Ganguly,50,40,6,1,125.00,KXIP,IS Bindra Stadium,27 March 2010
72,73,Subramaniam Badrinath,55,45,6,0,122.22,MI,Brabourne Stadium,25 March 2010
73,74,Shaun Marsh,57,47,6,1,121.27,MI,Brabourne Stadium,30 March 2010
74,75,Shane Watson,60,25,5,5,240.00,CSK,Chidambaram,03 April 2010
75,76,Andrew Symonds,53,24,5,3,220.83,RCB,M. Chinnaswamy Stadium,08 April 2010
76,77,Gautam Gambhir,26,12,5,0,216.66,KXIP,Feroz Shah Kotla Ground,11 April 2010
77,78,David Warner,31,15,5,1,206.66,MI,Brabourne Stadium,13 April 2010
78,79,Chris Gayle,40,21,5,2,190.47,DC,Eden Gardens,07 April 2010
79,80,Adam Voges,45,24,5,1,187.50,KXIP,IS Bindra Stadium,24 March 2010
80,81,MS Dhoni,54,29,5,2,186.20,KXIP,HPCA Stadium,18 April 2010
81,82,Subramaniam Badrinath,31,17,5,1,182.35,RCB,M. Chinnaswamy Stadium,23 March 2010
82,83,Kedar Jadhav,50,29,5,2,172.41,RCB,M. Chinnaswamy Stadium,25 March 2010
83,84,Suresh Raina,46,27,5,3,170.37,KXIP,HPCA Stadium,18 April 2010
84,85,Wriddhiman Saha,22,13,5,0,169.23,CSK,Eden Gardens,16 March 2010
85,86,Shikhar Dhawan,56,34,5,3,164.70,CSK,Brabourne Stadium,25 March 2010
86,87,Matthew Hayden,34,21,5,1,161.90,RR,Chidambaram,03 April 2010
87,88,Virender Sehwag,35,22,5,2,159.09,RCB,Feroz Shah Kotla Ground,04 April 2010
88,89,Naman Ojha,27,18,5,0,150.00,KKR,Sardar Patel Stadium,20 March 2010
89,90,Rahul Dravid,52,35,5,2,148.57,KKR,M. Chinnaswamy Stadium,10 April 2010
90,91,Mithun Manhas,32,22,5,0,145.45,CSK,Feroz Shah Kotla Ground,19 March 2010
91,92,Angelo Mathews,65,46,5,4,141.30,DEC,DY Patil Stadium,12 March 2010
92,93,Sachin Tendulkar,35,25,5,0,140.00,DEC,Brabourne Stadium,03 April 2010
93,94,Kumar Sangakkara,33,24,5,0,137.50,CSK,HPCA Stadium,18 April 2010
94,95,Jacques Kallis,54,42,5,1,128.57,DC,Feroz Shah Kotla Ground,04 April 2010
95,96,Murali Vijay,33,26,5,0,126.92,KKR,Eden Gardens,16 March 2010
96,97,Brendon McCullum,45,36,5,2,125.00,RCB,M. Chinnaswamy Stadium,10 April 2010
97,98,Abhishek Jhunjhunwala,45,36,5,0,125.00,KKR,Sardar Patel Stadium,20 March 2010
98,99,Herschelle Gibbs,45,36,5,1,125.00,CSK,Chidambaram,14 March 2010
99,100,Irfan Pathan,39,32,5,1,121.87,CSK,Chidambaram,21 March 2010
