,POS,PLAYER,"
                                Ov
                            ","
                                Runs
                            ","
                                Wkts
                            ","
                                SR
                            ","
                                Against
                            ","
                                Venue
                            ","
                                Match Date
                            "
0,1,Albie Morkel,4,56,2,12.00,RR,Chidambaram,03 April 2010
1,2,Pankaj Singh,4,54,0,-,MI,M. Chinnaswamy Stadium,17 April 2010
2,3,Shaun Tait,4,53,1,24.00,DC,Feroz Shah Kotla Ground,31 March 2010
3,4,Muttiah Muralitharan,4,52,1,24.00,RR,Chidambaram,03 April 2010
4,5,Shanthakumaran Sreesanth,4,51,0,-,DEC,Barabati Stadium,19 March 2010
5,6,RP Singh,4,51,1,24.00,KXIP,HPCA Stadium,16 April 2010
6,7,Rajagopal Sathish,3,51,1,18.00,RR,Brabourne Stadium,13 March 2010
7,8,MF Maharoof,4,50,2,12.00,MI,Feroz Shah Kotla Ground,17 March 2010
8,9,Shalabh Srivastava,4,49,1,24.00,RR,IS Bindra Stadium,24 March 2010
9,10,Lakshmipathy Balaji,4,49,1,24.00,RCB,M. Chinnaswamy Stadium,23 March 2010
10,11,Sumit Narwal,3,49,0,-,CSK,Sardar Patel Stadium,28 March 2010
11,12,Kemar Roach,4,48,0,-,KKR,Eden Gardens,01 April 2010
12,13,Brett Lee,4,48,0,-,RCB,IS Bindra Stadium,02 April 2010
13,14,Albie Morkel,4,48,1,24.00,KXIP,HPCA Stadium,18 April 2010
14,15,Muttiah Muralitharan,4,47,1,24.00,KKR,Chidambaram,13 April 2010
15,16,Lakshmipathy Balaji,4,47,1,24.00,MI,Brabourne Stadium,25 March 2010
16,17,Shane Watson,4,47,2,12.00,CSK,Chidambaram,03 April 2010
17,18,Pradeep Sangwan,4,46,0,-,CSK,Feroz Shah Kotla Ground,19 March 2010
18,19,Ishant Sharma,4,46,0,-,RCB,M. Chinnaswamy Stadium,10 April 2010
19,20,Shaun Tait,4,46,1,24.00,MI,Brabourne Stadium,13 March 2010
20,21,Ali Murtaza,4,46,1,24.00,RR,Brabourne Stadium,13 March 2010
21,22,Albie Morkel,4,46,2,12.00,RR,Sardar Patel Stadium,28 March 2010
22,23,Praveen Kumar,4,45,0,-,DC,M. Chinnaswamy Stadium,25 March 2010
23,24,Zaheer Khan,4,45,0,-,CSK,Brabourne Stadium,25 March 2010
24,25,Sudeep Tyagi,4,45,0,-,RR,Chidambaram,03 April 2010
25,26,Irfan Pathan,4,45,0,-,RR,IS Bindra Stadium,24 March 2010
26,27,Jacques Kallis,4,45,1,24.00,KXIP,IS Bindra Stadium,02 April 2010
27,28,Kieron Pollard,4,45,1,24.00,CSK,DY Patil Stadium,25 April 2010
28,29,Yusuf Pathan,4,44,0,-,CSK,Chidambaram,03 April 2010
29,30,Ajantha Mendis,4,44,0,-,RCB,M. Chinnaswamy Stadium,10 April 2010
30,31,Shaun Tait,4,44,0,-,CSK,Chidambaram,03 April 2010
31,32,Amit Mishra,4,44,1,24.00,MI,Feroz Shah Kotla Ground,17 March 2010
32,33,Harbhajan Singh,4,44,2,12.00,RCB,DY Patil Stadium,21 April 2010
33,34,Ishant Sharma,4,44,2,12.00,MI,Brabourne Stadium,22 March 2010
34,35,Sarabjit Ladda,4,44,2,12.00,MI,Feroz Shah Kotla Ground,17 March 2010
35,36,Shadab Jakati,4,44,2,12.00,DEC,DY Patil Stadium,22 April 2010
36,37,Irfan Pathan,3.4,44,0,-,CSK,HPCA Stadium,18 April 2010
37,38,Ryan McLaren,4,43,0,-,RR,Brabourne Stadium,13 March 2010
38,39,Praveen Kumar,4,43,1,24.00,KXIP,M. Chinnaswamy Stadium,16 March 2010
39,40,RP Singh,4,43,1,24.00,KXIP,Barabati Stadium,19 March 2010
40,41,Munaf Patel,4,43,1,24.00,KXIP,IS Bindra Stadium,24 March 2010
41,42,Joginder Sharma,4,43,1,24.00,DC,Feroz Shah Kotla Ground,19 March 2010
42,43,Juan Theron,4,43,1,24.00,CSK,HPCA Stadium,18 April 2010
43,44,Dale Steyn,4,43,2,12.00,MI,DY Patil Stadium,21 April 2010
44,45,Angelo Mathews,3,43,0,-,DC,Eden Gardens,07 April 2010
45,46,Ravi Bopara,3,43,1,18.00,KKR,Eden Gardens,04 April 2010
46,47,Dwayne Bravo,4,42,0,-,CSK,Brabourne Stadium,25 March 2010
47,48,Andrew McDonald,4,42,1,24.00,MI,Brabourne Stadium,13 April 2010
48,49,Dale Steyn,4,42,1,24.00,DC,M. Chinnaswamy Stadium,25 March 2010
49,50,Irfan Pathan,4,42,2,12.00,KKR,IS Bindra Stadium,27 March 2010
50,51,Andrew McDonald,4,42,2,12.00,RCB,M. Chinnaswamy Stadium,25 March 2010
51,52,Aditya Dole,4,42,2,12.00,DEC,Vidarbha Cricket Association Stadium,05 April 2010
52,53,Rahul Sharma,4,42,2,12.00,DC,Barabati Stadium,21 March 2010
53,54,Shanthakumaran Sreesanth,3,42,0,-,RCB,M. Chinnaswamy Stadium,16 March 2010
54,55,Praveen Kumar,3,42,0,-,CSK,Chidambaram,31 March 2010
55,56,Shane Warne,3,42,0,-,KXIP,Sawai Mansingh Stadium,07 April 2010
56,57,Lasith Malinga,4,41,0,-,CSK,Brabourne Stadium,25 March 2010
57,58,Amit Mishra,4,41,0,-,KKR,Eden Gardens,07 April 2010
58,59,Albie Morkel,4,41,0,-,DEC,Chidambaram,14 March 2010
59,60,Pradeep Sangwan,4,41,1,24.00,MI,Feroz Shah Kotla Ground,17 March 2010
60,61,Murali Kartik,4,41,1,24.00,KXIP,Eden Gardens,04 April 2010
61,62,Harmeet Singh Bansal,4,41,2,12.00,DC,Feroz Shah Kotla Ground,18 April 2010
62,63,Jacques Kallis,4,41,2,12.00,MI,M. Chinnaswamy Stadium,17 April 2010
63,64,Amit Uniyal,4,41,2,12.00,MI,Brabourne Stadium,13 March 2010
64,65,Sumit Narwal,2,41,0,-,CSK,Chidambaram,03 April 2010
65,66,Anil Kumble,4,40,0,-,KXIP,M. Chinnaswamy Stadium,16 March 2010
66,67,Jacques Kallis,4,40,0,-,DEC,Vidarbha Cricket Association Stadium,12 April 2010
67,68,Ravichandran Ashwin,4,40,0,-,RCB,M. Chinnaswamy Stadium,23 March 2010
68,69,Andrew Symonds,4,40,0,-,MI,DY Patil Stadium,28 March 2010
69,70,Albie Morkel,4,40,0,-,RCB,Chidambaram,31 March 2010
70,71,Ryan Harris,4,40,1,24.00,MI,Brabourne Stadium,03 April 2010
71,72,Daniel Vettori,4,40,1,24.00,RCB,Feroz Shah Kotla Ground,04 April 2010
72,73,Dhawal Kulkarni,4,40,1,24.00,RR,Sawai Mansingh Stadium,11 April 2010
73,74,Ravichandran Ashwin,4,40,1,24.00,DC,Feroz Shah Kotla Ground,19 March 2010
74,75,Vinay Kumar,4,40,4,6.00,CSK,M. Chinnaswamy Stadium,23 March 2010
75,76,Shanthakumaran Sreesanth,3,40,0,-,RR,Sawai Mansingh Stadium,07 April 2010
76,77,Shane Watson,3,40,0,-,DEC,Vidarbha Cricket Association Stadium,05 April 2010
77,78,Pragyan Ojha,3,40,1,18.00,RR,Sardar Patel Stadium,26 March 2010
78,79,Brett Lee,4,39,0,-,KKR,IS Bindra Stadium,27 March 2010
79,80,Doug Bollinger,4,39,0,-,KXIP,HPCA Stadium,18 April 2010
80,81,Shalabh Srivastava,4,39,1,24.00,DEC,Barabati Stadium,19 March 2010
81,82,Dirk Nannes,4,39,1,24.00,DEC,Barabati Stadium,21 March 2010
82,83,Doug Bollinger,4,39,1,24.00,MI,Chidambaram,06 April 2010
83,84,Jacques Kallis,4,39,1,24.00,KXIP,M. Chinnaswamy Stadium,16 March 2010
84,85,Shane Warne,4,39,1,24.00,KXIP,IS Bindra Stadium,24 March 2010
85,86,Vinay Kumar,3.2,39,1,20.00,DEC,M. Chinnaswamy Stadium,08 April 2010
86,87,Manpreet Gony,3,39,0,-,RCB,Chidambaram,31 March 2010
87,88,Abhimanyu Mithun,3,39,1,18.00,DC,Feroz Shah Kotla Ground,04 April 2010
88,89,Sudeep Tyagi,1.5,39,0,-,DEC,Chidambaram,14 March 2010
89,90,Brett Lee,4,38,0,-,MI,IS Bindra Stadium,09 April 2010
90,91,Dale Steyn,4,38,0,-,KKR,Eden Gardens,14 March 2010
91,92,Ryan McLaren,4,38,0,-,KKR,Brabourne Stadium,22 March 2010
92,93,RP Singh,4,38,0,-,RCB,M. Chinnaswamy Stadium,08 April 2010
93,94,Dale Steyn,4,38,0,-,DEC,M. Chinnaswamy Stadium,08 April 2010
94,95,Ishant Sharma,4,38,1,24.00,CSK,Eden Gardens,16 March 2010
95,96,Anil Kumble,4,38,1,24.00,DEC,M. Chinnaswamy Stadium,08 April 2010
96,97,Chris Gayle,4,38,1,24.00,DC,Feroz Shah Kotla Ground,29 March 2010
97,98,Umesh Yadav,4,38,1,24.00,CSK,Feroz Shah Kotla Ground,19 March 2010
98,99,Anil Kumble,4,38,1,24.00,MI,M. Chinnaswamy Stadium,17 April 2010
99,100,Pragyan Ojha,4,38,2,12.00,KKR,Eden Gardens,01 April 2010
