,POS,PLAYER,"
                                Ov
                            ","
                                Runs
                            ","
                                Wkts
                            ","
                                SR
                            ","
                                Against
                            ","
                                Venue
                            ","
                                Match Date
                            "
0,1,Pawan Negi,1,3,2,3.00,DC,M. Chinnaswamy Stadium,08 April 2017
1,2,Colin de Grandhomme,1.4,4,3,3.33,RCB,Eden Gardens,23 April 2017
2,3,Chris Woakes,2,6,3,4.00,RCB,Eden Gardens,23 April 2017
3,4,Pawan Negi,2,10,3,4.00,DC,Feroz Shah Kotla Ground,14 May 2017
4,5,Andrew Tye,4,17,5,4.80,RPS,Saurashtra Cricket Association Stadium,14 April 2017
5,6,Bhuvneshwar Kumar,4,19,5,4.80,KXIP,Rajiv Gandhi Intl. Cricket Stadium,17 April 2017
6,7,Jaydev Unadkat,4,30,5,4.80,SRH,Rajiv Gandhi Intl. Cricket Stadium,06 May 2017
7,8,Samuel Badree,4,9,4,6.00,MI,M. Chinnaswamy Stadium,14 April 2017
8,9,Sandeep Sharma,4,20,4,6.00,DC,IS Bindra Stadium,30 April 2017
9,10,Chris Morris,4,26,4,6.00,SRH,Rajiv Gandhi Intl. Cricket Stadium,19 April 2017
10,11,Karn Sharma,4,16,4,6.00,KKR,M. Chinnaswamy Stadium,19 May 2017
11,12,Umesh Yadav,4,33,4,6.00,KXIP,Eden Gardens,13 April 2017
12,13,Siddarth Kaul,4,29,4,6.00,RPS,Rajiv Gandhi Intl. Cricket Stadium,06 May 2017
13,14,Mohammed Siraj,4,32,4,6.00,GL,Green Park,13 May 2017
14,15,Jasprit Bumrah,3,7,3,6.00,KKR,M. Chinnaswamy Stadium,19 May 2017
15,16,Zaheer Khan,3,20,3,6.00,RPS,Maharashtra Cricket Association's International Stadium,11 April 2017
16,17,Axar Patel,3,11,3,6.00,RCB,M. Chinnaswamy Stadium,05 May 2017
17,18,Amit Mishra,3,11,3,6.00,RPS,Maharashtra Cricket Association's International Stadium,11 April 2017
18,19,Nathan Coulter-Nile,3,21,3,6.00,RCB,Eden Gardens,23 April 2017
19,20,Varun Aaron,2,3,2,6.00,DC,IS Bindra Stadium,30 April 2017
20,21,Shahbaz Nadeem,2,13,2,6.00,KXIP,Feroz Shah Kotla Ground,15 April 2017
21,22,Washington Sundar,2,18,2,6.00,KKR,Eden Gardens,03 May 2017
22,23,Dan Christian,2,10,2,6.00,KXIP,Maharashtra Cricket Association's International Stadium,14 May 2017
23,24,Lasith Malinga,2,5,2,6.00,DC,Feroz Shah Kotla Ground,06 May 2017
24,25,Karn Sharma,3.4,11,3,7.33,DC,Feroz Shah Kotla Ground,06 May 2017
25,26,Jaydev Unadkat,3.5,29,3,7.66,GL,Maharashtra Cricket Association's International Stadium,01 May 2017
26,27,Mitchell Johnson,4,26,3,8.00,RPS,Rajiv Gandhi Intl. Cricket Stadium,21 May 2017
27,28,Shardul Thakur,4,37,3,8.00,MI,Wankhede Stadium,16 May 2017
28,29,Yuzvendra Chahal,4,31,3,8.00,GL,Saurashtra Cricket Association Stadium,18 April 2017
29,30,Shardul Thakur,4,35,3,8.00,RCB,M. Chinnaswamy Stadium,16 April 2017
30,31,Chris Morris,4,21,3,8.00,RCB,M. Chinnaswamy Stadium,08 April 2017
31,32,Jasprit Bumrah,4,24,3,8.00,SRH,Wankhede Stadium,12 April 2017
32,33,Ben Stokes,4,30,3,8.00,SRH,Rajiv Gandhi Intl. Cricket Stadium,06 May 2017
33,34,Rashid Khan,4,34,3,8.00,GL,Green Park,13 May 2017
34,35,Rashid Khan,4,19,3,8.00,GL,Rajiv Gandhi Intl. Cricket Stadium,09 April 2017
35,36,Umesh Yadav,4,36,3,8.00,RCB,M. Chinnaswamy Stadium,07 May 2017
36,37,Washington Sundar,4,16,3,8.00,MI,Wankhede Stadium,16 May 2017
37,38,Shardul Thakur,4,19,3,8.00,KXIP,Maharashtra Cricket Association's International Stadium,14 May 2017
38,39,Ben Stokes,4,18,3,8.00,RCB,M. Chinnaswamy Stadium,16 April 2017
39,40,Bhuvneshwar Kumar,4,21,3,8.00,MI,Wankhede Stadium,12 April 2017
40,41,Harbhajan Singh,4,22,3,8.00,DC,Feroz Shah Kotla Ground,06 May 2017
41,42,Nathan Coulter-Nile,4,34,3,8.00,DC,Eden Gardens,28 April 2017
42,43,Sandeep Sharma,4,22,3,8.00,RCB,M. Chinnaswamy Stadium,05 May 2017
43,44,Imran Tahir,4,27,3,8.00,GL,Maharashtra Cricket Association's International Stadium,01 May 2017
44,45,Nathan Coulter-Nile,4,20,3,8.00,SRH,M. Chinnaswamy Stadium,17 May 2017
45,46,Imran Tahir,4,18,3,8.00,RCB,Maharashtra Cricket Association's International Stadium,29 April 2017
46,47,Nathan Coulter-Nile,4,22,3,8.00,DC,Feroz Shah Kotla Ground,17 April 2017
47,48,Andrew Tye,4,12,3,8.00,RCB,M. Chinnaswamy Stadium,27 April 2017
48,49,Chris Morris,4,23,3,8.00,KXIP,Feroz Shah Kotla Ground,15 April 2017
49,50,Yuzvendra Chahal,4,16,3,8.00,KKR,Eden Gardens,23 April 2017
50,51,Mitchell McClenaghan,4,34,3,8.00,RCB,Wankhede Stadium,01 May 2017
51,52,Krunal Pandya,4,14,3,8.00,GL,Saurashtra Cricket Association Stadium,29 April 2017
52,53,Harshal Patel,4,43,3,8.00,DC,Feroz Shah Kotla Ground,14 May 2017
53,54,Siddarth Kaul,4,36,3,8.00,KXIP,IS Bindra Stadium,28 April 2017
54,55,Krunal Pandya,4,24,3,8.00,KKR,Wankhede Stadium,09 April 2017
55,56,Bhuvneshwar Kumar,4,20,3,8.00,KKR,Eden Gardens,15 April 2017
56,57,Chris Woakes,4,18,3,8.00,RPS,Eden Gardens,03 May 2017
57,58,Imran Tahir,4,28,3,8.00,MI,Maharashtra Cricket Association's International Stadium,06 April 2017
58,59,Mitchell McClenaghan,4,24,3,8.00,DC,Wankhede Stadium,22 April 2017
59,60,Ashish Nehra,4,42,3,8.00,KXIP,IS Bindra Stadium,28 April 2017
60,61,Ankit Rajpoot,4,37,3,8.00,MI,Wankhede Stadium,09 April 2017
61,62,Siddarth Kaul,4,24,3,8.00,MI,Rajiv Gandhi Intl. Cricket Stadium,08 May 2017
62,63,Basil Thampi,4,29,3,8.00,MI,Saurashtra Cricket Association Stadium,29 April 2017
63,64,Mohit Sharma,3,24,2,9.00,KKR,IS Bindra Stadium,09 May 2017
64,65,Rajat Bhatia,3,14,2,9.00,MI,Maharashtra Cricket Association's International Stadium,06 April 2017
65,66,Pawan Negi,3,15,2,9.00,KKR,Eden Gardens,23 April 2017
66,67,Travis Head,3,30,2,9.00,DC,Feroz Shah Kotla Ground,14 May 2017
67,68,Kuldeep Yadav,3,34,2,9.00,KXIP,IS Bindra Stadium,09 May 2017
68,69,Vinay Kumar,3,31,2,9.00,KKR,Eden Gardens,13 May 2017
69,70,Iqbal Abdulla,3,36,2,9.00,DC,M. Chinnaswamy Stadium,08 April 2017
70,71,Chris Woakes,3,30,2,9.00,KXIP,Eden Gardens,13 April 2017
71,72,Glenn Maxwell,3,15,2,9.00,RCB,M. Chinnaswamy Stadium,05 May 2017
72,73,Jaydev Unadkat,3,12,2,9.00,KXIP,Maharashtra Cricket Association's International Stadium,14 May 2017
73,74,Samuel Badree,3,29,2,9.00,GL,M. Chinnaswamy Stadium,27 April 2017
74,75,Pat Cummins,3.1,24,2,9.50,RPS,Maharashtra Cricket Association's International Stadium,11 April 2017
75,76,Pawan Negi,3.1,21,2,9.50,KKR,M. Chinnaswamy Stadium,07 May 2017
76,77,Kagiso Rabada,3.2,20,2,10.00,KKR,Eden Gardens,28 April 2017
77,78,Bhuvneshwar Kumar,3.2,25,2,10.00,GL,Green Park,13 May 2017
78,79,Nathan Coulter-Nile,3.2,41,2,10.00,GL,Eden Gardens,21 April 2017
79,80,Adam Zampa,3.5,22,2,11.50,KXIP,Maharashtra Cricket Association's International Stadium,14 May 2017
80,81,Mitchell McClenaghan,4,24,2,12.00,GL,Wankhede Stadium,16 April 2017
81,82,Basil Thampi,4,35,2,12.00,RPS,Maharashtra Cricket Association's International Stadium,01 May 2017
82,83,Mitchell McClenaghan,4,20,2,12.00,RCB,M. Chinnaswamy Stadium,14 April 2017
83,84,Jasprit Bumrah,4,21,2,12.00,DC,Wankhede Stadium,22 April 2017
84,85,Sunil Narine,4,29,2,12.00,RCB,M. Chinnaswamy Stadium,07 May 2017
85,86,Bhuvneshwar Kumar,4,27,2,12.00,KXIP,IS Bindra Stadium,28 April 2017
86,87,Mohit Sharma,4,24,2,12.00,RCB,M. Chinnaswamy Stadium,05 May 2017
87,88,Trent Boult,4,30,2,12.00,MI,Eden Gardens,13 May 2017
88,89,Varun Aaron,4,21,2,12.00,RCB,Holkar Cricket Stadium,10 April 2017
89,90,Ben Stokes,4,21,2,12.00,MI,Wankhede Stadium,24 April 2017
90,91,Mohammed Shami,4,36,2,12.00,SRH,Feroz Shah Kotla Ground,02 May 2017
91,92,Zaheer Khan,4,25,2,12.00,RPS,Feroz Shah Kotla Ground,12 May 2017
92,93,Varun Aaron,4,45,2,12.00,DC,Feroz Shah Kotla Ground,15 April 2017
93,94,Mohammed Siraj,4,26,2,12.00,KKR,Rajiv Gandhi Intl. Cricket Stadium,30 April 2017
94,95,Bhuvneshwar Kumar,4,29,2,12.00,MI,Rajiv Gandhi Intl. Cricket Stadium,08 May 2017
95,96,Ashish Nehra,4,42,2,12.00,RCB,Rajiv Gandhi Intl. Cricket Stadium,05 April 2017
96,97,Kuldeep Yadav,4,33,2,12.00,GL,Eden Gardens,21 April 2017
97,98,James Faulkner,4,34,2,12.00,MI,Saurashtra Cricket Association Stadium,29 April 2017
98,99,Mohit Sharma,4,25,2,12.00,SRH,Rajiv Gandhi Intl. Cricket Stadium,17 April 2017
99,100,Kagiso Rabada,4,28,2,12.00,GL,Feroz Shah Kotla Ground,04 May 2017
