,POS,PLAYER,"
                                Ov
                            ","
                                Econ
                            ","
                                Dots
                            ","
                                Runs
                            ","
                                Wkts
                            ","
                                SR
                            ","
                                Against
                            ","
                                Venue
                            ","
                                Match Date
                            "
0,1,Varun Aaron,2,1.50,9,3,2,6.00,DC,IS Bindra Stadium,30 April 2017
1,2,Lockie Ferguson,4,1.75,17,7,2,12.00,RCB,Maharashtra Cricket Association's International Stadium,29 April 2017
2,3,Samuel Badree,4,2.25,16,9,4,6.00,MI,M. Chinnaswamy Stadium,14 April 2017
3,4,Jasprit Bumrah,3,2.33,14,7,3,6.00,KKR,M. Chinnaswamy Stadium,19 May 2017
4,5,Lasith Malinga,2,2.50,9,5,2,6.00,DC,Feroz Shah Kotla Ground,06 May 2017
5,6,Andrew Tye,4,3.00,12,12,3,8.00,RCB,M. Chinnaswamy Stadium,27 April 2017
6,7,Karn Sharma,3.4,3.00,13,11,3,7.33,DC,Feroz Shah Kotla Ground,06 May 2017
7,8,Chris Woakes,2,3.00,10,6,3,4.00,RCB,Eden Gardens,23 April 2017
8,9,Axar Patel,4,3.00,13,12,1,24.00,RCB,Holkar Cricket Stadium,10 April 2017
9,10,Moises Henriques,2,3.00,7,6,1,12.00,KXIP,Rajiv Gandhi Intl. Cricket Stadium,17 April 2017
10,11,Glenn Maxwell,4,3.00,15,12,1,24.00,DC,IS Bindra Stadium,30 April 2017
11,12,Shahbaz Nadeem,4,3.25,12,13,1,24.00,RCB,M. Chinnaswamy Stadium,08 April 2017
12,13,Mohammad Nabi,4,3.25,15,13,1,24.00,MI,Rajiv Gandhi Intl. Cricket Stadium,08 May 2017
13,14,Washington Sundar,4,3.25,15,13,0,-,MI,Rajiv Gandhi Intl. Cricket Stadium,21 May 2017
14,15,Ben Stokes,3,3.33,12,10,0,-,KXIP,Maharashtra Cricket Association's International Stadium,14 May 2017
15,16,Krunal Pandya,4,3.50,16,14,3,8.00,GL,Saurashtra Cricket Association Stadium,29 April 2017
16,17,Washington Sundar,2,3.50,5,7,1,12.00,RCB,Maharashtra Cricket Association's International Stadium,29 April 2017
17,18,Nathu Singh,2,3.50,7,7,1,12.00,KXIP,Saurashtra Cricket Association Stadium,23 April 2017
18,19,T Natarajan,2,3.50,9,7,0,-,DC,IS Bindra Stadium,30 April 2017
19,20,Shardul Thakur,2,3.50,6,7,0,-,MI,Rajiv Gandhi Intl. Cricket Stadium,21 May 2017
20,21,Axar Patel,3,3.66,7,11,3,6.00,RCB,M. Chinnaswamy Stadium,05 May 2017
21,22,Amit Mishra,3,3.66,10,11,3,6.00,RPS,Maharashtra Cricket Association's International Stadium,11 April 2017
22,23,Karn Sharma,4,4.00,11,16,4,6.00,KKR,M. Chinnaswamy Stadium,19 May 2017
23,24,Yuzvendra Chahal,4,4.00,10,16,3,8.00,KKR,Eden Gardens,23 April 2017
24,25,Washington Sundar,4,4.00,13,16,3,8.00,MI,Wankhede Stadium,16 May 2017
25,26,Jaydev Unadkat,3,4.00,14,12,2,9.00,KXIP,Maharashtra Cricket Association's International Stadium,14 May 2017
26,27,Ankit Soni,4,4.00,13,16,1,24.00,MI,Saurashtra Cricket Association Stadium,29 April 2017
27,28,Glenn Maxwell,2,4.00,4,8,1,12.00,MI,Wankhede Stadium,11 May 2017
28,29,Shane Watson,4,4.00,11,16,1,24.00,DC,Feroz Shah Kotla Ground,14 May 2017
29,30,Rashid Khan,4,4.00,12,16,1,24.00,KXIP,IS Bindra Stadium,28 April 2017
30,31,Pawan Negi,3,4.00,6,12,1,18.00,RPS,M. Chinnaswamy Stadium,16 April 2017
31,32,Ankit Soni,4,4.00,12,16,0,-,RPS,Maharashtra Cricket Association's International Stadium,01 May 2017
32,33,Nathu Singh,2,4.00,6,8,0,-,RCB,M. Chinnaswamy Stadium,27 April 2017
33,34,Andrew Tye,4,4.25,10,17,5,4.80,RPS,Saurashtra Cricket Association Stadium,14 April 2017
34,35,Pawan Negi,4,4.25,9,17,2,12.00,MI,Wankhede Stadium,01 May 2017
35,36,Aniket Choudhary,4,4.25,13,17,2,12.00,KXIP,M. Chinnaswamy Stadium,05 May 2017
36,37,Rashid Khan,4,4.25,10,17,1,24.00,RPS,Maharashtra Cricket Association's International Stadium,22 April 2017
37,38,Ben Stokes,4,4.50,11,18,3,8.00,RCB,M. Chinnaswamy Stadium,16 April 2017
38,39,Chris Woakes,4,4.50,13,18,3,8.00,RPS,Eden Gardens,03 May 2017
39,40,Imran Tahir,4,4.50,12,18,3,8.00,RCB,Maharashtra Cricket Association's International Stadium,29 April 2017
40,41,Rahul Tewatia,4,4.50,8,18,2,12.00,KKR,IS Bindra Stadium,09 May 2017
41,42,Amit Mishra,4,4.50,13,18,2,12.00,MI,Wankhede Stadium,22 April 2017
42,43,Pawan Negi,4,4.50,12,18,1,24.00,RPS,Maharashtra Cricket Association's International Stadium,29 April 2017
43,44,Rashid Khan,4,4.50,8,18,1,24.00,RPS,Rajiv Gandhi Intl. Cricket Stadium,06 May 2017
44,45,Sunil Narine,4,4.50,10,18,1,24.00,SRH,Eden Gardens,15 April 2017
45,46,Hardik Pandya,2,4.50,3,9,1,12.00,RCB,M. Chinnaswamy Stadium,14 April 2017
46,47,Karn Sharma,4,4.50,12,18,0,-,RPS,Rajiv Gandhi Intl. Cricket Stadium,21 May 2017
47,48,Rajat Bhatia,3,4.66,5,14,2,9.00,MI,Maharashtra Cricket Association's International Stadium,06 April 2017
48,49,Ankit Rajpoot,3,4.66,7,14,1,18.00,MI,Eden Gardens,13 May 2017
49,50,Lasith Malinga,3,4.66,8,14,1,18.00,RPS,Wankhede Stadium,16 May 2017
50,51,Shardul Thakur,3,4.66,9,14,1,18.00,GL,Saurashtra Cricket Association Stadium,14 April 2017
51,52,Rahul Tewatia,3,4.66,10,14,0,-,RPS,Maharashtra Cricket Association's International Stadium,14 May 2017
52,53,Samuel Badree,3,4.66,8,14,0,-,KXIP,M. Chinnaswamy Stadium,05 May 2017
53,54,Bhuvneshwar Kumar,4,4.75,14,19,5,4.80,KXIP,Rajiv Gandhi Intl. Cricket Stadium,17 April 2017
54,55,Shardul Thakur,4,4.75,16,19,3,8.00,KXIP,Maharashtra Cricket Association's International Stadium,14 May 2017
55,56,Rashid Khan,4,4.75,11,19,3,8.00,GL,Rajiv Gandhi Intl. Cricket Stadium,09 April 2017
56,57,Jaydev Unadkat,4,4.75,10,19,2,12.00,MI,Rajiv Gandhi Intl. Cricket Stadium,21 May 2017
57,58,Sunil Narine,4,4.75,14,19,1,24.00,KXIP,Eden Gardens,13 April 2017
58,59,Yuzvendra Chahal,4,4.75,10,19,1,24.00,DC,M. Chinnaswamy Stadium,08 April 2017
59,60,Rashid Khan,4,4.75,11,19,1,24.00,MI,Wankhede Stadium,12 April 2017
60,61,Jaydev Unadkat,4,4.75,10,19,1,24.00,RCB,Maharashtra Cricket Association's International Stadium,29 April 2017
61,62,Sandeep Sharma,4,5.00,14,20,4,6.00,DC,IS Bindra Stadium,30 April 2017
62,63,Nathan Coulter-Nile,4,5.00,10,20,3,8.00,SRH,M. Chinnaswamy Stadium,17 May 2017
63,64,Pawan Negi,2,5.00,7,10,3,4.00,DC,Feroz Shah Kotla Ground,14 May 2017
64,65,Bhuvneshwar Kumar,4,5.00,11,20,3,8.00,KKR,Eden Gardens,15 April 2017
65,66,Mitchell McClenaghan,4,5.00,11,20,2,12.00,RCB,M. Chinnaswamy Stadium,14 April 2017
66,67,Pawan Negi,3,5.00,10,15,2,9.00,KKR,Eden Gardens,23 April 2017
67,68,Glenn Maxwell,3,5.00,5,15,2,9.00,RCB,M. Chinnaswamy Stadium,05 May 2017
68,69,Chris Woakes,4,5.00,11,20,2,12.00,KXIP,IS Bindra Stadium,09 May 2017
69,70,Pat Cummins,4,5.00,9,20,2,12.00,MI,Wankhede Stadium,22 April 2017
70,71,Dan Christian,2,5.00,4,10,2,6.00,KXIP,Maharashtra Cricket Association's International Stadium,14 May 2017
71,72,James Faulkner,3,5.00,4,15,1,18.00,RCB,M. Chinnaswamy Stadium,27 April 2017
72,73,Umesh Yadav,3,5.00,11,15,1,18.00,RCB,Eden Gardens,23 April 2017
73,74,Dan Christian,4,5.00,10,20,1,24.00,SRH,Maharashtra Cricket Association's International Stadium,22 April 2017
74,75,Harbhajan Singh,4,5.00,7,20,1,24.00,RPS,Wankhede Stadium,24 April 2017
75,76,Dwayne Smith,2,5.00,6,10,1,12.00,RPS,Saurashtra Cricket Association Stadium,14 April 2017
76,77,Nathan Coulter-Nile,3,5.00,6,15,1,18.00,MI,M. Chinnaswamy Stadium,19 May 2017
77,78,Sunil Narine,4,5.00,8,20,1,24.00,DC,Feroz Shah Kotla Ground,17 April 2017
78,79,Sunil Narine,4,5.00,13,20,0,-,SRH,M. Chinnaswamy Stadium,17 May 2017
79,80,Chris Morris,4,5.25,16,21,3,8.00,RCB,M. Chinnaswamy Stadium,08 April 2017
80,81,Bhuvneshwar Kumar,4,5.25,11,21,3,8.00,MI,Wankhede Stadium,12 April 2017
81,82,Jasprit Bumrah,4,5.25,11,21,2,12.00,DC,Wankhede Stadium,22 April 2017
82,83,Varun Aaron,4,5.25,11,21,2,12.00,RCB,Holkar Cricket Stadium,10 April 2017
83,84,Umesh Yadav,4,5.25,12,21,2,12.00,SRH,M. Chinnaswamy Stadium,17 May 2017
84,85,Bhuvneshwar Kumar,4,5.25,8,21,2,12.00,GL,Rajiv Gandhi Intl. Cricket Stadium,09 April 2017
85,86,Ben Stokes,4,5.25,8,21,2,12.00,MI,Wankhede Stadium,24 April 2017
86,87,Pat Cummins,4,5.25,9,21,2,12.00,RCB,Feroz Shah Kotla Ground,14 May 2017
87,88,Yuzvendra Chahal,4,5.25,12,21,2,12.00,KXIP,M. Chinnaswamy Stadium,05 May 2017
88,89,Pawan Negi,4,5.25,17,21,1,24.00,GL,Saurashtra Cricket Association Stadium,18 April 2017
89,90,Shane Watson,4,5.25,12,21,1,24.00,DC,M. Chinnaswamy Stadium,08 April 2017
90,91,Krunal Pandya,4,5.25,8,21,1,24.00,RCB,M. Chinnaswamy Stadium,14 April 2017
91,92,Lasith Malinga,4,5.25,11,21,0,-,RPS,Rajiv Gandhi Intl. Cricket Stadium,21 May 2017
92,93,Sreenath Arvind,4,5.25,10,21,0,-,MI,M. Chinnaswamy Stadium,14 April 2017
93,94,Sunil Narine,4,5.25,13,21,0,-,MI,M. Chinnaswamy Stadium,19 May 2017
94,95,Moises Henriques,2.5,5.29,7,15,0,-,RPS,Rajiv Gandhi Intl. Cricket Stadium,06 May 2017
95,96,Amit Mishra,3,5.33,9,16,1,18.00,KXIP,Feroz Shah Kotla Ground,15 April 2017
96,97,Harbhajan Singh,4,5.50,15,22,3,8.00,DC,Feroz Shah Kotla Ground,06 May 2017
97,98,Sandeep Sharma,4,5.50,15,22,3,8.00,RCB,M. Chinnaswamy Stadium,05 May 2017
98,99,Nathan Coulter-Nile,4,5.50,12,22,3,8.00,DC,Feroz Shah Kotla Ground,17 April 2017
99,100,Hardik Pandya,4,5.50,9,22,2,12.00,KKR,Eden Gardens,13 May 2017
