,POS,PLAYER,"
                                Distance (m)
                            "
0,1,Travis Head,109.00
1,2,Chris Morris,107.00
2,3,Sunil Narine,104.00
3,4,Chris Gayle,103.00
4,5,AB de Villiers,102.00
5,6,Robin Uthappa,101.00
6,7,Martin Guptill,101.00
7,8,Sanju Samson,99.00
8,9,Yuvraj Singh,99.00
9,10,Martin Guptill,98.00
10,11,Dwayne Smith,98.00
11,12,Rahul Tripathi,98.00
12,13,Sanju Samson,97.00
13,14,Hashim Amla,97.00
14,15,Ajinkya Rahane,97.00
15,16,AB de Villiers,97.00
16,17,Aaron Finch,97.00
17,18,Aaron Finch,96.00
18,19,Rishabh Pant,96.00
19,20,Chris Lynn,96.00
20,21,Moises Henriques,96.00
21,22,Brendon McCullum,96.00
22,23,Glenn Maxwell,96.00
23,24,Chris Lynn,95.00
24,25,David Warner,95.00
25,26,Deepak Hooda,95.00
26,27,Deepak Hooda,94.00
27,28,Kane Williamson,94.00
28,29,Ben Stokes,94.00
29,30,Aaron Finch,94.00
30,31,Kieron Pollard,94.00
31,32,Robin Uthappa,94.00
32,33,Kedar Jadhav,94.00
33,34,Sanju Samson,93.00
34,35,Kedar Jadhav,93.00
35,36,David Warner,93.00
36,37,Ishan Kishan,93.00
37,38,Rishabh Pant,93.00
38,39,Chris Lynn,93.00
39,40,Manan Vohra,93.00
40,41,Suresh Raina,93.00
41,42,Axar Patel,92.00
42,43,Lendl Simmons,92.00
43,44,Axar Patel,92.00
44,45,Tim Southee,92.00
45,46,David Warner,92.00
46,47,Chris Gayle,91.00
47,48,David Warner,91.00
48,49,Naman Ojha,91.00
49,50,Mohammed Shami,91.00
50,51,Kieron Pollard,91.00
51,52,Vijay Shankar,91.00
52,53,Kieron Pollard,91.00
53,54,Chris Lynn,91.00
54,55,Nitish Rana,90.00
55,56,David Warner,90.00
56,57,Glenn Maxwell,90.00
57,58,Axar Patel,90.00
58,59,Travis Head,90.00
59,60,Axar Patel,90.00
60,61,Colin de Grandhomme,90.00
61,62,Jos Buttler,90.00
62,63,Lendl Simmons,90.00
63,64,Kedar Jadhav,90.00
64,65,Chris Morris,90.00
65,66,Rishabh Pant,90.00
66,67,Rahul Tripathi,90.00
67,68,Rishabh Pant,90.00
68,69,Robin Uthappa,90.00
69,70,Jos Buttler,90.00
70,71,Andrew Tye,90.00
71,72,Stuart Binny,89.00
72,73,Rohit Sharma,89.00
73,74,Ben Stokes,89.00
74,75,Rohit Sharma,89.00
75,76,Sanju Samson,89.00
76,77,Shaun Marsh,89.00
77,78,Shikhar Dhawan,89.00
78,79,Brendon McCullum,89.00
79,80,Glenn Maxwell,89.00
80,81,Robin Uthappa,89.00
81,82,Manoj Tiwary,89.00
82,83,Aaron Finch,89.00
83,84,Ben Stokes,89.00
84,85,Mandeep Singh,88.00
85,86,Naman Ojha,88.00
86,87,Yuvraj Singh,88.00
87,88,Chris Lynn,88.00
88,89,Kieron Pollard,88.00
89,90,Chris Gayle,88.00
90,91,Rishabh Pant,88.00
91,92,Krunal Pandya,88.00
92,93,Sanju Samson,88.00
93,94,Glenn Maxwell,88.00
94,95,Robin Uthappa,88.00
95,96,Rohit Sharma,88.00
96,97,AB de Villiers,88.00
97,98,Chris Gayle,88.00
98,99,Martin Guptill,88.00
99,100,Wriddhiman Saha,88.00
