,POS,PLAYER,"
                                Against
                            ","
                                Venue
                            ","
                                Match Date
                            ","
                                BF
                            ","
                                6s
                            ","
                                4s
                            ","
                                Runs
                            "
0,1,Sunil Narine,RCB,M. Chinnaswamy Stadium,07 May 2017,15,4,6,54
1,2,Chris Lynn,GL,Saurashtra Cricket Association Stadium,07 April 2017,19,8,6,93
2,3,David Warner,KKR,Rajiv Gandhi Intl. Cricket Stadium,30 April 2017,20,8,10,126
3,4,Chris Lynn,RCB,M. Chinnaswamy Stadium,07 May 2017,21,4,5,50
4,5,Aaron Finch,RCB,M. Chinnaswamy Stadium,27 April 2017,22,6,5,72
5,6,Rahul Tripathi,KKR,Eden Gardens,03 May 2017,23,7,9,93
6,7,Chris Gayle,GL,Saurashtra Cricket Association Stadium,18 April 2017,23,7,5,77
7,8,Yuvraj Singh,RCB,Rajiv Gandhi Intl. Cricket Stadium,05 April 2017,23,3,7,62
8,9,Jos Buttler,KXIP,Holkar Cricket Stadium,20 April 2017,24,5,7,77
9,10,Sanju Samson,GL,Feroz Shah Kotla Ground,04 May 2017,24,7,0,61
10,11,Robin Uthappa,DC,Eden Gardens,28 April 2017,24,4,5,59
11,12,Kieron Pollard,KXIP,Wankhede Stadium,11 May 2017,24,5,1,50
12,13,Robin Uthappa,SRH,Rajiv Gandhi Intl. Cricket Stadium,30 April 2017,25,4,4,53
13,14,David Warner,KXIP,IS Bindra Stadium,28 April 2017,25,4,4,51
14,15,Robin Uthappa,RPS,Maharashtra Cricket Association's International Stadium,26 April 2017,26,6,7,87
15,16,Kedar Jadhav,DC,M. Chinnaswamy Stadium,08 April 2017,26,5,5,69
16,17,Moises Henriques,RPS,Maharashtra Cricket Association's International Stadium,22 April 2017,26,2,6,55
17,18,Kane Williamson,KXIP,IS Bindra Stadium,28 April 2017,26,2,4,54
18,19,Rishabh Pant,GL,Feroz Shah Kotla Ground,04 May 2017,27,9,6,97
19,20,Robin Uthappa,SRH,Eden Gardens,15 April 2017,27,4,5,68
20,21,Ishan Kishan,SRH,Green Park,13 May 2017,27,4,5,61
21,22,Ajinkya Rahane,MI,Maharashtra Cricket Association's International Stadium,06 April 2017,27,3,6,60
22,23,Lendl Simmons,KXIP,Wankhede Stadium,11 May 2017,27,4,5,59
23,24,Martin Guptill,DC,IS Bindra Stadium,30 April 2017,27,3,6,50
24,25,Dwayne Smith,KXIP,IS Bindra Stadium,07 May 2017,28,4,8,74
25,26,Dinesh Karthik,DC,Feroz Shah Kotla Ground,04 May 2017,28,5,5,65
26,27,Nitish Rana,KKR,Wankhede Stadium,09 April 2017,28,3,5,50
27,28,Chris Lynn,KXIP,IS Bindra Stadium,09 May 2017,29,3,8,84
28,29,Kieron Pollard,DC,Feroz Shah Kotla Ground,06 May 2017,29,4,5,63
29,30,Nitish Rana,KXIP,Holkar Cricket Stadium,20 April 2017,29,7,0,62
30,31,MS Dhoni,SRH,Maharashtra Cricket Association's International Stadium,22 April 2017,29,3,5,61
31,32,Brendon McCullum,RCB,Saurashtra Cricket Association Stadium,18 April 2017,30,7,2,72
32,33,Hashim Amla,GL,Saurashtra Cricket Association Stadium,23 April 2017,30,2,9,65
33,34,Ben Stokes,KXIP,Holkar Cricket Stadium,08 April 2017,30,3,2,50
34,35,Wriddhiman Saha,MI,Wankhede Stadium,11 May 2017,31,3,11,93
35,36,Shikhar Dhawan,KXIP,IS Bindra Stadium,28 April 2017,31,1,9,77
36,37,David Warner,GL,Rajiv Gandhi Intl. Cricket Stadium,09 April 2017,31,4,6,76
37,38,Dwayne Smith,SRH,Green Park,13 May 2017,31,2,7,54
38,39,Shreyas Iyer,SRH,Rajiv Gandhi Intl. Cricket Stadium,19 April 2017,31,2,5,50
39,40,Suresh Raina,KKR,Eden Gardens,21 April 2017,32,4,9,84
40,41,Suresh Raina,DC,Feroz Shah Kotla Ground,04 May 2017,32,4,5,77
41,42,Parthiv Patel,GL,Saurashtra Cricket Association Stadium,29 April 2017,32,1,9,70
42,43,Aaron Finch,DC,Green Park,10 May 2017,32,4,6,69
43,44,Ambati Rayudu,KKR,Eden Gardens,13 May 2017,32,3,6,63
44,45,Sanju Samson,KKR,Eden Gardens,28 April 2017,32,3,4,60
45,46,Rahul Tripathi,SRH,Maharashtra Cricket Association's International Stadium,22 April 2017,32,3,6,59
46,47,Hashim Amla,RCB,Holkar Cricket Stadium,10 April 2017,32,3,4,58
47,48,Nitish Rana,GL,Wankhede Stadium,16 April 2017,32,2,4,53
48,49,Shreyas Iyer,GL,Green Park,10 May 2017,33,2,15,96
49,50,Kane Williamson,DC,Rajiv Gandhi Intl. Cricket Stadium,19 April 2017,33,5,6,89
50,51,Gautam Gambhir,GL,Saurashtra Cricket Association Stadium,07 April 2017,33,0,12,76
51,52,Rohit Sharma,RPS,Wankhede Stadium,24 April 2017,33,3,6,58
52,53,Rishabh Pant,RCB,M. Chinnaswamy Stadium,08 April 2017,33,4,3,57
53,54,Hashim Amla,MI,Holkar Cricket Stadium,20 April 2017,34,6,8,104
54,55,AB de Villiers,KXIP,Holkar Cricket Stadium,10 April 2017,34,9,3,89
55,56,Gautam Gambhir,KXIP,Eden Gardens,13 April 2017,34,0,11,72
56,57,Yuvraj Singh,DC,Feroz Shah Kotla Ground,02 May 2017,34,1,11,70
57,58,Rohit Sharma,SRH,Rajiv Gandhi Intl. Cricket Stadium,08 May 2017,34,2,6,67
58,59,Yusuf Pathan,DC,Feroz Shah Kotla Ground,17 April 2017,34,2,6,59
59,60,Rohit Sharma,RCB,Wankhede Stadium,01 May 2017,34,1,6,56
60,61,Moises Henriques,RCB,Rajiv Gandhi Intl. Cricket Stadium,05 April 2017,34,2,3,52
61,62,Hashim Amla,GL,IS Bindra Stadium,07 May 2017,35,5,8,104
62,63,Manan Vohra,SRH,Rajiv Gandhi Intl. Cricket Stadium,17 April 2017,35,5,9,95
63,64,Robin Uthappa,GL,Eden Gardens,21 April 2017,35,2,8,72
64,65,Vijay Shankar,GL,Green Park,13 May 2017,35,0,9,63
65,66,Gautam Gambhir,RPS,Maharashtra Cricket Association's International Stadium,26 April 2017,35,1,6,62
66,67,Dinesh Karthik,KXIP,Saurashtra Cricket Association Stadium,23 April 2017,35,0,6,58
67,68,Steve Smith,KKR,Maharashtra Cricket Association's International Stadium,26 April 2017,35,1,4,51
68,69,Shaun Marsh,SRH,IS Bindra Stadium,28 April 2017,36,2,14,84
69,70,Brendon McCullum,MI,Wankhede Stadium,16 April 2017,36,3,6,64
70,71,Shikhar Dhawan,MI,Rajiv Gandhi Intl. Cricket Stadium,08 May 2017,36,2,4,62
71,72,Sam Billings,KXIP,Feroz Shah Kotla Ground,15 April 2017,36,0,9,55
72,73,Steve Smith,MI,Maharashtra Cricket Association's International Stadium,06 April 2017,37,3,7,84
73,74,Manish Pandey,MI,Wankhede Stadium,09 April 2017,37,5,5,81
74,75,Manish Pandey,DC,Feroz Shah Kotla Ground,17 April 2017,37,3,4,69
75,76,Lendl Simmons,DC,Feroz Shah Kotla Ground,06 May 2017,37,4,5,66
76,77,Karun Nair,RPS,Feroz Shah Kotla Ground,12 May 2017,37,0,9,64
77,78,Shaun Marsh,GL,IS Bindra Stadium,07 May 2017,37,0,6,58
78,79,Parthiv Patel,RPS,Wankhede Stadium,16 May 2017,37,3,3,52
79,80,Ben Stokes,GL,Maharashtra Cricket Association's International Stadium,01 May 2017,38,6,7,103
80,81,Moises Henriques,GL,Rajiv Gandhi Intl. Cricket Stadium,09 April 2017,38,0,6,52
81,82,Gautam Gambhir,DC,Eden Gardens,28 April 2017,39,0,11,71
82,83,Virat Kohli,MI,M. Chinnaswamy Stadium,14 April 2017,39,2,5,62
83,84,Virat Kohli,DC,Feroz Shah Kotla Ground,14 May 2017,39,3,3,58
84,85,Ajinkya Rahane,MI,Wankhede Stadium,16 May 2017,39,1,5,56
85,86,Shikhar Dhawan,DC,Rajiv Gandhi Intl. Cricket Stadium,19 April 2017,40,1,7,70
86,87,Manoj Tiwary,DC,Feroz Shah Kotla Ground,12 May 2017,40,3,5,60
87,88,Chris Morris,MI,Wankhede Stadium,22 April 2017,40,1,5,52
88,89,Sanju Samson,RPS,Maharashtra Cricket Association's International Stadium,11 April 2017,41,5,8,102
89,90,Travis Head,KKR,M. Chinnaswamy Stadium,07 May 2017,41,5,3,75
90,91,Kieron Pollard,RCB,M. Chinnaswamy Stadium,14 April 2017,41,5,3,70
91,92,David Warner,GL,Green Park,13 May 2017,41,0,9,69
92,93,Suresh Raina,KKR,Saurashtra Cricket Association Stadium,07 April 2017,41,0,7,68
93,94,Mandeep Singh,KKR,M. Chinnaswamy Stadium,07 May 2017,41,1,4,52
94,95,Virat Kohli,RPS,Maharashtra Cricket Association's International Stadium,29 April 2017,42,1,4,55
95,96,Saurabh Tiwary,KKR,Eden Gardens,13 May 2017,42,0,9,52
96,97,Virat Kohli,GL,Saurashtra Cricket Association Stadium,18 April 2017,43,1,7,64
97,98,David Warner,KXIP,Rajiv Gandhi Intl. Cricket Stadium,17 April 2017,45,2,7,70
98,99,Manoj Tiwary,MI,Wankhede Stadium,16 May 2017,45,2,4,58
99,100,Steve Smith,MI,Rajiv Gandhi Intl. Cricket Stadium,21 May 2017,49,2,2,51
