,POS,PLAYER,"
                                Speed (km/h)
                            "
0,1,Pat Cummins,153.56
1,2,Lockie Ferguson,150.90
2,3,Kagiso Rabada,150.67
3,4,Billy Stanlake,150.57
4,5,Pat Cummins,150.48
5,6,Pat Cummins,150.44
6,7,Tymal Mills,150.37
7,8,Kagiso Rabada,150.21
8,9,Pat Cummins,150.17
9,10,Varun Aaron,150.12
10,11,Chris Morris,149.94
11,12,Kagiso Rabada,149.94
12,13,Pat Cummins,149.80
13,14,Pat Cummins,149.69
14,15,Pat Cummins,149.45
15,16,Lockie Ferguson,149.40
16,17,Lockie Ferguson,149.38
17,18,Pat Cummins,149.37
18,19,Pat Cummins,149.33
19,20,Pat Cummins,149.32
20,21,Chris Morris,149.06
21,22,Lockie Ferguson,149.03
22,23,Pat Cummins,148.91
23,24,Billy Stanlake,148.85
24,25,Pat Cummins,148.83
25,26,Pat Cummins,148.76
26,27,Pat Cummins,148.72
27,28,Pat Cummins,148.70
28,29,Kagiso Rabada,148.68
29,30,Kagiso Rabada,148.67
30,31,Pat Cummins,148.63
31,32,Pat Cummins,148.61
32,33,Pat Cummins,148.60
33,34,Pat Cummins,148.58
34,35,Pat Cummins,148.55
35,36,Pat Cummins,148.55
36,37,Billy Stanlake,148.52
37,38,Pat Cummins,148.43
38,39,Pat Cummins,148.43
39,40,Pat Cummins,148.37
40,41,Kagiso Rabada,148.36
41,42,Pat Cummins,148.35
42,43,Kagiso Rabada,148.34
43,44,Chris Morris,148.29
44,45,Billy Stanlake,148.29
45,46,Pat Cummins,148.27
46,47,Pat Cummins,148.23
47,48,Pat Cummins,148.14
48,49,Billy Stanlake,148.13
49,50,Tymal Mills,148.09
50,51,Nathan Coulter-Nile,148.06
51,52,Chris Morris,148.02
52,53,Kagiso Rabada,147.96
53,54,Pat Cummins,147.96
54,55,Varun Aaron,147.95
55,56,Lockie Ferguson,147.92
56,57,Pat Cummins,147.91
57,58,Kagiso Rabada,147.88
58,59,Tymal Mills,147.86
59,60,Kagiso Rabada,147.82
60,61,Pat Cummins,147.80
61,62,Billy Stanlake,147.77
62,63,Pat Cummins,147.75
63,64,Lockie Ferguson,147.74
64,65,Billy Stanlake,147.74
65,66,Umesh Yadav,147.73
66,67,Kagiso Rabada,147.73
67,68,Pat Cummins,147.72
68,69,Pat Cummins,147.72
69,70,Kagiso Rabada,147.69
70,71,Pat Cummins,147.68
71,72,Ishant Sharma,147.66
72,73,Kagiso Rabada,147.65
73,74,Pat Cummins,147.65
74,75,Pat Cummins,147.64
75,76,Chris Morris,147.64
76,77,Chris Morris,147.64
77,78,Pat Cummins,147.59
78,79,Pat Cummins,147.58
79,80,Pat Cummins,147.57
80,81,Nathan Coulter-Nile,147.55
81,82,Kagiso Rabada,147.53
82,83,Lockie Ferguson,147.53
83,84,Nathan Coulter-Nile,147.53
84,85,Billy Stanlake,147.51
85,86,Kagiso Rabada,147.48
86,87,Umesh Yadav,147.48
87,88,Pat Cummins,147.45
88,89,Pat Cummins,147.44
89,90,Kagiso Rabada,147.42
90,91,Lockie Ferguson,147.42
91,92,Kagiso Rabada,147.41
92,93,Kagiso Rabada,147.41
93,94,Pat Cummins,147.41
94,95,Pat Cummins,147.38
95,96,Nathan Coulter-Nile,147.34
96,97,Billy Stanlake,147.29
97,98,Billy Stanlake,147.27
98,99,Billy Stanlake,147.25
99,100,Varun Aaron,147.20
