,POS,PLAYER,"
                                Against
                            ","
                                Venue
                            ","
                                Match Date
                            ","
                                BF
                            ","
                                6s
                            ","
                                4s
                            ","
                                Runs
                            "
0,1,David Warner,KKR,Rajiv Gandhi Intl. Cricket Stadium,30 April 2017,43,8,10,126
1,2,Hashim Amla,MI,Holkar Cricket Stadium,20 April 2017,58,6,8,104
2,3,Hashim Amla,GL,IS Bindra Stadium,07 May 2017,59,5,8,104
3,4,Ben Stokes,GL,Maharashtra Cricket Association's International Stadium,01 May 2017,61,6,7,103
4,5,Sanju Samson,RPS,Maharashtra Cricket Association's International Stadium,11 April 2017,62,5,8,102
