,POS,PLAYER,"
                                HS
                            ","
                                BF
                            ","
                                4s
                            ","
                                6s
                            ","
                                SR
                            ","
                                Against
                            ","
                                Venue
                            ","
                                Match Date
                            "
0,1,David Warner,126,59,10,8,213.55,KKR,Rajiv Gandhi Intl. Cricket Stadium,30 April 2017
1,2,Hashim Amla,104*,60,8,6,173.33,MI,Holkar Cricket Stadium,20 April 2017
2,3,Hashim Amla,104,60,8,5,173.33,GL,IS Bindra Stadium,07 May 2017
3,4,Ben Stokes,103*,63,7,6,163.49,GL,Maharashtra Cricket Association's International Stadium,01 May 2017
4,5,Sanju Samson,102,63,8,5,161.90,RPS,Maharashtra Cricket Association's International Stadium,11 April 2017
5,6,Rishabh Pant,97,43,6,9,225.58,GL,Feroz Shah Kotla Ground,04 May 2017
6,7,Shreyas Iyer,96,57,15,2,168.42,GL,Green Park,10 May 2017
7,8,Manan Vohra,95,50,9,5,190.00,SRH,Rajiv Gandhi Intl. Cricket Stadium,17 April 2017
8,9,Chris Lynn,93*,41,6,8,226.82,GL,Saurashtra Cricket Association Stadium,07 April 2017
9,10,Wriddhiman Saha,93*,55,11,3,169.09,MI,Wankhede Stadium,11 May 2017
10,11,Rahul Tripathi,93,52,9,7,178.84,KKR,Eden Gardens,03 May 2017
11,12,AB de Villiers,89*,46,3,9,193.47,KXIP,Holkar Cricket Stadium,10 April 2017
12,13,Kane Williamson,89,51,6,5,174.50,DC,Rajiv Gandhi Intl. Cricket Stadium,19 April 2017
13,14,Robin Uthappa,87,47,7,6,185.10,RPS,Maharashtra Cricket Association's International Stadium,26 April 2017
14,15,Steve Smith,84*,54,7,3,155.55,MI,Maharashtra Cricket Association's International Stadium,06 April 2017
15,16,Suresh Raina,84,46,9,4,182.60,KKR,Eden Gardens,21 April 2017
16,17,Shaun Marsh,84,50,14,2,168.00,SRH,IS Bindra Stadium,28 April 2017
17,18,Chris Lynn,84,52,8,3,161.53,KXIP,IS Bindra Stadium,09 May 2017
18,19,Manish Pandey,81*,47,5,5,172.34,MI,Wankhede Stadium,09 April 2017
19,20,Jos Buttler,77,37,7,5,208.10,KXIP,Holkar Cricket Stadium,20 April 2017
20,21,Chris Gayle,77,38,5,7,202.63,GL,Saurashtra Cricket Association Stadium,18 April 2017
21,22,Suresh Raina,77,43,5,4,179.06,DC,Feroz Shah Kotla Ground,04 May 2017
22,23,Shikhar Dhawan,77,48,9,1,160.41,KXIP,IS Bindra Stadium,28 April 2017
23,24,David Warner,76*,45,6,4,168.88,GL,Rajiv Gandhi Intl. Cricket Stadium,09 April 2017
24,25,Gautam Gambhir,76*,48,12,0,158.33,GL,Saurashtra Cricket Association Stadium,07 April 2017
25,26,Travis Head,75*,47,3,5,159.57,KKR,M. Chinnaswamy Stadium,07 May 2017
26,27,Dwayne Smith,74,39,8,4,189.74,KXIP,IS Bindra Stadium,07 May 2017
27,28,Gautam Gambhir,72*,49,11,0,146.93,KXIP,Eden Gardens,13 April 2017
28,29,Aaron Finch,72,34,5,6,211.76,RCB,M. Chinnaswamy Stadium,27 April 2017
29,30,Brendon McCullum,72,44,2,7,163.63,RCB,Saurashtra Cricket Association Stadium,18 April 2017
30,31,Robin Uthappa,72,48,8,2,150.00,GL,Eden Gardens,21 April 2017
31,32,Gautam Gambhir,71*,52,11,0,136.53,DC,Eden Gardens,28 April 2017
32,33,Yuvraj Singh,70*,41,11,1,170.73,DC,Feroz Shah Kotla Ground,02 May 2017
33,34,David Warner,70*,54,7,2,129.62,KXIP,Rajiv Gandhi Intl. Cricket Stadium,17 April 2017
34,35,Parthiv Patel,70,44,9,1,159.09,GL,Saurashtra Cricket Association Stadium,29 April 2017
35,36,Kieron Pollard,70,47,3,5,148.93,RCB,M. Chinnaswamy Stadium,14 April 2017
36,37,Shikhar Dhawan,70,50,7,1,140.00,DC,Rajiv Gandhi Intl. Cricket Stadium,19 April 2017
37,38,Manish Pandey,69*,49,4,3,140.81,DC,Feroz Shah Kotla Ground,17 April 2017
38,39,David Warner,69*,52,9,0,132.69,GL,Green Park,13 May 2017
39,40,Kedar Jadhav,69,37,5,5,186.48,DC,M. Chinnaswamy Stadium,08 April 2017
40,41,Aaron Finch,69,39,6,4,176.92,DC,Green Park,10 May 2017
41,42,Suresh Raina,68*,51,7,0,133.33,KKR,Saurashtra Cricket Association Stadium,07 April 2017
42,43,Robin Uthappa,68,39,5,4,174.35,SRH,Eden Gardens,15 April 2017
43,44,Rohit Sharma,67,45,6,2,148.88,SRH,Rajiv Gandhi Intl. Cricket Stadium,08 May 2017
44,45,Lendl Simmons,66,43,5,4,153.48,DC,Feroz Shah Kotla Ground,06 May 2017
45,46,Dinesh Karthik,65,34,5,5,191.17,DC,Feroz Shah Kotla Ground,04 May 2017
46,47,Hashim Amla,65,40,9,2,162.50,GL,Saurashtra Cricket Association Stadium,23 April 2017
47,48,Brendon McCullum,64,44,6,3,145.45,MI,Wankhede Stadium,16 April 2017
48,49,Karun Nair,64,45,9,0,142.22,RPS,Feroz Shah Kotla Ground,12 May 2017
49,50,Virat Kohli,64,50,7,1,128.00,GL,Saurashtra Cricket Association Stadium,18 April 2017
50,51,Kieron Pollard,63*,35,5,4,180.00,DC,Feroz Shah Kotla Ground,06 May 2017
51,52,Vijay Shankar,63*,44,9,0,143.18,GL,Green Park,13 May 2017
52,53,Ambati Rayudu,63,37,6,3,170.27,KKR,Eden Gardens,13 May 2017
53,54,Nitish Rana,62*,34,0,7,182.35,KXIP,Holkar Cricket Stadium,20 April 2017
54,55,Shikhar Dhawan,62*,46,4,2,134.78,MI,Rajiv Gandhi Intl. Cricket Stadium,08 May 2017
55,56,Yuvraj Singh,62,27,7,3,229.62,RCB,Rajiv Gandhi Intl. Cricket Stadium,05 April 2017
56,57,Gautam Gambhir,62,46,6,1,134.78,RPS,Maharashtra Cricket Association's International Stadium,26 April 2017
57,58,Virat Kohli,62,47,5,2,131.91,MI,M. Chinnaswamy Stadium,14 April 2017
58,59,MS Dhoni,61*,34,5,3,179.41,SRH,Maharashtra Cricket Association's International Stadium,22 April 2017
59,60,Sanju Samson,61,31,0,7,196.77,GL,Feroz Shah Kotla Ground,04 May 2017
60,61,Ishan Kishan,61,40,5,4,152.50,SRH,Green Park,13 May 2017
61,62,Ajinkya Rahane,60,34,6,3,176.47,MI,Maharashtra Cricket Association's International Stadium,06 April 2017
62,63,Sanju Samson,60,38,4,3,157.89,KKR,Eden Gardens,28 April 2017
63,64,Manoj Tiwary,60,45,5,3,133.33,DC,Feroz Shah Kotla Ground,12 May 2017
64,65,Lendl Simmons,59,32,5,4,184.37,KXIP,Wankhede Stadium,11 May 2017
65,66,Robin Uthappa,59,33,5,4,178.78,DC,Eden Gardens,28 April 2017
66,67,Yusuf Pathan,59,39,6,2,151.28,DC,Feroz Shah Kotla Ground,17 April 2017
67,68,Rahul Tripathi,59,41,6,3,143.90,SRH,Maharashtra Cricket Association's International Stadium,22 April 2017
68,69,Hashim Amla,58*,38,4,3,152.63,RCB,Holkar Cricket Stadium,10 April 2017
69,70,Dinesh Karthik,58*,44,6,0,131.81,KXIP,Saurashtra Cricket Association Stadium,23 April 2017
70,71,Rohit Sharma,58,39,6,3,148.71,RPS,Wankhede Stadium,24 April 2017
71,72,Shaun Marsh,58,43,6,0,134.88,GL,IS Bindra Stadium,07 May 2017
72,73,Virat Kohli,58,45,3,3,128.88,DC,Feroz Shah Kotla Ground,14 May 2017
73,74,Manoj Tiwary,58,48,4,2,120.83,MI,Wankhede Stadium,16 May 2017
74,75,Rishabh Pant,57,36,3,4,158.33,RCB,M. Chinnaswamy Stadium,08 April 2017
75,76,Rohit Sharma,56*,37,6,1,151.35,RCB,Wankhede Stadium,01 May 2017
76,77,Ajinkya Rahane,56,43,5,1,130.23,MI,Wankhede Stadium,16 May 2017
77,78,Moises Henriques,55*,28,6,2,196.42,RPS,Maharashtra Cricket Association's International Stadium,22 April 2017
78,79,Sam Billings,55,40,9,0,137.50,KXIP,Feroz Shah Kotla Ground,15 April 2017
79,80,Virat Kohli,55,48,4,1,114.58,RPS,Maharashtra Cricket Association's International Stadium,29 April 2017
80,81,Kane Williamson,54*,27,4,2,200.00,KXIP,IS Bindra Stadium,28 April 2017
81,82,Sunil Narine,54,17,6,4,317.64,RCB,M. Chinnaswamy Stadium,07 May 2017
82,83,Dwayne Smith,54,33,7,2,163.63,SRH,Green Park,13 May 2017
83,84,Robin Uthappa,53,28,4,4,189.28,SRH,Rajiv Gandhi Intl. Cricket Stadium,30 April 2017
84,85,Nitish Rana,53,36,4,2,147.22,GL,Wankhede Stadium,16 April 2017
85,86,Moises Henriques,52*,39,6,0,133.33,GL,Rajiv Gandhi Intl. Cricket Stadium,09 April 2017
86,87,Chris Morris,52*,41,5,1,126.82,MI,Wankhede Stadium,22 April 2017
87,88,Moises Henriques,52,37,3,2,140.54,RCB,Rajiv Gandhi Intl. Cricket Stadium,05 April 2017
88,89,Parthiv Patel,52,40,3,3,130.00,RPS,Wankhede Stadium,16 May 2017
89,90,Mandeep Singh,52,43,4,1,120.93,KKR,M. Chinnaswamy Stadium,07 May 2017
90,91,Saurabh Tiwary,52,43,9,0,120.93,KKR,Eden Gardens,13 May 2017
91,92,Steve Smith,51*,37,4,1,137.83,KKR,Maharashtra Cricket Association's International Stadium,26 April 2017
92,93,David Warner,51,27,4,4,188.88,KXIP,IS Bindra Stadium,28 April 2017
93,94,Steve Smith,51,50,2,2,102.00,MI,Rajiv Gandhi Intl. Cricket Stadium,21 May 2017
94,95,Kieron Pollard,50*,24,1,5,208.33,KXIP,Wankhede Stadium,11 May 2017
95,96,Martin Guptill,50*,27,6,3,185.18,DC,IS Bindra Stadium,30 April 2017
96,97,Shreyas Iyer,50*,31,5,2,161.29,SRH,Rajiv Gandhi Intl. Cricket Stadium,19 April 2017
97,98,Chris Lynn,50,22,5,4,227.27,RCB,M. Chinnaswamy Stadium,07 May 2017
98,99,Nitish Rana,50,29,5,3,172.41,KKR,Wankhede Stadium,09 April 2017
99,100,Ben Stokes,50,32,2,3,156.25,KXIP,Holkar Cricket Stadium,08 April 2017
