,POS,PLAYER,"
                                Ov
                            ","
                                Maid
                            ","
                                Dots
                            ","
                                Runs
                            ","
                                Wkts
                            ","
                                SR
                            ","
                                Against
                            ","
                                Venue
                            ","
                                Match Date
                            "
0,1,Lockie Ferguson,4,1,17,7,2,12.00,RCB,Maharashtra Cricket Association's International Stadium,29 April 2017
1,2,Pawan Negi,4,0,17,21,1,24.00,GL,Saurashtra Cricket Association Stadium,18 April 2017
2,3,Samuel Badree,4,1,16,9,4,6.00,MI,M. Chinnaswamy Stadium,14 April 2017
3,4,Krunal Pandya,4,0,16,14,3,8.00,GL,Saurashtra Cricket Association Stadium,29 April 2017
4,5,Shardul Thakur,4,0,16,19,3,8.00,KXIP,Maharashtra Cricket Association's International Stadium,14 May 2017
5,6,Chris Morris,4,0,16,21,3,8.00,RCB,M. Chinnaswamy Stadium,08 April 2017
6,7,Glenn Maxwell,4,0,15,12,1,24.00,DC,IS Bindra Stadium,30 April 2017
7,8,Mohammad Nabi,4,0,15,13,1,24.00,MI,Rajiv Gandhi Intl. Cricket Stadium,08 May 2017
8,9,Washington Sundar,4,0,15,13,0,-,MI,Rajiv Gandhi Intl. Cricket Stadium,21 May 2017
9,10,Sandeep Sharma,4,0,15,22,3,8.00,RCB,M. Chinnaswamy Stadium,05 May 2017
10,11,Harbhajan Singh,4,0,15,22,3,8.00,DC,Feroz Shah Kotla Ground,06 May 2017
11,12,Sandeep Sharma,4,0,15,26,1,24.00,RCB,Holkar Cricket Stadium,10 April 2017
12,13,Jaydev Unadkat,4,1,15,28,2,12.00,KKR,Eden Gardens,03 May 2017
13,14,Jasprit Bumrah,3,1,14,7,3,6.00,KKR,M. Chinnaswamy Stadium,19 May 2017
14,15,Jaydev Unadkat,3,1,14,12,2,9.00,KXIP,Maharashtra Cricket Association's International Stadium,14 May 2017
15,16,Bhuvneshwar Kumar,4,0,14,19,5,4.80,KXIP,Rajiv Gandhi Intl. Cricket Stadium,17 April 2017
16,17,Sunil Narine,4,0,14,19,1,24.00,KXIP,Eden Gardens,13 April 2017
17,18,Sandeep Sharma,4,0,14,20,4,6.00,DC,IS Bindra Stadium,30 April 2017
18,19,Harbhajan Singh,4,0,14,23,2,12.00,SRH,Wankhede Stadium,12 April 2017
19,20,Mitchell Johnson,4,1,14,23,0,-,DC,Wankhede Stadium,22 April 2017
20,21,Karn Sharma,3.4,0,13,11,3,7.33,DC,Feroz Shah Kotla Ground,06 May 2017
21,22,Axar Patel,4,0,13,12,1,24.00,RCB,Holkar Cricket Stadium,10 April 2017
22,23,Washington Sundar,4,0,13,16,3,8.00,MI,Wankhede Stadium,16 May 2017
23,24,Ankit Soni,4,0,13,16,1,24.00,MI,Saurashtra Cricket Association Stadium,29 April 2017
24,25,Aniket Choudhary,4,1,13,17,2,12.00,KXIP,M. Chinnaswamy Stadium,05 May 2017
25,26,Chris Woakes,4,0,13,18,3,8.00,RPS,Eden Gardens,03 May 2017
26,27,Amit Mishra,4,1,13,18,2,12.00,MI,Wankhede Stadium,22 April 2017
27,28,Sunil Narine,4,0,13,20,0,-,SRH,M. Chinnaswamy Stadium,17 May 2017
28,29,Sunil Narine,4,0,13,21,0,-,MI,M. Chinnaswamy Stadium,19 May 2017
29,30,Praveen Kumar,4,0,13,22,2,12.00,SRH,Green Park,13 May 2017
30,31,Mitchell Johnson,4,0,13,28,2,12.00,KKR,M. Chinnaswamy Stadium,19 May 2017
31,32,Varun Aaron,4,0,13,28,0,-,RCB,M. Chinnaswamy Stadium,05 May 2017
32,33,Tymal Mills,4,0,13,31,2,12.00,KKR,Eden Gardens,23 April 2017
33,34,Ankit Rajpoot,4,0,13,37,3,8.00,MI,Wankhede Stadium,09 April 2017
34,35,Andrew Tye,4,0,12,12,3,8.00,RCB,M. Chinnaswamy Stadium,27 April 2017
35,36,Shahbaz Nadeem,4,0,12,13,1,24.00,RCB,M. Chinnaswamy Stadium,08 April 2017
36,37,Ben Stokes,3,0,12,10,0,-,KXIP,Maharashtra Cricket Association's International Stadium,14 May 2017
37,38,Rashid Khan,4,0,12,16,1,24.00,KXIP,IS Bindra Stadium,28 April 2017
38,39,Ankit Soni,4,0,12,16,0,-,RPS,Maharashtra Cricket Association's International Stadium,01 May 2017
39,40,Imran Tahir,4,0,12,18,3,8.00,RCB,Maharashtra Cricket Association's International Stadium,29 April 2017
40,41,Pawan Negi,4,0,12,18,1,24.00,RPS,Maharashtra Cricket Association's International Stadium,29 April 2017
41,42,Karn Sharma,4,0,12,18,0,-,RPS,Rajiv Gandhi Intl. Cricket Stadium,21 May 2017
42,43,Umesh Yadav,4,0,12,21,2,12.00,SRH,M. Chinnaswamy Stadium,17 May 2017
43,44,Yuzvendra Chahal,4,0,12,21,2,12.00,KXIP,M. Chinnaswamy Stadium,05 May 2017
44,45,Shane Watson,4,0,12,21,1,24.00,DC,M. Chinnaswamy Stadium,08 April 2017
45,46,Nathan Coulter-Nile,4,0,12,22,3,8.00,DC,Feroz Shah Kotla Ground,17 April 2017
46,47,Axar Patel,4,0,12,22,2,12.00,DC,IS Bindra Stadium,30 April 2017
47,48,Sunil Narine,4,0,12,22,1,24.00,MI,Wankhede Stadium,09 April 2017
48,49,Kuldeep Yadav,4,0,12,23,1,24.00,SRH,Eden Gardens,15 April 2017
49,50,Mitchell McClenaghan,4,0,12,24,2,12.00,GL,Wankhede Stadium,16 April 2017
50,51,Jaydev Unadkat,4,0,12,25,2,12.00,RCB,M. Chinnaswamy Stadium,16 April 2017
51,52,Mohammed Siraj,4,0,12,26,2,12.00,KKR,Rajiv Gandhi Intl. Cricket Stadium,30 April 2017
52,53,Billy Stanlake,4,0,12,29,2,12.00,DC,M. Chinnaswamy Stadium,08 April 2017
53,54,Jaydev Unadkat,4,1,12,30,5,4.80,SRH,Rajiv Gandhi Intl. Cricket Stadium,06 May 2017
54,55,Trent Boult,4,0,12,30,2,12.00,MI,Eden Gardens,13 May 2017
55,56,Kagiso Rabada,4,0,12,30,1,24.00,MI,Wankhede Stadium,22 April 2017
56,57,Imran Tahir,4,0,12,32,1,24.00,MI,Wankhede Stadium,24 April 2017
57,58,Umesh Yadav,4,0,12,36,3,8.00,RCB,M. Chinnaswamy Stadium,07 May 2017
58,59,Yuzvendra Chahal,4,0,12,39,1,24.00,KKR,M. Chinnaswamy Stadium,07 May 2017
59,60,Karn Sharma,4,0,11,16,4,6.00,KKR,M. Chinnaswamy Stadium,19 May 2017
60,61,Shane Watson,4,0,11,16,1,24.00,DC,Feroz Shah Kotla Ground,14 May 2017
61,62,Ben Stokes,4,0,11,18,3,8.00,RCB,M. Chinnaswamy Stadium,16 April 2017
62,63,Rashid Khan,4,0,11,19,3,8.00,GL,Rajiv Gandhi Intl. Cricket Stadium,09 April 2017
63,64,Rashid Khan,4,0,11,19,1,24.00,MI,Wankhede Stadium,12 April 2017
64,65,Bhuvneshwar Kumar,4,0,11,20,3,8.00,KKR,Eden Gardens,15 April 2017
65,66,Mitchell McClenaghan,4,0,11,20,2,12.00,RCB,M. Chinnaswamy Stadium,14 April 2017
66,67,Chris Woakes,4,0,11,20,2,12.00,KXIP,IS Bindra Stadium,09 May 2017
67,68,Umesh Yadav,3,0,11,15,1,18.00,RCB,Eden Gardens,23 April 2017
68,69,Bhuvneshwar Kumar,4,0,11,21,3,8.00,MI,Wankhede Stadium,12 April 2017
69,70,Jasprit Bumrah,4,0,11,21,2,12.00,DC,Wankhede Stadium,22 April 2017
70,71,Varun Aaron,4,0,11,21,2,12.00,RCB,Holkar Cricket Stadium,10 April 2017
71,72,Lasith Malinga,4,0,11,21,0,-,RPS,Rajiv Gandhi Intl. Cricket Stadium,21 May 2017
72,73,Rashid Khan,4,0,11,22,1,24.00,MI,Rajiv Gandhi Intl. Cricket Stadium,08 May 2017
73,74,Harbhajan Singh,4,0,11,23,1,24.00,GL,Saurashtra Cricket Association Stadium,29 April 2017
74,75,Avesh Khan,4,0,11,23,1,24.00,DC,Feroz Shah Kotla Ground,14 May 2017
75,76,Harbhajan Singh,4,0,11,23,0,-,RCB,M. Chinnaswamy Stadium,14 April 2017
76,77,Mitchell McClenaghan,4,0,11,24,3,8.00,DC,Wankhede Stadium,22 April 2017
77,78,Imran Tahir,4,0,11,24,1,24.00,SRH,Rajiv Gandhi Intl. Cricket Stadium,06 May 2017
78,79,Siddarth Kaul,4,0,11,26,2,12.00,KKR,Rajiv Gandhi Intl. Cricket Stadium,30 April 2017
79,80,Jayant Yadav,4,0,11,26,0,-,SRH,Feroz Shah Kotla Ground,02 May 2017
80,81,Bhuvneshwar Kumar,4,0,11,27,2,12.00,RCB,Rajiv Gandhi Intl. Cricket Stadium,05 April 2017
81,82,Nathan Coulter-Nile,3,0,11,21,3,6.00,RCB,Eden Gardens,23 April 2017
82,83,Kagiso Rabada,4,0,11,28,2,12.00,GL,Feroz Shah Kotla Ground,04 May 2017
83,84,Shahbaz Nadeem,3,0,11,21,1,18.00,RPS,Feroz Shah Kotla Ground,12 May 2017
84,85,Mohammad Nabi,4,0,11,28,1,24.00,KXIP,Rajiv Gandhi Intl. Cricket Stadium,17 April 2017
85,86,Ben Stokes,4,0,11,30,3,8.00,SRH,Rajiv Gandhi Intl. Cricket Stadium,06 May 2017
86,87,Mitchell Johnson,4,0,11,30,1,24.00,KKR,Eden Gardens,13 May 2017
87,88,Pat Cummins,4,0,11,31,1,24.00,RPS,Feroz Shah Kotla Ground,12 May 2017
88,89,Basil Thampi,4,0,11,31,1,24.00,RCB,Saurashtra Cricket Association Stadium,18 April 2017
89,90,Mohammed Shami,4,0,11,31,0,-,RCB,Feroz Shah Kotla Ground,14 May 2017
90,91,Umesh Yadav,4,0,11,33,4,6.00,KXIP,Eden Gardens,13 April 2017
91,92,Nathan Coulter-Nile,4,0,11,34,3,8.00,DC,Eden Gardens,28 April 2017
92,93,Ashish Nehra,4,0,11,35,1,24.00,KKR,Eden Gardens,15 April 2017
93,94,Chris Woakes,2,0,10,6,3,4.00,RCB,Eden Gardens,23 April 2017
94,95,Amit Mishra,3,0,10,11,3,6.00,RPS,Maharashtra Cricket Association's International Stadium,11 April 2017
95,96,Yuzvendra Chahal,4,0,10,16,3,8.00,KKR,Eden Gardens,23 April 2017
96,97,Andrew Tye,4,0,10,17,5,4.80,RPS,Saurashtra Cricket Association Stadium,14 April 2017
97,98,Rashid Khan,4,0,10,17,1,24.00,RPS,Maharashtra Cricket Association's International Stadium,22 April 2017
98,99,Sunil Narine,4,0,10,18,1,24.00,SRH,Eden Gardens,15 April 2017
99,100,Rahul Tewatia,3,0,10,14,0,-,RPS,Maharashtra Cricket Association's International Stadium,14 May 2017
