,POS,PLAYER,"
                                Runs
                            ","
                                BF
                            ","
                                4s
                            ","
                                6s
                            ","
                                SR
                            ","
                                Against
                            ","
                                Venue
                            ","
                                Match Date
                            "
0,1,Rishabh Pant,97,43,6,9,225.58,GL,Feroz Shah Kotla Ground,04 May 2017
1,2,AB de Villiers,89,46,3,9,193.47,KXIP,Holkar Cricket Stadium,10 April 2017
2,3,Chris Lynn,93,41,6,8,226.82,GL,Saurashtra Cricket Association Stadium,07 April 2017
3,4,David Warner,126,59,10,8,213.55,KKR,Rajiv Gandhi Intl. Cricket Stadium,30 April 2017
4,5,Chris Gayle,77,38,5,7,202.63,GL,Saurashtra Cricket Association Stadium,18 April 2017
5,6,Sanju Samson,61,31,0,7,196.77,GL,Feroz Shah Kotla Ground,04 May 2017
6,7,Nitish Rana,62,34,0,7,182.35,KXIP,Holkar Cricket Stadium,20 April 2017
7,8,Rahul Tripathi,93,52,9,7,178.84,KKR,Eden Gardens,03 May 2017
8,9,Brendon McCullum,72,44,2,7,163.63,RCB,Saurashtra Cricket Association Stadium,18 April 2017
9,10,Aaron Finch,72,34,5,6,211.76,RCB,M. Chinnaswamy Stadium,27 April 2017
10,11,Robin Uthappa,87,47,7,6,185.10,RPS,Maharashtra Cricket Association's International Stadium,26 April 2017
11,12,Hashim Amla,104,60,8,6,173.33,MI,Holkar Cricket Stadium,20 April 2017
12,13,Ben Stokes,103,63,7,6,163.49,GL,Maharashtra Cricket Association's International Stadium,01 May 2017
13,14,Glenn Maxwell,47,21,2,5,223.80,MI,Wankhede Stadium,11 May 2017
14,15,Kieron Pollard,50,24,1,5,208.33,KXIP,Wankhede Stadium,11 May 2017
15,16,Jos Buttler,77,37,7,5,208.10,KXIP,Holkar Cricket Stadium,20 April 2017
16,17,Dinesh Karthik,65,34,5,5,191.17,DC,Feroz Shah Kotla Ground,04 May 2017
17,18,Manan Vohra,95,50,9,5,190.00,SRH,Rajiv Gandhi Intl. Cricket Stadium,17 April 2017
18,19,Kedar Jadhav,69,37,5,5,186.48,DC,M. Chinnaswamy Stadium,08 April 2017
19,20,Kane Williamson,89,51,6,5,174.50,DC,Rajiv Gandhi Intl. Cricket Stadium,19 April 2017
20,21,Hashim Amla,104,60,8,5,173.33,GL,IS Bindra Stadium,07 May 2017
21,22,Manish Pandey,81,47,5,5,172.34,MI,Wankhede Stadium,09 April 2017
22,23,Sanju Samson,102,63,8,5,161.90,RPS,Maharashtra Cricket Association's International Stadium,11 April 2017
23,24,Travis Head,75,47,3,5,159.57,KKR,M. Chinnaswamy Stadium,07 May 2017
24,25,MS Dhoni,40,26,0,5,153.84,MI,Wankhede Stadium,16 May 2017
25,26,Kieron Pollard,70,47,3,5,148.93,RCB,M. Chinnaswamy Stadium,14 April 2017
26,27,Sunil Narine,54,17,6,4,317.64,RCB,M. Chinnaswamy Stadium,07 May 2017
27,28,Ishan Kishan,39,16,2,4,243.75,RCB,Saurashtra Cricket Association Stadium,18 April 2017
28,29,Rishabh Pant,38,16,2,4,237.50,KKR,Feroz Shah Kotla Ground,17 April 2017
29,30,Hardik Pandya,35,15,1,4,233.33,RPS,Maharashtra Cricket Association's International Stadium,06 April 2017
30,31,Hardik Pandya,30,13,0,4,230.76,KXIP,Wankhede Stadium,11 May 2017
31,32,Chris Lynn,50,22,5,4,227.27,RCB,M. Chinnaswamy Stadium,07 May 2017
32,33,Glenn Maxwell,44,20,2,4,220.00,RPS,Holkar Cricket Stadium,08 April 2017
33,34,Glenn Maxwell,43,22,3,4,195.45,RCB,Holkar Cricket Stadium,10 April 2017
34,35,Dwayne Smith,74,39,8,4,189.74,KXIP,IS Bindra Stadium,07 May 2017
35,36,Robin Uthappa,53,28,4,4,189.28,SRH,Rajiv Gandhi Intl. Cricket Stadium,30 April 2017
36,37,David Warner,51,27,4,4,188.88,KXIP,IS Bindra Stadium,28 April 2017
37,38,Lendl Simmons,59,32,5,4,184.37,KXIP,Wankhede Stadium,11 May 2017
38,39,Suresh Raina,84,46,9,4,182.60,KKR,Eden Gardens,21 April 2017
39,40,Kieron Pollard,63,35,5,4,180.00,DC,Feroz Shah Kotla Ground,06 May 2017
40,41,Suresh Raina,77,43,5,4,179.06,DC,Feroz Shah Kotla Ground,04 May 2017
41,42,Robin Uthappa,59,33,5,4,178.78,DC,Eden Gardens,28 April 2017
42,43,Aaron Finch,69,39,6,4,176.92,DC,Green Park,10 May 2017
43,44,Glenn Maxwell,44,25,1,4,176.00,KKR,IS Bindra Stadium,09 May 2017
44,45,Robin Uthappa,68,39,5,4,174.35,SRH,Eden Gardens,15 April 2017
45,46,David Warner,76,45,6,4,168.88,GL,Rajiv Gandhi Intl. Cricket Stadium,09 April 2017
46,47,Rishabh Pant,57,36,3,4,158.33,RCB,M. Chinnaswamy Stadium,08 April 2017
47,48,Lendl Simmons,66,43,5,4,153.48,DC,Feroz Shah Kotla Ground,06 May 2017
48,49,Ishan Kishan,61,40,5,4,152.50,SRH,Green Park,13 May 2017
49,50,Chris Morris,38,9,4,3,422.22,RPS,Maharashtra Cricket Association's International Stadium,11 April 2017
50,51,Yusuf Pathan,20,7,0,3,285.71,MI,Eden Gardens,13 May 2017
51,52,Yuvraj Singh,62,27,7,3,229.62,RCB,Rajiv Gandhi Intl. Cricket Stadium,05 April 2017
52,53,Glenn Maxwell,40,18,4,3,222.22,MI,Holkar Cricket Stadium,20 April 2017
53,54,Hardik Pandya,29,14,1,3,207.14,DC,Feroz Shah Kotla Ground,06 May 2017
54,55,Sunil Narine,37,18,4,3,205.55,KXIP,Eden Gardens,13 April 2017
55,56,Jos Buttler,38,19,3,3,200.00,RPS,Maharashtra Cricket Association's International Stadium,06 April 2017
56,57,Martin Guptill,50,27,6,3,185.18,DC,IS Bindra Stadium,30 April 2017
57,58,Krunal Pandya,37,20,3,3,185.00,SRH,Wankhede Stadium,12 April 2017
58,59,MS Dhoni,61,34,5,3,179.41,SRH,Maharashtra Cricket Association's International Stadium,22 April 2017
59,60,Corey Anderson,39,22,3,3,177.27,KXIP,Feroz Shah Kotla Ground,15 April 2017
60,61,Ajinkya Rahane,60,34,6,3,176.47,MI,Maharashtra Cricket Association's International Stadium,06 April 2017
61,62,Nitish Rana,50,29,5,3,172.41,KKR,Wankhede Stadium,09 April 2017
62,63,Glenn Maxwell,31,18,1,3,172.22,GL,Saurashtra Cricket Association Stadium,23 April 2017
63,64,Corey Anderson,41,24,2,3,170.83,SRH,Feroz Shah Kotla Ground,02 May 2017
64,65,Ambati Rayudu,63,37,6,3,170.27,KKR,Eden Gardens,13 May 2017
65,66,Kieron Pollard,39,23,2,3,169.56,GL,Wankhede Stadium,16 April 2017
66,67,Wriddhiman Saha,93,55,11,3,169.09,MI,Wankhede Stadium,11 May 2017
67,68,Chris Lynn,84,52,8,3,161.53,KXIP,IS Bindra Stadium,09 May 2017
68,69,AB de Villiers,43,27,3,3,159.25,MI,Wankhede Stadium,01 May 2017
69,70,Sanju Samson,60,38,4,3,157.89,KKR,Eden Gardens,28 April 2017
70,71,Ben Stokes,50,32,2,3,156.25,KXIP,Holkar Cricket Stadium,08 April 2017
71,72,Ben Stokes,39,25,1,3,156.00,SRH,Rajiv Gandhi Intl. Cricket Stadium,06 May 2017
72,73,Steve Smith,84,54,7,3,155.55,MI,Maharashtra Cricket Association's International Stadium,06 April 2017
73,74,Brendon McCullum,49,32,5,3,153.12,RPS,Saurashtra Cricket Association Stadium,14 April 2017
74,75,Hashim Amla,58,38,4,3,152.63,RCB,Holkar Cricket Stadium,10 April 2017
75,76,Chris Gayle,32,21,2,3,152.38,SRH,Rajiv Gandhi Intl. Cricket Stadium,05 April 2017
76,77,Pawan Negi,35,23,1,3,152.17,MI,Wankhede Stadium,01 May 2017
77,78,Axar Patel,44,29,1,3,151.72,DC,Feroz Shah Kotla Ground,15 April 2017
78,79,Rohit Sharma,58,39,6,3,148.71,RPS,Wankhede Stadium,24 April 2017
79,80,Brendon McCullum,64,44,6,3,145.45,MI,Wankhede Stadium,16 April 2017
80,81,Rahul Tripathi,59,41,6,3,143.90,SRH,Maharashtra Cricket Association's International Stadium,22 April 2017
81,82,Manish Pandey,69,49,4,3,140.81,DC,Feroz Shah Kotla Ground,17 April 2017
82,83,Manoj Tiwary,60,45,5,3,133.33,DC,Feroz Shah Kotla Ground,12 May 2017
83,84,Parthiv Patel,52,40,3,3,130.00,RPS,Wankhede Stadium,16 May 2017
84,85,Virat Kohli,58,45,3,3,128.88,DC,Feroz Shah Kotla Ground,14 May 2017
85,86,Chris Gayle,48,38,3,3,126.31,DC,Feroz Shah Kotla Ground,14 May 2017
86,87,Suresh Raina,23,8,2,2,287.50,RCB,Saurashtra Cricket Association Stadium,18 April 2017
87,88,Dan Christian,16,6,0,2,266.66,KKR,Maharashtra Cricket Association's International Stadium,26 April 2017
88,89,Ben Cutting,16,6,0,2,266.66,RCB,Rajiv Gandhi Intl. Cricket Stadium,05 April 2017
89,90,Hardik Pandya,29,11,3,2,263.63,KKR,Wankhede Stadium,09 April 2017
90,91,Ravindra Jadeja,18,7,0,2,257.14,DC,Feroz Shah Kotla Ground,04 May 2017
91,92,Manoj Tiwary,27,11,3,2,245.45,RCB,M. Chinnaswamy Stadium,16 April 2017
92,93,Kedar Jadhav,38,16,5,2,237.50,GL,Saurashtra Cricket Association Stadium,18 April 2017
93,94,Deepak Chahar,14,6,0,2,233.33,DC,Maharashtra Cricket Association's International Stadium,11 April 2017
94,95,Axar Patel,38,17,3,2,223.52,RCB,M. Chinnaswamy Stadium,05 May 2017
95,96,MS Dhoni,23,11,1,2,209.09,KKR,Maharashtra Cricket Association's International Stadium,26 April 2017
96,97,Andrew Tye,25,12,2,2,208.33,MI,Saurashtra Cricket Association Stadium,29 April 2017
97,98,Aaron Finch,31,15,4,2,206.66,KKR,Eden Gardens,21 April 2017
98,99,Parthiv Patel,37,18,4,2,205.55,KXIP,Holkar Cricket Stadium,20 April 2017
99,100,Kane Williamson,54,27,4,2,200.00,KXIP,IS Bindra Stadium,28 April 2017
