,POS,PLAYER,"
                                Runs
                            ","
                                BF
                            ","
                                4s
                            ","
                                6s
                            ","
                                SR
                            ","
                                Against
                            ","
                                Venue
                            ","
                                Match Date
                            "
0,1,Hardik Pandya,28,6,1,4,466.66,RPS,Maharashtra Cricket Association's International Stadium,06 April 2017
1,2,Glenn Maxwell,27,6,2,3,450.00,MI,Holkar Cricket Stadium,20 April 2017
2,3,Rishabh Pant,26,6,2,3,433.33,KKR,Feroz Shah Kotla Ground,17 April 2017
3,4,Sunil Narine,25,6,1,3,416.66,RCB,M. Chinnaswamy Stadium,07 May 2017
4,5,Sunil Narine,24,6,4,1,400.00,RCB,M. Chinnaswamy Stadium,07 May 2017
5,6,Kedar Jadhav,24,6,2,2,400.00,DC,M. Chinnaswamy Stadium,08 April 2017
6,7,Chris Lynn,23,6,1,3,383.33,GL,Saurashtra Cricket Association Stadium,07 April 2017
7,8,Chris Morris,22,5,2,2,440.00,RPS,Maharashtra Cricket Association's International Stadium,11 April 2017
8,9,Rishabh Pant,22,5,1,3,440.00,GL,Feroz Shah Kotla Ground,04 May 2017
9,10,Manish Pandey,21,6,2,2,350.00,MI,Wankhede Stadium,09 April 2017
10,11,Hashim Amla,20,5,2,2,400.00,MI,Holkar Cricket Stadium,20 April 2017
11,12,Kane Williamson,20,6,2,1,333.33,KXIP,IS Bindra Stadium,28 April 2017
12,13,Manan Vohra,20,5,2,2,400.00,SRH,Rajiv Gandhi Intl. Cricket Stadium,17 April 2017
13,14,Chris Gayle,20,5,2,2,400.00,GL,Saurashtra Cricket Association Stadium,18 April 2017
14,15,Ishan Kishan,20,6,2,2,333.33,RCB,Saurashtra Cricket Association Stadium,18 April 2017
15,16,Glenn Maxwell,20,5,0,3,400.00,MI,Wankhede Stadium,11 May 2017
16,17,Chris Lynn,20,5,1,2,400.00,GL,Saurashtra Cricket Association Stadium,07 April 2017
17,18,Chris Lynn,20,6,1,2,333.33,RCB,M. Chinnaswamy Stadium,07 May 2017
18,19,Rahul Tripathi,19,5,0,3,380.00,KKR,Eden Gardens,03 May 2017
19,20,Aaron Finch,19,5,1,2,380.00,RPS,Saurashtra Cricket Association Stadium,14 April 2017
20,21,Sanju Samson,19,6,1,2,316.66,RPS,Maharashtra Cricket Association's International Stadium,11 April 2017
21,22,Manoj Tiwary,18,6,3,1,300.00,RCB,M. Chinnaswamy Stadium,16 April 2017
22,23,Kedar Jadhav,18,6,2,1,300.00,GL,Saurashtra Cricket Association Stadium,18 April 2017
23,24,Rahul Tripathi,18,6,3,1,300.00,KKR,Eden Gardens,03 May 2017
24,25,Sunil Narine,18,6,3,1,300.00,RCB,Eden Gardens,23 April 2017
25,26,Robin Uthappa,18,5,1,2,360.00,DC,Eden Gardens,28 April 2017
26,27,Axar Patel,18,6,2,1,300.00,RCB,M. Chinnaswamy Stadium,05 May 2017
27,28,Virat Kohli,17,5,2,1,340.00,MI,M. Chinnaswamy Stadium,14 April 2017
28,29,Shikhar Dhawan,17,6,4,0,283.33,RCB,Rajiv Gandhi Intl. Cricket Stadium,05 April 2017
29,30,Rahul Tripathi,17,4,1,2,425.00,GL,Saurashtra Cricket Association Stadium,14 April 2017
30,31,Yuvraj Singh,17,6,2,1,283.33,RCB,Rajiv Gandhi Intl. Cricket Stadium,05 April 2017
31,32,MS Dhoni,17,5,2,1,340.00,SRH,Maharashtra Cricket Association's International Stadium,22 April 2017
32,33,AB de Villiers,17,5,1,2,340.00,KXIP,Holkar Cricket Stadium,10 April 2017
33,34,Yuvraj Singh,17,6,4,0,283.33,DC,Feroz Shah Kotla Ground,02 May 2017
34,35,Suresh Raina,17,4,1,2,425.00,RCB,Saurashtra Cricket Association Stadium,18 April 2017
35,36,Travis Head,17,4,1,2,425.00,KKR,M. Chinnaswamy Stadium,07 May 2017
36,37,MS Dhoni,17,5,1,2,340.00,SRH,Rajiv Gandhi Intl. Cricket Stadium,06 May 2017
37,38,David Warner,17,6,2,1,283.33,KKR,Rajiv Gandhi Intl. Cricket Stadium,30 April 2017
38,39,Rishabh Pant,17,5,1,2,340.00,GL,Feroz Shah Kotla Ground,04 May 2017
39,40,Rahul Tripathi,17,5,1,2,340.00,SRH,Maharashtra Cricket Association's International Stadium,22 April 2017
40,41,Shaun Marsh,17,6,2,1,283.33,SRH,IS Bindra Stadium,28 April 2017
41,42,David Warner,17,4,1,2,425.00,KKR,Rajiv Gandhi Intl. Cricket Stadium,30 April 2017
42,43,Robin Uthappa,17,4,1,2,425.00,RPS,Maharashtra Cricket Association's International Stadium,26 April 2017
43,44,Ben Stokes,16,5,0,2,320.00,GL,Maharashtra Cricket Association's International Stadium,01 May 2017
44,45,David Warner,16,5,1,2,320.00,KXIP,IS Bindra Stadium,28 April 2017
45,46,Parthiv Patel,16,6,2,1,266.66,GL,Saurashtra Cricket Association Stadium,29 April 2017
46,47,Chris Morris,16,4,2,1,400.00,RPS,Maharashtra Cricket Association's International Stadium,11 April 2017
47,48,Glenn Maxwell,16,5,2,1,320.00,KKR,Eden Gardens,13 April 2017
48,49,Chris Lynn,16,4,1,2,400.00,MI,Eden Gardens,13 May 2017
49,50,Sunil Narine,16,5,4,0,320.00,GL,Eden Gardens,21 April 2017
50,51,Axar Patel,16,4,1,2,400.00,GL,Saurashtra Cricket Association Stadium,23 April 2017
51,52,Sunil Narine,16,4,1,2,400.00,KXIP,Eden Gardens,13 April 2017
52,53,Marlon Samuels,16,6,0,2,266.66,RPS,Feroz Shah Kotla Ground,12 May 2017
53,54,Gautam Gambhir,16,6,4,0,266.66,GL,Saurashtra Cricket Association Stadium,07 April 2017
54,55,Aaron Finch,16,4,2,1,400.00,RCB,M. Chinnaswamy Stadium,27 April 2017
55,56,Aaron Finch,16,6,2,1,266.66,KKR,Eden Gardens,21 April 2017
56,57,Rohit Sharma,16,6,4,0,266.66,RPS,Rajiv Gandhi Intl. Cricket Stadium,21 May 2017
57,58,Hardik Pandya,16,4,1,2,400.00,DC,Feroz Shah Kotla Ground,06 May 2017
58,59,Manan Vohra,16,5,3,0,320.00,RCB,Holkar Cricket Stadium,10 April 2017
59,60,Suresh Raina,15,6,2,1,250.00,DC,Feroz Shah Kotla Ground,04 May 2017
60,61,Dinesh Karthik,15,5,2,1,300.00,DC,Feroz Shah Kotla Ground,04 May 2017
61,62,Steve Smith,15,4,2,1,375.00,RCB,Maharashtra Cricket Association's International Stadium,29 April 2017
62,63,Glenn Maxwell,15,4,0,2,375.00,KKR,IS Bindra Stadium,09 May 2017
63,64,Glenn Maxwell,15,5,0,2,300.00,GL,IS Bindra Stadium,07 May 2017
64,65,Kieron Pollard,15,4,0,2,375.00,RCB,M. Chinnaswamy Stadium,14 April 2017
65,66,Shaun Marsh,15,5,2,1,300.00,SRH,IS Bindra Stadium,28 April 2017
66,67,Suryakumar Yadav,15,4,2,1,375.00,RPS,Eden Gardens,03 May 2017
67,68,Corey Anderson,15,5,0,2,300.00,KXIP,Feroz Shah Kotla Ground,15 April 2017
68,69,Suresh Raina,15,5,2,1,300.00,KKR,Eden Gardens,21 April 2017
69,70,Suresh Raina,15,4,0,2,375.00,DC,Feroz Shah Kotla Ground,04 May 2017
70,71,Ishan Kishan,15,6,2,1,250.00,MI,Saurashtra Cricket Association Stadium,29 April 2017
71,72,Dwayne Smith,15,5,2,1,300.00,RPS,Saurashtra Cricket Association Stadium,14 April 2017
72,73,Karun Nair,15,5,2,1,300.00,SRH,Feroz Shah Kotla Ground,02 May 2017
73,74,Glenn Maxwell,15,6,0,2,250.00,MI,Wankhede Stadium,11 May 2017
74,75,Sanju Samson,15,5,0,2,300.00,GL,Feroz Shah Kotla Ground,04 May 2017
75,76,Hashim Amla,15,4,2,1,375.00,GL,IS Bindra Stadium,07 May 2017
76,77,Ben Stokes,15,6,0,2,250.00,GL,Maharashtra Cricket Association's International Stadium,01 May 2017
77,78,Krunal Pandya,15,6,2,1,250.00,SRH,Wankhede Stadium,12 April 2017
78,79,Ravindra Jadeja,15,4,0,2,375.00,DC,Feroz Shah Kotla Ground,04 May 2017
79,80,Lendl Simmons,15,5,0,2,300.00,KXIP,Wankhede Stadium,11 May 2017
80,81,Ben Cutting,15,5,0,2,300.00,RCB,Rajiv Gandhi Intl. Cricket Stadium,05 April 2017
81,82,Nitish Rana,15,5,0,2,300.00,KXIP,Holkar Cricket Stadium,20 April 2017
82,83,Mandeep Singh,15,4,2,1,375.00,KXIP,M. Chinnaswamy Stadium,05 May 2017
83,84,Sanju Samson,15,5,0,2,300.00,GL,Feroz Shah Kotla Ground,04 May 2017
84,85,Brendon McCullum,15,4,2,1,375.00,RPS,Saurashtra Cricket Association Stadium,14 April 2017
85,86,Brendon McCullum,15,4,2,1,375.00,KKR,Eden Gardens,21 April 2017
86,87,Ben Stokes,15,4,0,2,375.00,SRH,Rajiv Gandhi Intl. Cricket Stadium,06 May 2017
87,88,Aaron Finch,15,5,0,2,300.00,RCB,M. Chinnaswamy Stadium,27 April 2017
88,89,Aaron Finch,14,4,2,1,350.00,KKR,Eden Gardens,21 April 2017
89,90,Ajinkya Rahane,14,5,3,0,280.00,MI,Maharashtra Cricket Association's International Stadium,06 April 2017
90,91,David Warner,14,5,3,0,280.00,KKR,Rajiv Gandhi Intl. Cricket Stadium,30 April 2017
91,92,Rohit Sharma,14,5,3,0,280.00,SRH,Rajiv Gandhi Intl. Cricket Stadium,08 May 2017
92,93,Aaron Finch,14,5,0,2,280.00,RCB,M. Chinnaswamy Stadium,27 April 2017
93,94,Shikhar Dhawan,14,5,2,1,280.00,DC,Feroz Shah Kotla Ground,02 May 2017
94,95,Steve Smith,14,6,2,1,233.33,DC,Feroz Shah Kotla Ground,12 May 2017
95,96,Rahul Tripathi,14,6,2,1,233.33,KKR,Eden Gardens,03 May 2017
96,97,Hardik Pandya,14,3,2,1,466.66,KXIP,Holkar Cricket Stadium,20 April 2017
97,98,Kieron Pollard,14,5,0,2,280.00,DC,Feroz Shah Kotla Ground,06 May 2017
98,99,Dan Christian,14,4,2,1,350.00,KXIP,Holkar Cricket Stadium,08 April 2017
99,100,Chris Lynn,14,6,2,1,233.33,RCB,M. Chinnaswamy Stadium,07 May 2017
