,POS,PLAYER,"
                                Ov
                            ","
                                Runs
                            ","
                                Wkts
                            ","
                                SR
                            ","
                                Against
                            ","
                                Venue
                            ","
                                Match Date
                            "
0,1,Kagiso Rabada,4,59,0,-,SRH,Feroz Shah Kotla Ground,02 May 2017
1,2,Pat Cummins,4,59,0,-,MI,Feroz Shah Kotla Ground,06 May 2017
2,3,Ishant Sharma,4,58,0,-,MI,Holkar Cricket Stadium,20 April 2017
3,4,Lasith Malinga,4,58,0,-,KXIP,Holkar Cricket Stadium,20 April 2017
4,5,Ravindra Jadeja,4,57,0,-,RCB,Saurashtra Cricket Association Stadium,18 April 2017
5,6,Ashok Dinda,4,57,0,-,MI,Maharashtra Cricket Association's International Stadium,06 April 2017
6,7,Mohit Sharma,4,57,2,12.00,MI,Wankhede Stadium,11 May 2017
7,8,Aniket Choudhary,4,55,1,24.00,SRH,Rajiv Gandhi Intl. Cricket Stadium,05 April 2017
8,9,Mitchell McClenaghan,4,54,1,24.00,KXIP,Wankhede Stadium,11 May 2017
9,10,Umesh Yadav,4,53,1,24.00,DC,Feroz Shah Kotla Ground,17 April 2017
10,11,Sreenath Arvind,4,53,1,24.00,GL,Saurashtra Cricket Association Stadium,18 April 2017
11,12,Imran Tahir,4,53,1,24.00,GL,Saurashtra Cricket Association Stadium,14 April 2017
12,13,Praveen Kumar,4,51,1,24.00,RPS,Saurashtra Cricket Association Stadium,14 April 2017
13,14,Mitchell McClenaghan,4,51,1,24.00,KKR,Wankhede Stadium,09 April 2017
14,15,Lasith Malinga,4,51,1,24.00,GL,Wankhede Stadium,16 April 2017
15,16,Shardul Thakur,4,50,0,-,SRH,Maharashtra Cricket Association's International Stadium,22 April 2017
16,17,Mitchell McClenaghan,4,50,0,-,GL,Saurashtra Cricket Association Stadium,29 April 2017
17,18,Chris Woakes,4,49,2,12.00,SRH,Eden Gardens,15 April 2017
18,19,Imran Tahir,4,48,0,-,KKR,Maharashtra Cricket Association's International Stadium,26 April 2017
19,20,Basil Thampi,4,48,1,24.00,KXIP,IS Bindra Stadium,07 May 2017
20,21,Mohit Sharma,4,47,0,-,RCB,Holkar Cricket Stadium,10 April 2017
21,22,Trent Boult,3.5,47,0,-,MI,Wankhede Stadium,09 April 2017
22,23,Mitchell McClenaghan,4,46,1,24.00,RPS,Wankhede Stadium,16 May 2017
23,24,Ashish Nehra,4,46,1,24.00,MI,Wankhede Stadium,12 April 2017
24,25,Chris Woakes,4,46,1,24.00,SRH,Rajiv Gandhi Intl. Cricket Stadium,30 April 2017
25,26,Mitchell McClenaghan,4,46,2,12.00,KXIP,Holkar Cricket Stadium,20 April 2017
26,27,Jasprit Bumrah,4,45,0,-,GL,Wankhede Stadium,16 April 2017
27,28,Lasith Malinga,4,45,0,-,KXIP,Wankhede Stadium,11 May 2017
28,29,Adam Zampa,4,45,1,24.00,DC,Maharashtra Cricket Association's International Stadium,11 April 2017
29,30,Varun Aaron,4,45,2,12.00,DC,Feroz Shah Kotla Ground,15 April 2017
30,31,Siddarth Kaul,3,45,0,-,RPS,Maharashtra Cricket Association's International Stadium,22 April 2017
31,32,Harbhajan Singh,3,45,0,-,KXIP,Wankhede Stadium,11 May 2017
32,33,Lockie Ferguson,4,44,0,-,GL,Saurashtra Cricket Association Stadium,14 April 2017
33,34,Basil Thampi,4,44,0,-,KXIP,Saurashtra Cricket Association Stadium,23 April 2017
34,35,Shane Watson,4,44,1,24.00,RPS,M. Chinnaswamy Stadium,16 April 2017
35,36,Basil Thampi,4,44,1,24.00,KKR,Eden Gardens,21 April 2017
36,37,James Faulkner,4,43,0,-,KXIP,IS Bindra Stadium,07 May 2017
37,38,Kuldeep Yadav,4,43,0,-,SRH,Rajiv Gandhi Intl. Cricket Stadium,30 April 2017
38,39,Varun Aaron,4,43,0,-,GL,IS Bindra Stadium,07 May 2017
39,40,Pradeep Sangwan,4,43,1,24.00,DC,Feroz Shah Kotla Ground,04 May 2017
40,41,Shane Watson,4,43,1,24.00,KXIP,M. Chinnaswamy Stadium,05 May 2017
41,42,Adam Milne,4,43,1,24.00,GL,Saurashtra Cricket Association Stadium,18 April 2017
42,43,Harshal Patel,4,43,3,8.00,DC,Feroz Shah Kotla Ground,14 May 2017
43,44,Basil Thampi,3.4,43,1,22.00,DC,Green Park,10 May 2017
44,45,Mohammed Siraj,4,42,0,-,RPS,Maharashtra Cricket Association's International Stadium,22 April 2017
45,46,Sunil Narine,4,42,0,-,GL,Eden Gardens,21 April 2017
46,47,KC Cariappa,4,42,0,-,SRH,IS Bindra Stadium,28 April 2017
47,48,Sandeep Sharma,4,42,1,24.00,MI,Wankhede Stadium,11 May 2017
48,49,Shubham Agarwal,4,42,1,24.00,KXIP,Saurashtra Cricket Association Stadium,23 April 2017
49,50,Mitchell McClenaghan,4,42,1,24.00,SRH,Wankhede Stadium,12 April 2017
50,51,Ashish Nehra,4,42,2,12.00,RCB,Rajiv Gandhi Intl. Cricket Stadium,05 April 2017
51,52,Rashid Khan,4,42,2,12.00,KXIP,Rajiv Gandhi Intl. Cricket Stadium,17 April 2017
52,53,Ashish Nehra,4,42,3,8.00,KXIP,IS Bindra Stadium,28 April 2017
53,54,Dhawal Kulkarni,2.5,42,0,-,KKR,Saurashtra Cricket Association Stadium,07 April 2017
54,55,Billy Stanlake,4,41,0,-,KXIP,Holkar Cricket Stadium,10 April 2017
55,56,Ben Stokes,4,41,0,-,DC,Maharashtra Cricket Association's International Stadium,11 April 2017
56,57,Ishant Sharma,4,41,0,-,SRH,IS Bindra Stadium,28 April 2017
57,58,Sandeep Sharma,4,41,1,24.00,DC,Feroz Shah Kotla Ground,15 April 2017
58,59,Jaydev Unadkat,4,41,1,24.00,SRH,Maharashtra Cricket Association's International Stadium,22 April 2017
59,60,Ben Cutting,4,41,1,24.00,KKR,Eden Gardens,15 April 2017
60,61,Mohammed Siraj,4,41,2,12.00,DC,Feroz Shah Kotla Ground,02 May 2017
61,62,Nathan Coulter-Nile,3.2,41,2,10.00,GL,Eden Gardens,21 April 2017
62,63,Nathan Coulter-Nile,3,41,0,-,RPS,Eden Gardens,03 May 2017
63,64,Shane Watson,3,41,0,-,SRH,Rajiv Gandhi Intl. Cricket Stadium,05 April 2017
64,65,Angelo Mathews,3,41,0,-,SRH,Rajiv Gandhi Intl. Cricket Stadium,19 April 2017
65,66,Umesh Yadav,4,40,0,-,MI,Eden Gardens,13 May 2017
66,67,Ravindra Jadeja,4,40,1,24.00,RPS,Saurashtra Cricket Association Stadium,14 April 2017
67,68,Trent Boult,4,40,1,24.00,GL,Saurashtra Cricket Association Stadium,07 April 2017
68,69,Basil Thampi,4,40,1,24.00,DC,Feroz Shah Kotla Ground,04 May 2017
69,70,Sandeep Sharma,4,40,2,12.00,GL,Saurashtra Cricket Association Stadium,23 April 2017
70,71,Jaydev Unadkat,4,40,2,12.00,MI,Wankhede Stadium,24 April 2017
71,72,Mohammed Shami,3,40,0,-,GL,Feroz Shah Kotla Ground,04 May 2017
72,73,Samuel Badree,3,40,0,-,KKR,M. Chinnaswamy Stadium,07 May 2017
73,74,Matt Henry,2,40,0,-,MI,Wankhede Stadium,11 May 2017
74,75,Bhuvneshwar Kumar,4,39,0,-,RPS,Rajiv Gandhi Intl. Cricket Stadium,06 May 2017
75,76,Jasprit Bumrah,4,39,0,-,RCB,M. Chinnaswamy Stadium,14 April 2017
76,77,Chris Woakes,4,39,1,24.00,RCB,M. Chinnaswamy Stadium,07 May 2017
77,78,Jasprit Bumrah,4,39,1,24.00,KKR,Wankhede Stadium,09 April 2017
78,79,Bhuvneshwar Kumar,4,39,1,24.00,RPS,Maharashtra Cricket Association's International Stadium,22 April 2017
79,80,Bipul Sharma,4,39,1,24.00,RPS,Rajiv Gandhi Intl. Cricket Stadium,06 May 2017
80,81,Yuzvendra Chahal,4,39,1,24.00,KKR,M. Chinnaswamy Stadium,07 May 2017
81,82,James Faulkner,4,39,2,12.00,DC,Green Park,10 May 2017
82,83,Karn Sharma,4,39,2,12.00,RPS,Wankhede Stadium,24 April 2017
83,84,Tim Southee,4,39,2,12.00,KKR,Eden Gardens,13 May 2017
84,85,Pat Cummins,4,39,2,12.00,KKR,Feroz Shah Kotla Ground,17 April 2017
85,86,Mohammed Siraj,4,39,2,12.00,DC,Rajiv Gandhi Intl. Cricket Stadium,19 April 2017
86,87,Chris Morris,3,39,0,-,KKR,Eden Gardens,28 April 2017
87,88,Sandeep Sharma,3,39,0,-,MI,Holkar Cricket Stadium,20 April 2017
88,89,Moises Henriques,3,39,0,-,KXIP,IS Bindra Stadium,28 April 2017
89,90,Corey Anderson,4,38,0,-,RCB,Feroz Shah Kotla Ground,14 May 2017
90,91,Zaheer Khan,4,38,0,-,KXIP,Feroz Shah Kotla Ground,15 April 2017
91,92,James Faulkner,4,38,1,24.00,KKR,Eden Gardens,21 April 2017
92,93,Siddarth Kaul,4,38,1,24.00,DC,Feroz Shah Kotla Ground,02 May 2017
93,94,Pat Cummins,4,38,1,24.00,GL,Green Park,10 May 2017
94,95,Carlos Brathwaite,4,38,1,24.00,GL,Green Park,10 May 2017
95,96,Rashid Khan,4,38,1,24.00,KKR,Rajiv Gandhi Intl. Cricket Stadium,30 April 2017
96,97,KC Cariappa,4,38,1,24.00,SRH,Rajiv Gandhi Intl. Cricket Stadium,17 April 2017
97,98,Umesh Yadav,4,38,1,24.00,DC,Eden Gardens,28 April 2017
98,99,Pradeep Sangwan,4,38,2,12.00,RPS,Maharashtra Cricket Association's International Stadium,01 May 2017
99,100,Chris Woakes,3,38,0,-,RPS,Maharashtra Cricket Association's International Stadium,26 April 2017
