,POS,PLAYER,"
                                Ov
                            ","
                                Runs
                            ","
                                Wkts
                            ","
                                SR
                            ","
                                Against
                            ","
                                Venue
                            ","
                                Match Date
                            "
0,1,Ravindra Jadeja,4,16,5,4.80,DEC,ACA-VDCA Stadium,07 April 2012
1,2,Sunil Narine,4,19,5,4.80,KXIP,Eden Gardens,15 April 2012
2,3,Dimitri Mascarenhas,4,25,5,4.80,PWI,IS Bindra Stadium,12 April 2012
3,4,Ajit Chandila,4,13,4,6.00,PWI,Sawai Mansingh Stadium,13 May 2012
4,5,Sunil Narine,3.1,15,4,4.75,MI,Wankhede Stadium,16 May 2012
5,6,Lasith Malinga,3.4,16,4,5.50,DEC,Wankhede Stadium,29 April 2012
6,7,Pawan Negi,4,18,4,6.00,RR,Sawai Mansingh Stadium,01 May 2012
7,8,Lakshmipathy Balaji,4,18,4,6.00,RCB,M. Chinnaswamy Stadium,10 April 2012
8,9,Ashok Dinda,4,18,4,6.00,MI,Wankhede Stadium,06 April 2012
9,10,KP Appanna,4,19,4,6.00,RR,Sawai Mansingh Stadium,23 April 2012
10,11,Morne Morkel,4,20,4,6.00,KXIP,HPCA Stadium,19 May 2012
11,12,Munaf Patel,4,20,4,6.00,DEC,ACA-VDCA Stadium,09 April 2012
12,13,Siddharth Trivedi,4,25,4,6.00,RCB,M. Chinnaswamy Stadium,15 April 2012
13,14,Kevon Cooper,4,26,4,6.00,KXIP,Sawai Mansingh Stadium,06 April 2012
14,15,Munaf Patel,3.4,28,4,5.50,RR,Wankhede Stadium,11 April 2012
15,16,Parvinder Awana,4,34,4,6.00,RCB,IS Bindra Stadium,20 April 2012
16,17,Ryan Harris,4,34,4,6.00,RR,IS Bindra Stadium,05 May 2012
17,18,Kieron Pollard,4,44,4,6.00,RR,Wankhede Stadium,11 April 2012
18,19,Dale Steyn,4,8,3,8.00,RCB,Rajiv Gandhi Intl. Cricket Stadium,20 May 2012
19,20,Dale Steyn,4,12,3,8.00,MI,ACA-VDCA Stadium,09 April 2012
20,21,Shaun Tait,4,13,3,8.00,PWI,Maharashtra Cricket Association's International Stadium,08 May 2012
21,22,Shahbaz Nadeem,4,16,3,8.00,DEC,Feroz Shah Kotla Ground,19 April 2012
22,23,Shakib Al Hasan,4,17,3,8.00,RR,Eden Gardens,13 April 2012
23,24,Piyush Chawla,4,18,3,8.00,KKR,Eden Gardens,15 April 2012
24,25,Dhawal Kulkarni,4,18,3,8.00,RR,Sawai Mansingh Stadium,20 May 2012
25,26,Morne Morkel,3,18,3,6.00,KKR,Eden Gardens,05 April 2012
26,27,Umesh Yadav,4,19,3,8.00,KXIP,HPCA Stadium,19 May 2012
27,28,Azhar Mahmood,4,20,3,8.00,RCB,M. Chinnaswamy Stadium,02 May 2012
28,29,Muttiah Muralitharan,4,21,3,8.00,CSK,Chidambaram,12 April 2012
29,30,Umesh Yadav,4,21,3,8.00,KXIP,Feroz Shah Kotla Ground,15 May 2012
30,31,Parvinder Awana,4,22,3,8.00,DC,Feroz Shah Kotla Ground,15 May 2012
31,32,Vinay Kumar,4,22,3,8.00,DEC,Rajiv Gandhi Intl. Cricket Stadium,20 May 2012
32,33,Alfonso Thomas,4,22,3,8.00,DC,Feroz Shah Kotla Ground,21 April 2012
33,34,Morne Morkel,4,23,3,8.00,DEC,Feroz Shah Kotla Ground,19 April 2012
34,35,Ashish Nehra,4,23,3,8.00,RR,Sawai Mansingh Stadium,13 May 2012
35,36,Ravichandran Ashwin,3.5,24,3,7.66,DC,Chidambaram,25 May 2012
36,37,Harmeet Singh Bansal,3.2,24,3,6.66,PWI,Maharashtra Cricket Association's International Stadium,08 April 2012
37,38,Doug Bollinger,3,24,3,6.00,RCB,Chidambaram,12 April 2012
38,39,Muttiah Muralitharan,4,25,3,8.00,DC,M. Chinnaswamy Stadium,07 April 2012
39,40,Ashish Reddy,4,25,3,8.00,RCB,Rajiv Gandhi Intl. Cricket Stadium,20 May 2012
40,41,Azhar Mahmood,4,25,3,8.00,CSK,Chidambaram,28 April 2012
41,42,Lasith Malinga,4,25,3,8.00,CSK,Wankhede Stadium,06 May 2012
42,43,Ben Hilfenhaus,4,27,3,8.00,DC,Chidambaram,12 May 2012
43,44,Lasith Malinga,4,27,3,8.00,DEC,ACA-VDCA Stadium,09 April 2012
44,45,Kevon Cooper,4,28,3,8.00,KKR,Sawai Mansingh Stadium,08 April 2012
45,46,RP Singh,4,28,3,8.00,CSK,Wankhede Stadium,06 May 2012
46,47,Albie Morkel,4,29,3,8.00,KXIP,Chidambaram,28 April 2012
47,48,Amit Mishra,4,32,3,8.00,RR,Sawai Mansingh Stadium,17 April 2012
48,49,Vinay Kumar,4,32,3,8.00,PWI,Maharashtra Cricket Association's International Stadium,11 May 2012
49,50,Doug Bracewell,4,32,3,8.00,RCB,M. Chinnaswamy Stadium,07 April 2012
50,51,Marchant de Lange,4,34,3,8.00,PWI,Eden Gardens,05 May 2012
51,52,Robin Peterson,4,37,3,8.00,DC,Feroz Shah Kotla Ground,27 April 2012
52,53,Zaheer Khan,4,38,3,8.00,DC,Feroz Shah Kotla Ground,17 May 2012
53,54,Marlon Samuels,4,39,3,8.00,CSK,Chidambaram,19 April 2012
54,55,Parvinder Awana,4,39,3,8.00,MI,IS Bindra Stadium,25 April 2012
55,56,Dhawal Kulkarni,4,46,3,8.00,CSK,M. Chinnaswamy Stadium,23 May 2012
56,57,Morne Morkel,4,50,3,8.00,PWI,Feroz Shah Kotla Ground,21 April 2012
57,58,David Hussey,1,2,2,3.00,DEC,Rajiv Gandhi Intl. Cricket Stadium,08 May 2012
58,59,Jacques Kallis,2,7,2,6.00,RCB,M. Chinnaswamy Stadium,10 April 2012
59,60,Ben Hilfenhaus,4,8,2,12.00,RR,Sawai Mansingh Stadium,10 May 2012
60,61,Bhuvneshwar Kumar,3,9,2,9.00,MI,Maharashtra Cricket Association's International Stadium,03 May 2012
61,62,Umesh Yadav,2,9,2,6.00,KKR,Eden Gardens,05 April 2012
62,63,Dale Steyn,4,10,2,12.00,MI,Wankhede Stadium,29 April 2012
63,64,Dwayne Bravo,3,10,2,9.00,MI,M. Chinnaswamy Stadium,23 May 2012
64,65,Nuwan Kulasekara,2,10,2,6.00,PWI,Chidambaram,19 April 2012
65,66,Lakshmipathy Balaji,4,11,2,12.00,MI,Wankhede Stadium,16 May 2012
66,67,Umesh Yadav,4,11,2,12.00,MI,Wankhede Stadium,16 April 2012
67,68,Parvinder Awana,4,12,2,12.00,CSK,HPCA Stadium,17 May 2012
68,69,Yusuf Pathan,2,12,2,6.00,PWI,Maharashtra Cricket Association's International Stadium,19 May 2012
69,70,Ravindra Jadeja,2,12,2,6.00,MI,Wankhede Stadium,06 May 2012
70,71,Harbhajan Singh,4,13,2,12.00,DEC,Wankhede Stadium,29 April 2012
71,72,Lasith Malinga,4,13,2,12.00,RR,Wankhede Stadium,11 April 2012
72,73,Rajat Bhatia,4,14,2,12.00,KXIP,Eden Gardens,15 April 2012
73,74,Sunil Narine,4,14,2,12.00,CSK,Eden Gardens,14 May 2012
74,75,Kieron Pollard,4,14,2,12.00,KXIP,Wankhede Stadium,22 April 2012
75,76,Murali Kartik,3,14,2,9.00,MI,Wankhede Stadium,06 April 2012
76,77,Shadab Jakati,2,14,2,6.00,DEC,ACA-VDCA Stadium,07 April 2012
77,78,Praveen Kumar,4,15,2,12.00,DEC,Rajiv Gandhi Intl. Cricket Stadium,08 May 2012
78,79,Kieron Pollard,4,15,2,12.00,CSK,Chidambaram,04 April 2012
79,80,Lasith Malinga,4,16,2,12.00,PWI,Wankhede Stadium,06 April 2012
80,81,Shahbaz Nadeem,4,16,2,12.00,MI,Wankhede Stadium,16 April 2012
81,82,Dale Steyn,4,16,2,12.00,RR,Rajiv Gandhi Intl. Cricket Stadium,18 May 2012
82,83,Muttiah Muralitharan,4,16,2,12.00,PWI,Maharashtra Cricket Association's International Stadium,11 May 2012
83,84,Lasith Malinga,3.5,16,2,11.50,CSK,Chidambaram,04 April 2012
84,85,Rahul Sharma,3,16,2,9.00,CSK,Maharashtra Cricket Association's International Stadium,14 April 2012
85,86,Pragyan Ojha,4,17,2,12.00,CSK,Chidambaram,04 April 2012
86,87,Angelo Mathews,4,17,2,12.00,KKR,Eden Gardens,05 May 2012
87,88,Pankaj Singh,4,18,2,12.00,RCB,M. Chinnaswamy Stadium,15 April 2012
88,89,Siddharth Trivedi,4,18,2,12.00,CSK,Sawai Mansingh Stadium,10 May 2012
89,90,Shakib Al Hasan,4,18,2,12.00,PWI,Maharashtra Cricket Association's International Stadium,19 May 2012
90,91,Shaun Tait,4,18,2,12.00,KXIP,IS Bindra Stadium,05 May 2012
91,92,Vinay Kumar,4,18,2,12.00,KKR,M. Chinnaswamy Stadium,10 April 2012
92,93,Praveen Kumar,4,18,2,12.00,CSK,HPCA Stadium,17 May 2012
93,94,Harbhajan Singh,4,18,2,12.00,PWI,Maharashtra Cricket Association's International Stadium,03 May 2012
94,95,Wayne Parnell,4,18,2,12.00,KKR,Maharashtra Cricket Association's International Stadium,19 May 2012
95,96,James Franklin,3,18,2,9.00,DEC,Wankhede Stadium,29 April 2012
96,97,Dwayne Bravo,3,18,2,9.00,KXIP,HPCA Stadium,17 May 2012
97,98,Ravindra Jadeja,2,18,2,6.00,RCB,Chidambaram,12 April 2012
98,99,Ashish Nehra,4,19,2,12.00,MI,Maharashtra Cricket Association's International Stadium,03 May 2012
99,100,Piyush Chawla,4,19,2,12.00,KKR,IS Bindra Stadium,18 April 2012
