,POS,PLAYER,"
                                Ov
                            ","
                                Econ
                            ","
                                Dots
                            ","
                                Runs
                            ","
                                Wkts
                            ","
                                SR
                            ","
                                Against
                            ","
                                Venue
                            ","
                                Match Date
                            "
0,1,Dale Steyn,4,2.00,18,8,3,8.00,RCB,Rajiv Gandhi Intl. Cricket Stadium,20 May 2012
1,2,Ben Hilfenhaus,4,2.00,15,8,2,12.00,RR,Sawai Mansingh Stadium,10 May 2012
2,3,Praveen Kumar,4,2.00,16,8,0,-,RCB,M. Chinnaswamy Stadium,02 May 2012
3,4,Dale Steyn,4,2.50,17,10,2,12.00,MI,Wankhede Stadium,29 April 2012
4,5,Marlon Samuels,2,2.50,7,5,1,12.00,RCB,M. Chinnaswamy Stadium,17 April 2012
5,6,Lakshmipathy Balaji,4,2.75,15,11,2,12.00,MI,Wankhede Stadium,16 May 2012
6,7,Umesh Yadav,4,2.75,15,11,2,12.00,MI,Wankhede Stadium,16 April 2012
7,8,Sunil Narine,4,2.75,13,11,1,24.00,RCB,Eden Gardens,28 April 2012
8,9,Dale Steyn,4,3.00,14,12,3,8.00,MI,ACA-VDCA Stadium,09 April 2012
9,10,Bhuvneshwar Kumar,3,3.00,8,9,2,9.00,MI,Maharashtra Cricket Association's International Stadium,03 May 2012
10,11,Parvinder Awana,4,3.00,15,12,2,12.00,CSK,HPCA Stadium,17 May 2012
11,12,Irfan Pathan,4,3.00,13,12,1,24.00,MI,Wankhede Stadium,16 April 2012
12,13,Shahbaz Nadeem,3,3.00,10,9,0,-,CSK,Feroz Shah Kotla Ground,10 April 2012
13,14,Ajit Chandila,4,3.25,15,13,4,6.00,PWI,Sawai Mansingh Stadium,13 May 2012
14,15,Shaun Tait,4,3.25,14,13,3,8.00,PWI,Maharashtra Cricket Association's International Stadium,08 May 2012
15,16,Lasith Malinga,4,3.25,17,13,2,12.00,RR,Wankhede Stadium,11 April 2012
16,17,Harbhajan Singh,4,3.25,15,13,2,12.00,DEC,Wankhede Stadium,29 April 2012
17,18,Sunil Narine,4,3.25,14,13,1,24.00,PWI,Eden Gardens,05 May 2012
18,19,Dwayne Bravo,3,3.33,10,10,2,9.00,MI,M. Chinnaswamy Stadium,23 May 2012
19,20,Sunil Narine,4,3.50,13,14,2,12.00,CSK,Eden Gardens,14 May 2012
20,21,Jacques Kallis,2,3.50,8,7,2,6.00,RCB,M. Chinnaswamy Stadium,10 April 2012
21,22,Rajat Bhatia,4,3.50,12,14,2,12.00,KXIP,Eden Gardens,15 April 2012
22,23,Kieron Pollard,4,3.50,14,14,2,12.00,KXIP,Wankhede Stadium,22 April 2012
23,24,Praveen Kumar,4,3.75,12,15,2,12.00,DEC,Rajiv Gandhi Intl. Cricket Stadium,08 May 2012
24,25,Kieron Pollard,4,3.75,11,15,2,12.00,CSK,Chidambaram,04 April 2012
25,26,Zaheer Khan,4,3.75,17,15,1,24.00,RR,M. Chinnaswamy Stadium,15 April 2012
26,27,Brett Lee,4,3.75,15,15,1,24.00,DEC,Barabati Stadium,22 April 2012
27,28,Sunil Narine,4,3.75,12,15,1,24.00,PWI,Maharashtra Cricket Association's International Stadium,19 May 2012
28,29,Albie Morkel,4,3.75,13,15,1,24.00,DC,Chidambaram,12 May 2012
29,30,Roelof van der Merwe,4,3.75,11,15,0,-,CSK,Feroz Shah Kotla Ground,10 April 2012
30,31,Ravindra Jadeja,4,4.00,17,16,5,4.80,DEC,ACA-VDCA Stadium,07 April 2012
31,32,Shahbaz Nadeem,4,4.00,9,16,3,8.00,DEC,Feroz Shah Kotla Ground,19 April 2012
32,33,Muttiah Muralitharan,4,4.00,11,16,2,12.00,PWI,Maharashtra Cricket Association's International Stadium,11 May 2012
33,34,Dale Steyn,4,4.00,12,16,2,12.00,RR,Rajiv Gandhi Intl. Cricket Stadium,18 May 2012
34,35,Shahbaz Nadeem,4,4.00,15,16,2,12.00,MI,Wankhede Stadium,16 April 2012
35,36,Lasith Malinga,4,4.00,12,16,2,12.00,PWI,Wankhede Stadium,06 April 2012
36,37,Stuart Binny,3,4.00,7,12,1,18.00,PWI,Maharashtra Cricket Association's International Stadium,08 May 2012
37,38,Shikhar Dhawan,2,4.00,4,8,1,12.00,KXIP,Rajiv Gandhi Intl. Cricket Stadium,08 May 2012
38,39,Rahul Sharma,4,4.00,12,16,1,24.00,MI,Wankhede Stadium,06 April 2012
39,40,Muttiah Muralitharan,4,4.00,10,16,1,24.00,MI,M. Chinnaswamy Stadium,14 May 2012
40,41,Dwayne Smith,2,4.00,6,8,1,12.00,KKR,Wankhede Stadium,16 May 2012
41,42,Umesh Yadav,2,4.00,5,8,0,-,RCB,M. Chinnaswamy Stadium,07 April 2012
42,43,Ravichandran Ashwin,3,4.00,10,12,0,-,DEC,ACA-VDCA Stadium,07 April 2012
43,44,Zaheer Khan,4,4.00,14,16,0,-,MI,Wankhede Stadium,09 May 2012
44,45,Lasith Malinga,3.5,4.17,13,16,2,11.50,CSK,Chidambaram,04 April 2012
45,46,Shakib Al Hasan,4,4.25,11,17,3,8.00,RR,Eden Gardens,13 April 2012
46,47,Angelo Mathews,4,4.25,9,17,2,12.00,KKR,Eden Gardens,05 May 2012
47,48,Pragyan Ojha,4,4.25,9,17,2,12.00,CSK,Chidambaram,04 April 2012
48,49,Ravichandran Ashwin,4,4.25,9,17,1,24.00,DC,Chidambaram,12 May 2012
49,50,Nuwan Kulasekara,4,4.25,13,17,1,24.00,RR,Chidambaram,21 April 2012
50,51,Munaf Patel,4,4.25,13,17,1,24.00,KKR,Wankhede Stadium,16 May 2012
51,52,Ashok Dinda,3,4.33,8,13,1,18.00,KXIP,Maharashtra Cricket Association's International Stadium,08 April 2012
52,53,Abhishek Jhunjhunwala,3,4.33,8,13,1,18.00,CSK,Chidambaram,04 May 2012
53,54,Lasith Malinga,3.4,4.36,12,16,4,5.50,DEC,Wankhede Stadium,29 April 2012
54,55,Ashok Dinda,4,4.50,15,18,4,6.00,MI,Wankhede Stadium,06 April 2012
55,56,Lakshmipathy Balaji,4,4.50,13,18,4,6.00,RCB,M. Chinnaswamy Stadium,10 April 2012
56,57,Pawan Negi,4,4.50,13,18,4,6.00,RR,Sawai Mansingh Stadium,01 May 2012
57,58,Piyush Chawla,4,4.50,11,18,3,8.00,KKR,Eden Gardens,15 April 2012
58,59,Dhawal Kulkarni,4,4.50,15,18,3,8.00,RR,Sawai Mansingh Stadium,20 May 2012
59,60,Siddharth Trivedi,4,4.50,13,18,2,12.00,CSK,Sawai Mansingh Stadium,10 May 2012
60,61,Harbhajan Singh,4,4.50,13,18,2,12.00,PWI,Maharashtra Cricket Association's International Stadium,03 May 2012
61,62,Vinay Kumar,4,4.50,12,18,2,12.00,KKR,M. Chinnaswamy Stadium,10 April 2012
62,63,Shakib Al Hasan,4,4.50,11,18,2,12.00,PWI,Maharashtra Cricket Association's International Stadium,19 May 2012
63,64,Praveen Kumar,4,4.50,14,18,2,12.00,CSK,HPCA Stadium,17 May 2012
64,65,Pankaj Singh,4,4.50,14,18,2,12.00,RCB,M. Chinnaswamy Stadium,15 April 2012
65,66,Shaun Tait,4,4.50,13,18,2,12.00,KXIP,IS Bindra Stadium,05 May 2012
66,67,Wayne Parnell,4,4.50,12,18,2,12.00,KKR,Maharashtra Cricket Association's International Stadium,19 May 2012
67,68,Umesh Yadav,2,4.50,5,9,2,6.00,KKR,Eden Gardens,05 April 2012
68,69,Brad Hogg,4,4.50,9,18,1,24.00,CSK,Chidambaram,21 April 2012
69,70,Pawan Negi,4,4.50,11,18,1,24.00,KKR,Maharashtra Cricket Association's International Stadium,22 May 2012
70,71,Ankit Sharma,2,4.50,5,9,1,12.00,PWI,Barabati Stadium,01 May 2012
71,72,Wayne Parnell,4,4.50,9,18,0,-,MI,Maharashtra Cricket Association's International Stadium,03 May 2012
72,73,Harbhajan Singh,4,4.50,10,18,0,-,RCB,Wankhede Stadium,09 May 2012
73,74,Parvinder Awana,4,4.50,10,18,0,-,PWI,IS Bindra Stadium,12 April 2012
74,75,David Hussey,2,4.50,2,9,0,-,RCB,M. Chinnaswamy Stadium,02 May 2012
75,76,Michael Clarke,2,4.50,3,9,0,-,MI,Maharashtra Cricket Association's International Stadium,03 May 2012
76,77,Muttiah Muralitharan,4,4.50,10,18,0,-,DEC,M. Chinnaswamy Stadium,06 May 2012
77,78,Harbhajan Singh,4,4.50,12,18,0,-,DEC,ACA-VDCA Stadium,09 April 2012
78,79,Anand Rajan,2,4.50,4,9,0,-,MI,ACA-VDCA Stadium,09 April 2012
79,80,Ankit Sharma,4,4.50,14,18,0,-,MI,ACA-VDCA Stadium,09 April 2012
80,81,Murali Kartik,3,4.66,8,14,2,9.00,MI,Wankhede Stadium,06 April 2012
81,82,Dwayne Bravo,3,4.66,9,14,1,18.00,MI,Chidambaram,04 April 2012
82,83,Rajat Bhatia,3,4.66,6,14,1,18.00,PWI,Maharashtra Cricket Association's International Stadium,19 May 2012
83,84,Angelo Mathews,3,4.66,9,14,1,18.00,RCB,Maharashtra Cricket Association's International Stadium,11 May 2012
84,85,Dan Christian,3,4.66,10,14,0,-,MI,Wankhede Stadium,29 April 2012
85,86,Harbhajan Singh,3,4.66,7,14,0,-,CSK,Wankhede Stadium,06 May 2012
86,87,Sunil Narine,3.1,4.73,12,15,4,4.75,MI,Wankhede Stadium,16 May 2012
87,88,Sunil Narine,4,4.75,13,19,5,4.80,KXIP,Eden Gardens,15 April 2012
88,89,KP Appanna,4,4.75,14,19,4,6.00,RR,Sawai Mansingh Stadium,23 April 2012
89,90,Umesh Yadav,4,4.75,14,19,3,8.00,KXIP,HPCA Stadium,19 May 2012
90,91,Piyush Chawla,4,4.75,11,19,2,12.00,KKR,IS Bindra Stadium,18 April 2012
91,92,Dale Steyn,4,4.75,12,19,2,12.00,DC,Feroz Shah Kotla Ground,19 April 2012
92,93,Ryan Harris,4,4.75,15,19,2,12.00,DC,HPCA Stadium,19 May 2012
93,94,Varun Aaron,4,4.75,10,19,2,12.00,KXIP,Feroz Shah Kotla Ground,15 May 2012
94,95,Ashish Nehra,4,4.75,15,19,2,12.00,MI,Maharashtra Cricket Association's International Stadium,03 May 2012
95,96,Morne Morkel,4,4.75,13,19,2,12.00,CSK,Feroz Shah Kotla Ground,10 April 2012
96,97,Ravichandran Ashwin,4,4.75,13,19,1,24.00,RR,Chidambaram,21 April 2012
97,98,Ankit Sharma,4,4.75,11,19,1,24.00,KKR,Barabati Stadium,22 April 2012
98,99,Pragyan Ojha,4,4.75,11,19,1,24.00,DC,Wankhede Stadium,16 April 2012
99,100,Yusuf Pathan,4,4.75,14,19,1,24.00,RCB,Eden Gardens,28 April 2012
