,POS,PLAYER,"
                                Distance (m)
                            "
0,1,MS Dhoni,112.00
1,2,Chris Gayle,111.00
2,3,Chris Gayle,110.00
3,4,Chris Gayle,109.00
4,5,Chris Gayle,106.00
5,6,Chris Gayle,106.00
6,7,Chris Gayle,106.00
7,8,Kieron Pollard,105.00
8,9,Suresh Raina,105.00
9,10,MS Dhoni,104.00
10,11,Dwayne Smith,103.00
11,12,Chris Gayle,103.00
12,13,Chris Gayle,103.00
13,14,David Warner,102.00
14,15,Virender Sehwag,102.00
15,16,Ravindra Jadeja,102.00
16,17,Chris Gayle,101.00
17,18,MS Dhoni,101.00
18,19,Brad Hodge,100.00
19,20,David Warner,99.00
20,21,Shaun Marsh,98.00
21,22,Ravindra Jadeja,98.00
22,23,Azhar Mahmood,98.00
23,24,Shane Watson,98.00
24,25,Kevin Pietersen,98.00
25,26,Shikhar Dhawan,97.00
26,27,Shaun Marsh,97.00
27,28,Jacques Kallis,97.00
28,29,AB de Villiers,97.00
29,30,Virat Kohli,96.00
30,31,Michael Hussey,96.00
31,32,Jacques Kallis,96.00
32,33,Chris Gayle,96.00
33,34,Chris Gayle,96.00
34,35,Suresh Raina,96.00
35,36,James Franklin,96.00
36,37,Gautam Gambhir,95.00
37,38,Virender Sehwag,95.00
38,39,Albie Morkel,95.00
39,40,David Warner,95.00
40,41,Faf du Plessis,95.00
41,42,Kevin Pietersen,95.00
42,43,David Hussey,95.00
43,44,David Hussey,95.00
44,45,Kieron Pollard,95.00
45,46,Suresh Raina,94.00
46,47,Azhar Mahmood,94.00
47,48,Owais Shah,94.00
48,49,Chris Gayle,94.00
49,50,Chris Gayle,94.00
50,51,Cameron White,94.00
51,52,Shakib Al Hasan,94.00
52,53,Chris Gayle,94.00
53,54,Chris Gayle,94.00
54,55,Ross Taylor,94.00
55,56,Virat Kohli,94.00
56,57,David Hussey,93.00
57,58,Jesse Ryder,93.00
58,59,Brad Hodge,93.00
59,60,Chris Gayle,93.00
60,61,Brendon McCullum,93.00
61,62,AB de Villiers,93.00
62,63,Chris Gayle,93.00
63,64,Ravindra Jadeja,93.00
64,65,Brett Lee,93.00
65,66,Yusuf Pathan,92.00
66,67,Chris Gayle,92.00
67,68,Dwayne Smith,92.00
68,69,Chris Gayle,92.00
69,70,Jacques Kallis,92.00
70,71,Virat Kohli,92.00
71,72,Rohit Sharma,92.00
72,73,Kevin Pietersen,92.00
73,74,Murali Vijay,91.00
74,75,Naman Ojha,91.00
75,76,Rohit Sharma,91.00
76,77,Jesse Ryder,91.00
77,78,Virender Sehwag,91.00
78,79,David Hussey,91.00
79,80,David Hussey,91.00
80,81,Saurabh Tiwary,91.00
81,82,Ravindra Jadeja,91.00
82,83,David Warner,91.00
83,84,Brad Hodge,91.00
84,85,Steve Smith,91.00
85,86,Mayank Agarwal,91.00
86,87,AB de Villiers,91.00
87,88,Ambati Rayudu,91.00
88,89,Chris Gayle,91.00
89,90,Kieron Pollard,90.00
90,91,MS Dhoni,90.00
91,92,Naman Ojha,90.00
92,93,AB de Villiers,90.00
93,94,Rohit Sharma,90.00
94,95,Shane Watson,90.00
95,96,Chris Gayle,90.00
96,97,Suresh Raina,90.00
97,98,Ross Taylor,90.00
98,99,David Hussey,90.00
99,100,David Hussey,90.00
