,POS,PLAYER,"
                                Against
                            ","
                                Venue
                            ","
                                Match Date
                            ","
                                BF
                            ","
                                6s
                            ","
                                4s
                            ","
                                Runs
                            "
0,1,Owais Shah,RCB,M. Chinnaswamy Stadium,15 April 2012,19,5,5,60
1,2,Virender Sehwag,RR,Sawai Mansingh Stadium,01 May 2012,20,1,12,73
2,3,MS Dhoni,MI,M. Chinnaswamy Stadium,23 May 2012,20,2,6,51
3,4,AB de Villiers,RR,Sawai Mansingh Stadium,23 April 2012,21,5,3,59
4,5,Ross Taylor,RCB,Feroz Shah Kotla Ground,17 May 2012,22,2,7,55
5,6,JP Duminy,RR,Sawai Mansingh Stadium,17 April 2012,24,5,3,58
6,7,Chris Gayle,PWI,Maharashtra Cricket Association's International Stadium,11 May 2012,24,6,3,57
7,8,David Warner,KXIP,HPCA Stadium,19 May 2012,25,4,10,79
8,9,Kevin Pietersen,MI,Feroz Shah Kotla Ground,27 April 2012,25,3,6,50
9,10,David Warner,DEC,Rajiv Gandhi Intl. Cricket Stadium,10 May 2012,26,7,10,109
10,11,Mayank Agarwal,MI,M. Chinnaswamy Stadium,14 May 2012,26,4,6,64
11,12,Shane Watson,PWI,Sawai Mansingh Stadium,13 May 2012,26,4,6,58
12,13,Shane Watson,PWI,Maharashtra Cricket Association's International Stadium,08 May 2012,27,4,10,90
13,14,Manvinder Bisla,CSK,Chidambaram,27 May 2012,27,5,8,89
14,15,Suresh Raina,KKR,Chidambaram,27 May 2012,27,5,3,73
15,16,Chris Gayle,CSK,Chidambaram,12 April 2012,27,6,2,68
16,17,David Hussey,DEC,IS Bindra Stadium,13 May 2012,27,5,4,65
17,18,Virender Sehwag,PWI,Feroz Shah Kotla Ground,21 April 2012,27,4,5,57
18,19,Murali Vijay,DC,Chidambaram,25 May 2012,28,4,15,113
19,20,Gautam Gambhir,RCB,Eden Gardens,28 April 2012,28,5,9,93
20,21,Virender Sehwag,PWI,Maharashtra Cricket Association's International Stadium,24 April 2012,28,3,10,87
21,22,Gautam Gambhir,RCB,M. Chinnaswamy Stadium,10 April 2012,28,1,9,64
22,23,Rohit Sharma,KKR,Eden Gardens,12 May 2012,29,5,12,109
23,24,Tillakaratne Dilshan,DEC,M. Chinnaswamy Stadium,06 May 2012,29,2,8,71
24,25,Kieron Pollard,RR,Wankhede Stadium,11 April 2012,29,4,6,64
25,26,Ambati Rayudu,DC,Feroz Shah Kotla Ground,27 April 2012,29,3,5,62
26,27,Rohit Sharma,KXIP,IS Bindra Stadium,25 April 2012,29,3,3,50
27,28,Virender Sehwag,MI,Feroz Shah Kotla Ground,27 April 2012,30,4,8,73
28,29,David Hussey,MI,IS Bindra Stadium,25 April 2012,30,4,4,68
29,30,Gautam Gambhir,PWI,Eden Gardens,05 May 2012,30,2,4,56
30,31,Mandeep Singh,DEC,Rajiv Gandhi Intl. Cricket Stadium,08 May 2012,31,3,8,75
31,32,Gautam Gambhir,CSK,Eden Gardens,14 May 2012,31,3,6,62
32,33,Mahela Jayawardene,CSK,Chidambaram,25 May 2012,31,2,4,55
33,34,Kieron Pollard,RCB,M. Chinnaswamy Stadium,14 May 2012,31,3,5,52
34,35,Owais Shah,MI,Wankhede Stadium,11 April 2012,32,5,5,76
35,36,Sachin Tendulkar,CSK,Wankhede Stadium,06 May 2012,32,1,11,74
36,37,Chris Gayle,KXIP,M. Chinnaswamy Stadium,02 May 2012,32,4,6,71
37,38,Faf du Plessis,RCB,Chidambaram,12 April 2012,32,4,5,71
38,39,Jesse Ryder,DC,Feroz Shah Kotla Ground,21 April 2012,33,4,7,86
39,40,Robin Uthappa,RCB,M. Chinnaswamy Stadium,17 April 2012,33,2,9,69
40,41,Shaun Marsh,MI,Wankhede Stadium,22 April 2012,33,3,5,68
41,42,Cameron White,DC,Rajiv Gandhi Intl. Cricket Stadium,10 May 2012,33,2,7,65
42,43,Virender Sehwag,RR,Feroz Shah Kotla Ground,29 April 2012,33,2,8,63
43,44,Dwayne Smith,RR,Sawai Mansingh Stadium,20 May 2012,34,3,10,87
44,45,Faf du Plessis,RR,Chidambaram,21 April 2012,34,2,6,73
45,46,Rahul Dravid,RCB,Sawai Mansingh Stadium,23 April 2012,34,0,8,58
46,47,Richard Levi,CSK,Chidambaram,04 April 2012,34,3,6,50
47,48,Nitin Saini,RCB,M. Chinnaswamy Stadium,02 May 2012,34,0,5,50
48,49,Cameron White,PWI,Maharashtra Cricket Association's International Stadium,26 April 2012,35,5,6,78
49,50,Cameron White,KXIP,IS Bindra Stadium,13 May 2012,35,1,8,67
50,51,Rahul Dravid,DC,Sawai Mansingh Stadium,01 May 2012,35,0,7,57
51,52,Michael Hussey,KKR,Eden Gardens,14 May 2012,35,4,4,56
52,53,Chris Gayle,MI,Wankhede Stadium,09 May 2012,36,6,5,82
53,54,Jesse Ryder,CSK,Maharashtra Cricket Association's International Stadium,14 April 2012,36,1,7,73
54,55,Shikhar Dhawan,KXIP,IS Bindra Stadium,13 May 2012,36,3,4,71
55,56,Gautam Gambhir,KXIP,IS Bindra Stadium,18 April 2012,36,1,7,66
56,57,AB de Villiers,KXIP,IS Bindra Stadium,20 April 2012,36,0,6,52
57,58,Chris Gayle,DC,Feroz Shah Kotla Ground,17 May 2012,37,13,7,128
58,59,Ajinkya Rahane,KXIP,Sawai Mansingh Stadium,06 April 2012,37,1,16,98
59,60,Shikhar Dhawan,DC,Rajiv Gandhi Intl. Cricket Stadium,10 May 2012,37,5,9,84
60,61,AB de Villiers,DC,M. Chinnaswamy Stadium,07 April 2012,37,2,6,64
61,62,Rohit Sharma,CSK,Wankhede Stadium,06 May 2012,37,2,6,60
62,63,Shikhar Dhawan,RR,Sawai Mansingh Stadium,17 April 2012,37,0,8,52
63,64,Kumar Sangakkara,PWI,Barabati Stadium,01 May 2012,38,2,10,82
64,65,Chris Gayle,PWI,M. Chinnaswamy Stadium,17 April 2012,38,8,4,81
65,66,James Franklin,KXIP,Wankhede Stadium,22 April 2012,38,4,6,79
66,67,Cameron White,PWI,Barabati Stadium,01 May 2012,38,4,4,74
67,68,Naman Ojha,DEC,Rajiv Gandhi Intl. Cricket Stadium,10 May 2012,38,5,2,64
68,69,Michael Hussey,KKR,Chidambaram,27 May 2012,38,2,4,54
69,70,Cameron White,CSK,Chidambaram,04 May 2012,39,2,9,77
70,71,Shikhar Dhawan,RCB,M. Chinnaswamy Stadium,06 May 2012,39,1,10,73
71,72,Jacques Kallis,CSK,Chidambaram,27 May 2012,39,1,7,69
72,73,Mahela Jayawardene,MI,Feroz Shah Kotla Ground,27 April 2012,39,0,8,55
73,74,Ajinkya Rahane,DC,Feroz Shah Kotla Ground,29 April 2012,40,1,9,84
74,75,Manish Pandey,DC,Maharashtra Cricket Association's International Stadium,24 April 2012,40,3,7,80
75,76,Ajinkya Rahane,PWI,Sawai Mansingh Stadium,13 May 2012,40,0,7,61
76,77,Brendon McCullum,DC,Feroz Shah Kotla Ground,07 May 2012,40,0,7,56
77,78,Tillakaratne Dilshan,PWI,Maharashtra Cricket Association's International Stadium,11 May 2012,40,1,6,53
78,79,Owais Shah,CSK,Chidambaram,21 April 2012,40,3,4,52
79,80,Ajinkya Rahane,RCB,M. Chinnaswamy Stadium,15 April 2012,41,5,12,103
80,81,Chris Gayle,KXIP,IS Bindra Stadium,20 April 2012,41,4,8,87
81,82,Ambati Rayudu,RCB,M. Chinnaswamy Stadium,14 May 2012,41,4,6,81
82,83,Virat Kohli,DC,Feroz Shah Kotla Ground,17 May 2012,41,1,9,73
83,84,Rohit Sharma,DEC,ACA-VDCA Stadium,09 April 2012,41,5,4,73
84,85,Kevin Pietersen,DEC,Feroz Shah Kotla Ground,19 April 2012,42,9,6,103
85,86,Chris Gayle,KKR,Eden Gardens,28 April 2012,42,6,7,86
86,87,Adam Gilchrist,CSK,HPCA Stadium,17 May 2012,42,2,9,64
87,88,Manoj Tiwary,RR,Sawai Mansingh Stadium,08 April 2012,42,0,7,59
88,89,Faf du Plessis,PWI,Chidambaram,19 April 2012,42,2,4,58
89,90,Subramaniam Badrinath,PWI,Chidambaram,19 April 2012,42,0,8,57
90,91,Tillakaratne Dilshan,RR,Sawai Mansingh Stadium,23 April 2012,43,1,10,76
91,92,JP Duminy,RCB,Rajiv Gandhi Intl. Cricket Stadium,20 May 2012,43,5,4,74
92,93,Gautam Gambhir,CSK,Chidambaram,30 April 2012,43,1,6,63
93,94,Virat Kohli,CSK,Chidambaram,12 April 2012,43,2,5,57
94,95,Sachin Tendulkar,RR,Sawai Mansingh Stadium,20 May 2012,44,0,6,58
95,96,Mandeep Singh,CSK,Chidambaram,28 April 2012,44,1,5,56
96,97,Jacques Kallis,MI,Eden Gardens,12 May 2012,45,3,7,79
97,98,Herschelle Gibbs,KKR,Eden Gardens,12 May 2012,48,2,7,66
98,99,Mahela Jayawardene,KXIP,Feroz Shah Kotla Ground,15 May 2012,48,0,8,56
99,100,Shaun Marsh,PWI,IS Bindra Stadium,12 April 2012,49,1,7,64
