,POS,PLAYER,"
                                Speed (km/h)
                            "
0,1,Dale Steyn,154.40
1,2,Shaun Tait,152.72
2,3,Dale Steyn,152.44
3,4,Dale Steyn,152.24
4,5,Lasith Malinga,152.10
5,6,Shaun Tait,151.75
6,7,Umesh Yadav,151.56
7,8,Dale Steyn,151.41
8,9,Umesh Yadav,151.09
9,10,Parvinder Awana,151.05
10,11,Shaun Tait,151.01
11,12,Shaun Tait,150.93
12,13,Umesh Yadav,150.89
13,14,Veer Pratap Singh,150.85
14,15,Shaun Tait,150.83
15,16,Morne Morkel,150.82
16,17,Lasith Malinga,150.82
17,18,Shaun Tait,150.81
18,19,Morne Morkel,150.71
19,20,Umesh Yadav,150.53
20,21,Shaun Tait,150.51
21,22,Shaun Tait,150.49
22,23,Umesh Yadav,150.40
23,24,Dale Steyn,150.25
24,25,Dale Steyn,150.21
25,26,Umesh Yadav,150.20
26,27,Brett Lee,150.14
27,28,Umesh Yadav,150.05
28,29,Shaun Tait,150.01
29,30,Shaun Tait,149.94
30,31,Shaun Tait,149.92
31,32,Shaun Tait,149.91
32,33,Shaun Tait,149.88
33,34,Dale Steyn,149.84
34,35,Dale Steyn,149.80
35,36,Shaun Tait,149.77
36,37,Varun Aaron,149.65
37,38,Dale Steyn,149.59
38,39,Dale Steyn,149.58
39,40,Shaun Tait,149.46
40,41,Shaun Tait,149.40
41,42,Umesh Yadav,149.24
42,43,Shaun Tait,149.21
43,44,Dale Steyn,149.18
44,45,Dale Steyn,149.17
45,46,Shaun Tait,149.13
46,47,Umesh Yadav,149.12
47,48,Wayne Parnell,149.12
48,49,Varun Aaron,149.11
49,50,Umesh Yadav,149.09
50,51,Dale Steyn,149.09
51,52,Varun Aaron,149.05
52,53,Dale Steyn,149.00
53,54,Dale Steyn,148.98
54,55,Shaun Tait,148.97
55,56,Parvinder Awana,148.95
56,57,Brett Lee,148.94
57,58,Umesh Yadav,148.94
58,59,Dale Steyn,148.94
59,60,Umesh Yadav,148.92
60,61,Dale Steyn,148.92
61,62,Morne Morkel,148.91
62,63,Umesh Yadav,148.85
63,64,Umesh Yadav,148.85
64,65,Umesh Yadav,148.83
65,66,Umesh Yadav,148.79
66,67,Umesh Yadav,148.77
67,68,Marchant de Lange,148.76
68,69,Morne Morkel,148.76
69,70,Dale Steyn,148.75
70,71,Shaun Tait,148.74
71,72,Dale Steyn,148.72
72,73,Umesh Yadav,148.71
73,74,Dale Steyn,148.71
74,75,Dale Steyn,148.71
75,76,Dale Steyn,148.69
76,77,Shaun Tait,148.65
77,78,Umesh Yadav,148.64
78,79,Morne Morkel,148.58
79,80,Shaun Tait,148.55
80,81,Dale Steyn,148.53
81,82,Umesh Yadav,148.52
82,83,Dale Steyn,148.51
83,84,Morne Morkel,148.47
84,85,Umesh Yadav,148.44
85,86,Umesh Yadav,148.44
86,87,Shaun Tait,148.42
87,88,Umesh Yadav,148.42
88,89,Dale Steyn,148.42
89,90,Umesh Yadav,148.40
90,91,Dale Steyn,148.38
91,92,Dale Steyn,148.38
92,93,Umesh Yadav,148.37
93,94,Lakshmipathy Balaji,148.37
94,95,Morne Morkel,148.36
95,96,Varun Aaron,148.34
96,97,Dale Steyn,148.28
97,98,Dale Steyn,148.27
98,99,Shaun Tait,148.26
99,100,Varun Aaron,148.26
