,POS,PLAYER,"
                                Ov
                            ","
                                Maid
                            ","
                                Dots
                            ","
                                Runs
                            ","
                                Wkts
                            ","
                                SR
                            ","
                                Against
                            ","
                                Venue
                            ","
                                Match Date
                            "
0,1,Dale Steyn,4,0,18,8,3,8.00,RCB,Rajiv Gandhi Intl. Cricket Stadium,20 May 2012
1,2,Dale Steyn,4,0,17,10,2,12.00,MI,Wankhede Stadium,29 April 2012
2,3,Lasith Malinga,4,0,17,13,2,12.00,RR,Wankhede Stadium,11 April 2012
3,4,Zaheer Khan,4,1,17,15,1,24.00,RR,M. Chinnaswamy Stadium,15 April 2012
4,5,Ravindra Jadeja,4,0,17,16,5,4.80,DEC,ACA-VDCA Stadium,07 April 2012
5,6,Praveen Kumar,4,0,17,19,0,-,PWI,IS Bindra Stadium,12 April 2012
6,7,Brett Lee,4,0,17,21,0,-,RCB,M. Chinnaswamy Stadium,10 April 2012
7,8,Praveen Kumar,4,0,16,8,0,-,RCB,M. Chinnaswamy Stadium,02 May 2012
8,9,Morne Morkel,4,0,16,20,4,6.00,KXIP,HPCA Stadium,19 May 2012
9,10,Ben Hilfenhaus,4,1,15,8,2,12.00,RR,Sawai Mansingh Stadium,10 May 2012
10,11,Lakshmipathy Balaji,4,0,15,11,2,12.00,MI,Wankhede Stadium,16 May 2012
11,12,Umesh Yadav,4,0,15,11,2,12.00,MI,Wankhede Stadium,16 April 2012
12,13,Parvinder Awana,4,0,15,12,2,12.00,CSK,HPCA Stadium,17 May 2012
13,14,Ajit Chandila,4,0,15,13,4,6.00,PWI,Sawai Mansingh Stadium,13 May 2012
14,15,Harbhajan Singh,4,0,15,13,2,12.00,DEC,Wankhede Stadium,29 April 2012
15,16,Brett Lee,4,0,15,15,1,24.00,DEC,Barabati Stadium,22 April 2012
16,17,Shahbaz Nadeem,4,0,15,16,2,12.00,MI,Wankhede Stadium,16 April 2012
17,18,Ashok Dinda,4,0,15,18,4,6.00,MI,Wankhede Stadium,06 April 2012
18,19,Dhawal Kulkarni,4,1,15,18,3,8.00,RR,Sawai Mansingh Stadium,20 May 2012
19,20,Ryan Harris,4,0,15,19,2,12.00,DC,HPCA Stadium,19 May 2012
20,21,Ashish Nehra,4,0,15,19,2,12.00,MI,Maharashtra Cricket Association's International Stadium,03 May 2012
21,22,Ben Hilfenhaus,4,0,15,20,1,24.00,KXIP,HPCA Stadium,17 May 2012
22,23,Shane Watson,4,1,15,22,2,12.00,KXIP,IS Bindra Stadium,05 May 2012
23,24,Johan Botha,4,0,15,22,1,24.00,KKR,Eden Gardens,13 April 2012
24,25,Azhar Mahmood,4,0,15,28,2,12.00,CSK,HPCA Stadium,17 May 2012
25,26,Dale Steyn,4,1,14,12,3,8.00,MI,ACA-VDCA Stadium,09 April 2012
26,27,Shaun Tait,4,0,14,13,3,8.00,PWI,Maharashtra Cricket Association's International Stadium,08 May 2012
27,28,Sunil Narine,4,1,14,13,1,24.00,PWI,Eden Gardens,05 May 2012
28,29,Kieron Pollard,4,0,14,14,2,12.00,KXIP,Wankhede Stadium,22 April 2012
29,30,Zaheer Khan,4,0,14,16,0,-,MI,Wankhede Stadium,09 May 2012
30,31,Pankaj Singh,4,0,14,18,2,12.00,RCB,M. Chinnaswamy Stadium,15 April 2012
31,32,Praveen Kumar,4,0,14,18,2,12.00,CSK,HPCA Stadium,17 May 2012
32,33,Ankit Sharma,4,0,14,18,0,-,MI,ACA-VDCA Stadium,09 April 2012
33,34,KP Appanna,4,0,14,19,4,6.00,RR,Sawai Mansingh Stadium,23 April 2012
34,35,Umesh Yadav,4,1,14,19,3,8.00,KXIP,HPCA Stadium,19 May 2012
35,36,Yusuf Pathan,4,0,14,19,1,24.00,RCB,Eden Gardens,28 April 2012
36,37,Lasith Malinga,4,0,14,20,0,-,RCB,Wankhede Stadium,09 May 2012
37,38,Umesh Yadav,4,0,14,21,3,8.00,KXIP,Feroz Shah Kotla Ground,15 May 2012
38,39,Parvinder Awana,4,0,14,22,3,8.00,DC,Feroz Shah Kotla Ground,15 May 2012
39,40,Morne Morkel,4,1,14,22,2,12.00,MI,Wankhede Stadium,16 April 2012
40,41,Sunil Narine,4,0,14,23,2,12.00,DC,Feroz Shah Kotla Ground,07 May 2012
41,42,Shaun Tait,3.1,0,14,20,0,-,CSK,Sawai Mansingh Stadium,10 May 2012
42,43,Ben Hilfenhaus,4,0,14,27,3,8.00,DC,Chidambaram,12 May 2012
43,44,Brett Lee,4,0,14,29,2,12.00,RR,Sawai Mansingh Stadium,08 April 2012
44,45,Praveen Kumar,4,0,14,33,0,-,DC,HPCA Stadium,19 May 2012
45,46,Parvinder Awana,4,0,14,34,4,6.00,RCB,IS Bindra Stadium,20 April 2012
46,47,Sunil Narine,4,0,13,11,1,24.00,RCB,Eden Gardens,28 April 2012
47,48,Irfan Pathan,4,1,13,12,1,24.00,MI,Wankhede Stadium,16 April 2012
48,49,Sunil Narine,4,0,13,14,2,12.00,CSK,Eden Gardens,14 May 2012
49,50,Albie Morkel,4,0,13,15,1,24.00,DC,Chidambaram,12 May 2012
50,51,Lasith Malinga,3.5,0,13,16,2,11.50,CSK,Chidambaram,04 April 2012
51,52,Munaf Patel,4,0,13,17,1,24.00,KKR,Wankhede Stadium,16 May 2012
52,53,Nuwan Kulasekara,4,0,13,17,1,24.00,RR,Chidambaram,21 April 2012
53,54,Pawan Negi,4,0,13,18,4,6.00,RR,Sawai Mansingh Stadium,01 May 2012
54,55,Lakshmipathy Balaji,4,1,13,18,4,6.00,RCB,M. Chinnaswamy Stadium,10 April 2012
55,56,Siddharth Trivedi,4,0,13,18,2,12.00,CSK,Sawai Mansingh Stadium,10 May 2012
56,57,Shaun Tait,4,0,13,18,2,12.00,KXIP,IS Bindra Stadium,05 May 2012
57,58,Harbhajan Singh,4,0,13,18,2,12.00,PWI,Maharashtra Cricket Association's International Stadium,03 May 2012
58,59,Sunil Narine,4,0,13,19,5,4.80,KXIP,Eden Gardens,15 April 2012
59,60,Morne Morkel,4,0,13,19,2,12.00,CSK,Feroz Shah Kotla Ground,10 April 2012
60,61,Ravichandran Ashwin,4,0,13,19,1,24.00,RR,Chidambaram,21 April 2012
61,62,Albie Morkel,4,0,13,20,0,-,MI,Chidambaram,04 April 2012
62,63,Alfonso Thomas,4,0,13,22,3,8.00,DC,Feroz Shah Kotla Ground,21 April 2012
63,64,Ashish Nehra,4,0,13,23,3,8.00,RR,Sawai Mansingh Stadium,13 May 2012
64,65,Pragyan Ojha,4,0,13,23,1,24.00,PWI,Wankhede Stadium,06 April 2012
65,66,Dale Steyn,4,0,13,24,2,12.00,KKR,Barabati Stadium,22 April 2012
66,67,Munaf Patel,4,0,13,24,1,24.00,PWI,Maharashtra Cricket Association's International Stadium,03 May 2012
67,68,Lasith Malinga,4,0,13,25,2,12.00,PWI,Maharashtra Cricket Association's International Stadium,03 May 2012
68,69,Lakshmipathy Balaji,4,0,13,27,0,-,RR,Eden Gardens,13 April 2012
69,70,Ben Hilfenhaus,4,1,13,34,2,12.00,MI,Wankhede Stadium,06 May 2012
70,71,Rajat Bhatia,4,0,12,14,2,12.00,KXIP,Eden Gardens,15 April 2012
71,72,Praveen Kumar,4,0,12,15,2,12.00,DEC,Rajiv Gandhi Intl. Cricket Stadium,08 May 2012
72,73,Sunil Narine,4,0,12,15,1,24.00,PWI,Maharashtra Cricket Association's International Stadium,19 May 2012
73,74,Dale Steyn,4,0,12,16,2,12.00,RR,Rajiv Gandhi Intl. Cricket Stadium,18 May 2012
74,75,Lasith Malinga,4,1,12,16,2,12.00,PWI,Wankhede Stadium,06 April 2012
75,76,Rahul Sharma,4,0,12,16,1,24.00,MI,Wankhede Stadium,06 April 2012
76,77,Lasith Malinga,3.4,0,12,16,4,5.50,DEC,Wankhede Stadium,29 April 2012
77,78,Vinay Kumar,4,0,12,18,2,12.00,KKR,M. Chinnaswamy Stadium,10 April 2012
78,79,Wayne Parnell,4,0,12,18,2,12.00,KKR,Maharashtra Cricket Association's International Stadium,19 May 2012
79,80,Harbhajan Singh,4,0,12,18,0,-,DEC,ACA-VDCA Stadium,09 April 2012
80,81,Sunil Narine,3.1,0,12,15,4,4.75,MI,Wankhede Stadium,16 May 2012
81,82,Dale Steyn,4,0,12,19,2,12.00,DC,Feroz Shah Kotla Ground,19 April 2012
82,83,Munaf Patel,4,0,12,20,4,6.00,DEC,ACA-VDCA Stadium,09 April 2012
83,84,Siddharth Trivedi,4,0,12,20,2,12.00,DEC,Rajiv Gandhi Intl. Cricket Stadium,18 May 2012
84,85,Ajit Chandila,4,0,12,20,1,24.00,DEC,Rajiv Gandhi Intl. Cricket Stadium,18 May 2012
85,86,Brad Hogg,4,0,12,20,1,24.00,KKR,Eden Gardens,13 April 2012
86,87,Marlon Samuels,4,0,12,21,1,24.00,MI,Wankhede Stadium,06 April 2012
87,88,Ankeet Chavan,4,0,12,23,2,12.00,KKR,Sawai Mansingh Stadium,08 April 2012
88,89,Irfan Pathan,4,0,12,23,1,24.00,PWI,Maharashtra Cricket Association's International Stadium,24 April 2012
89,90,Munaf Patel,4,0,12,23,1,24.00,DEC,Wankhede Stadium,29 April 2012
90,91,RP Singh,4,0,12,23,1,24.00,RCB,M. Chinnaswamy Stadium,14 May 2012
91,92,Marlon Samuels,4,0,12,23,1,24.00,KXIP,Maharashtra Cricket Association's International Stadium,08 April 2012
92,93,Jacques Kallis,4,0,12,24,2,12.00,DC,Maharashtra Cricket Association's International Stadium,22 May 2012
93,94,RP Singh,4,0,12,24,2,12.00,DC,Wankhede Stadium,16 April 2012
94,95,Irfan Pathan,4,0,12,25,1,24.00,CSK,Feroz Shah Kotla Ground,10 April 2012
95,96,Shakib Al Hasan,4,0,12,25,1,24.00,MI,Wankhede Stadium,16 May 2012
96,97,Irfan Pathan,4,0,12,25,0,-,KXIP,HPCA Stadium,19 May 2012
97,98,Ravichandran Ashwin,3.5,0,12,24,3,7.66,DC,Chidambaram,25 May 2012
98,99,Albie Morkel,3,0,12,19,0,-,RR,Sawai Mansingh Stadium,10 May 2012
99,100,Kevon Cooper,4,0,12,26,4,6.00,KXIP,Sawai Mansingh Stadium,06 April 2012
