,POS,PLAYER,"
                                Runs
                            ","
                                BF
                            ","
                                4s
                            ","
                                6s
                            ","
                                SR
                            ","
                                Against
                            ","
                                Venue
                            ","
                                Match Date
                            "
0,1,Chris Gayle,128,62,7,13,206.45,DC,Feroz Shah Kotla Ground,17 May 2012
1,2,Kevin Pietersen,103,64,6,9,160.93,DEC,Feroz Shah Kotla Ground,19 April 2012
2,3,Chris Gayle,81,48,4,8,168.75,PWI,M. Chinnaswamy Stadium,17 April 2012
3,4,David Warner,109,54,10,7,201.85,DEC,Rajiv Gandhi Intl. Cricket Stadium,10 May 2012
4,5,Chris Gayle,68,35,2,6,194.28,CSK,Chidambaram,12 April 2012
5,6,Chris Gayle,57,31,3,6,183.87,PWI,Maharashtra Cricket Association's International Stadium,11 May 2012
6,7,Chris Gayle,86,58,7,6,148.27,KKR,Eden Gardens,28 April 2012
7,8,Chris Gayle,82,59,5,6,138.98,MI,Wankhede Stadium,09 May 2012
8,9,AB de Villiers,59,23,3,5,256.52,RR,Sawai Mansingh Stadium,23 April 2012
9,10,Dwayne Bravo,43,18,0,5,238.88,DEC,ACA-VDCA Stadium,07 April 2012
10,11,Owais Shah,60,26,5,5,230.76,RCB,M. Chinnaswamy Stadium,15 April 2012
11,12,JP Duminy,58,26,3,5,223.07,RR,Sawai Mansingh Stadium,17 April 2012
12,13,Suresh Raina,73,38,3,5,192.10,KKR,Chidambaram,27 May 2012
13,14,David Hussey,65,35,4,5,185.71,DEC,IS Bindra Stadium,13 May 2012
14,15,Manvinder Bisla,89,48,8,5,185.41,CSK,Chidambaram,27 May 2012
15,16,Gautam Gambhir,93,51,9,5,182.35,RCB,Eden Gardens,28 April 2012
16,17,Rohit Sharma,109,60,12,5,181.66,KKR,Eden Gardens,12 May 2012
17,18,Owais Shah,76,42,5,5,180.95,MI,Wankhede Stadium,11 April 2012
18,19,Ajinkya Rahane,103,60,12,5,171.66,RCB,M. Chinnaswamy Stadium,15 April 2012
19,20,Shikhar Dhawan,84,49,9,5,171.42,DC,Rajiv Gandhi Intl. Cricket Stadium,10 May 2012
20,21,Cameron White,78,46,6,5,169.56,PWI,Maharashtra Cricket Association's International Stadium,26 April 2012
21,22,Rohit Sharma,73,50,4,5,146.00,DEC,ACA-VDCA Stadium,09 April 2012
22,23,JP Duminy,74,53,4,5,139.62,RCB,Rajiv Gandhi Intl. Cricket Stadium,20 May 2012
23,24,Naman Ojha,64,46,2,5,139.13,DEC,Rajiv Gandhi Intl. Cricket Stadium,10 May 2012
24,25,Mayank Agarwal,64,30,6,4,213.33,MI,M. Chinnaswamy Stadium,14 May 2012
25,26,Murali Vijay,113,58,15,4,194.82,DC,Chidambaram,25 May 2012
26,27,Kieron Pollard,64,33,6,4,193.93,RR,Wankhede Stadium,11 April 2012
27,28,Virender Sehwag,73,39,8,4,187.17,MI,Feroz Shah Kotla Ground,27 April 2012
28,29,Shane Watson,58,31,6,4,187.09,PWI,Sawai Mansingh Stadium,13 May 2012
29,30,David Warner,79,44,10,4,179.54,KXIP,HPCA Stadium,19 May 2012
30,31,Virender Sehwag,57,32,5,4,178.12,PWI,Feroz Shah Kotla Ground,21 April 2012
31,32,Shane Watson,90,51,10,4,176.47,PWI,Maharashtra Cricket Association's International Stadium,08 May 2012
32,33,Shikhar Dhawan,41,24,2,4,170.83,MI,ACA-VDCA Stadium,09 April 2012
33,34,David Hussey,68,40,4,4,170.00,MI,IS Bindra Stadium,25 April 2012
34,35,Chris Gayle,71,42,6,4,169.04,KXIP,M. Chinnaswamy Stadium,02 May 2012
35,36,Cameron White,74,45,4,4,164.44,PWI,Barabati Stadium,01 May 2012
36,37,Faf du Plessis,39,25,1,4,156.00,DEC,ACA-VDCA Stadium,07 April 2012
37,38,Chris Gayle,87,56,8,4,155.35,KXIP,IS Bindra Stadium,20 April 2012
38,39,David Hussey,45,29,2,4,155.17,RCB,M. Chinnaswamy Stadium,02 May 2012
39,40,James Franklin,79,51,6,4,154.90,KXIP,Wankhede Stadium,22 April 2012
40,41,Faf du Plessis,71,46,5,4,154.34,RCB,Chidambaram,12 April 2012
41,42,Ambati Rayudu,81,54,6,4,150.00,RCB,M. Chinnaswamy Stadium,14 May 2012
42,43,Jesse Ryder,86,58,7,4,148.27,DC,Feroz Shah Kotla Ground,21 April 2012
43,44,Michael Hussey,56,39,4,4,143.58,KKR,Eden Gardens,14 May 2012
44,45,Daniel Harris,47,41,2,4,114.63,RCB,M. Chinnaswamy Stadium,06 May 2012
45,46,Albie Morkel,28,7,2,3,400.00,RCB,Chidambaram,12 April 2012
46,47,AB de Villiers,47,17,5,3,276.47,DEC,M. Chinnaswamy Stadium,06 May 2012
47,48,AB de Villiers,33,14,2,3,235.71,PWI,M. Chinnaswamy Stadium,17 April 2012
48,49,Irfan Pathan,42,20,2,3,210.00,KKR,Eden Gardens,05 April 2012
49,50,Steve Smith,25,12,0,3,208.33,KXIP,Maharashtra Cricket Association's International Stadium,08 April 2012
50,51,Andre Russell,31,15,1,3,206.66,RCB,Feroz Shah Kotla Ground,17 May 2012
51,52,David Miller,34,17,1,3,200.00,MI,IS Bindra Stadium,25 April 2012
52,53,Steve Smith,44,22,4,3,200.00,CSK,Maharashtra Cricket Association's International Stadium,14 April 2012
53,54,Steve Smith,26,13,0,3,200.00,DEC,Maharashtra Cricket Association's International Stadium,26 April 2012
54,55,Kevin Pietersen,50,26,6,3,192.30,MI,Feroz Shah Kotla Ground,27 April 2012
55,56,Cameron White,45,24,2,3,187.50,RCB,M. Chinnaswamy Stadium,06 May 2012
56,57,Virender Sehwag,87,48,10,3,181.25,PWI,Maharashtra Cricket Association's International Stadium,24 April 2012
57,58,Mayank Agarwal,45,26,5,3,173.07,CSK,Chidambaram,12 April 2012
58,59,Shaun Marsh,68,40,5,3,170.00,MI,Wankhede Stadium,22 April 2012
59,60,Kieron Pollard,52,31,5,3,167.74,RCB,M. Chinnaswamy Stadium,14 May 2012
60,61,Rohit Sharma,50,30,3,3,166.66,KXIP,IS Bindra Stadium,25 April 2012
61,62,Ravindra Jadeja,48,29,3,3,165.51,DEC,ACA-VDCA Stadium,07 April 2012
62,63,Mayank Agarwal,34,21,3,3,161.90,RR,M. Chinnaswamy Stadium,15 April 2012
63,64,Ambati Rayudu,62,39,5,3,158.97,DC,Feroz Shah Kotla Ground,27 April 2012
64,65,Manvinder Bisla,46,29,2,3,158.62,RCB,M. Chinnaswamy Stadium,10 April 2012
65,66,Mandeep Singh,75,48,8,3,156.25,DEC,Rajiv Gandhi Intl. Cricket Stadium,08 May 2012
66,67,Jacques Kallis,41,27,1,3,151.85,RCB,Eden Gardens,28 April 2012
67,68,Dwayne Smith,87,58,10,3,150.00,RR,Sawai Mansingh Stadium,20 May 2012
68,69,Ambati Rayudu,47,32,1,3,146.87,RR,Wankhede Stadium,11 April 2012
69,70,Gautam Gambhir,62,43,6,3,144.18,CSK,Eden Gardens,14 May 2012
70,71,Manish Pandey,80,56,7,3,142.85,DC,Maharashtra Cricket Association's International Stadium,24 April 2012
71,72,Richard Levi,50,35,6,3,142.85,CSK,Chidambaram,04 April 2012
72,73,Shikhar Dhawan,71,50,4,3,142.00,KXIP,IS Bindra Stadium,13 May 2012
73,74,Murali Vijay,41,29,4,3,141.37,MI,Wankhede Stadium,06 May 2012
74,75,Kevin Pietersen,32,23,1,3,139.13,PWI,Feroz Shah Kotla Ground,21 April 2012
75,76,Kieron Pollard,24,18,0,3,133.33,DEC,ACA-VDCA Stadium,09 April 2012
76,77,Jacques Kallis,79,60,7,3,131.66,MI,Eden Gardens,12 May 2012
77,78,Angelo Mathews,35,27,0,3,129.62,KKR,Eden Gardens,05 May 2012
78,79,Owais Shah,52,43,4,3,120.93,CSK,Chidambaram,21 April 2012
79,80,Dwayne Bravo,48,43,2,3,111.62,KXIP,HPCA Stadium,17 May 2012
80,81,Virat Kohli,42,40,2,3,105.00,DEC,Rajiv Gandhi Intl. Cricket Stadium,20 May 2012
81,82,Srikkanth Anirudha,18,6,1,2,300.00,RR,Sawai Mansingh Stadium,10 May 2012
82,83,Harbhajan Singh,18,6,1,2,300.00,RR,Wankhede Stadium,11 April 2012
83,84,Albie Morkel,18,6,1,2,300.00,RR,Sawai Mansingh Stadium,10 May 2012
84,85,Mayank Agarwal,18,6,1,2,300.00,DEC,M. Chinnaswamy Stadium,06 May 2012
85,86,Dwayne Bravo,33,12,3,2,275.00,DC,Chidambaram,25 May 2012
86,87,Chris Gayle,27,10,3,2,270.00,DEC,Rajiv Gandhi Intl. Cricket Stadium,20 May 2012
87,88,Dwayne Smith,24,9,2,2,266.66,CSK,Wankhede Stadium,06 May 2012
88,89,Steve Smith,34,13,4,2,261.53,DC,Feroz Shah Kotla Ground,21 April 2012
89,90,MS Dhoni,51,20,6,2,255.00,MI,M. Chinnaswamy Stadium,23 May 2012
90,91,Dan Christian,24,10,1,2,240.00,KXIP,IS Bindra Stadium,13 May 2012
91,92,Azhar Mahmood,33,14,3,2,235.71,RCB,IS Bindra Stadium,20 April 2012
92,93,Dwayne Bravo,33,14,3,2,235.71,MI,M. Chinnaswamy Stadium,23 May 2012
93,94,Kevon Cooper,14,6,0,2,233.33,MI,Wankhede Stadium,11 April 2012
94,95,MS Dhoni,23,10,1,2,230.00,DC,Chidambaram,25 May 2012
95,96,Brad Hodge,48,21,6,2,228.57,DEC,Sawai Mansingh Stadium,17 April 2012
96,97,Brett Lee,25,11,2,2,227.27,RR,Sawai Mansingh Stadium,08 April 2012
97,98,Ross Taylor,15,7,0,2,214.28,MI,Feroz Shah Kotla Ground,27 April 2012
98,99,Shane Watson,36,17,4,2,211.76,KXIP,IS Bindra Stadium,05 May 2012
99,100,Ross Taylor,55,26,7,2,211.53,RCB,Feroz Shah Kotla Ground,17 May 2012
