,POS,PLAYER,"
                                Runs
                            ","
                                BF
                            ","
                                4s
                            ","
                                6s
                            ","
                                SR
                            ","
                                Against
                            ","
                                Venue
                            ","
                                Match Date
                            "
0,1,Chris Gayle,30,5,0,5,600.00,PWI,M. Chinnaswamy Stadium,17 April 2012
1,2,Albie Morkel,28,6,2,3,466.66,RCB,Chidambaram,12 April 2012
2,3,Chris Gayle,24,5,0,4,480.00,PWI,Maharashtra Cricket Association's International Stadium,11 May 2012
3,4,Chris Gayle,24,6,3,2,400.00,DEC,Rajiv Gandhi Intl. Cricket Stadium,20 May 2012
4,5,Mayank Agarwal,24,6,2,2,400.00,MI,M. Chinnaswamy Stadium,14 May 2012
5,6,Kumar Sangakkara,24,7,2,2,342.85,PWI,Barabati Stadium,01 May 2012
6,7,Cameron White,24,5,1,3,480.00,PWI,Barabati Stadium,01 May 2012
7,8,Ajinkya Rahane,24,6,6,0,400.00,RCB,M. Chinnaswamy Stadium,15 April 2012
8,9,AB de Villiers,23,6,2,2,383.33,DEC,M. Chinnaswamy Stadium,06 May 2012
9,10,Dwayne Bravo,23,6,2,2,383.33,DC,Chidambaram,25 May 2012
10,11,David Warner,23,6,1,3,383.33,KXIP,HPCA Stadium,19 May 2012
11,12,Dwayne Bravo,22,7,0,3,314.28,DEC,ACA-VDCA Stadium,07 April 2012
12,13,Chris Gayle,22,5,1,3,440.00,KKR,Eden Gardens,28 April 2012
13,14,Murali Vijay,22,5,1,3,440.00,MI,Wankhede Stadium,06 May 2012
14,15,Kieron Pollard,22,6,2,2,366.66,RR,Wankhede Stadium,11 April 2012
15,16,Adam Gilchrist,21,5,2,2,420.00,CSK,HPCA Stadium,17 May 2012
16,17,Steve Smith,21,5,2,2,420.00,DC,Feroz Shah Kotla Ground,21 April 2012
17,18,Virender Sehwag,21,5,2,2,420.00,MI,Feroz Shah Kotla Ground,27 April 2012
18,19,Murali Vijay,21,6,2,2,350.00,DC,Chidambaram,25 May 2012
19,20,Kevin Pietersen,20,5,0,3,400.00,DEC,Feroz Shah Kotla Ground,19 April 2012
20,21,Kevin Pietersen,20,6,2,2,333.33,MI,Feroz Shah Kotla Ground,27 April 2012
21,22,David Hussey,20,5,1,2,400.00,DEC,IS Bindra Stadium,13 May 2012
22,23,David Warner,20,6,2,2,333.33,DEC,Rajiv Gandhi Intl. Cricket Stadium,10 May 2012
23,24,Chris Gayle,20,6,0,3,333.33,MI,Wankhede Stadium,09 May 2012
24,25,Stuart Binny,19,5,3,1,380.00,MI,Sawai Mansingh Stadium,20 May 2012
25,26,Kumar Sangakkara,19,6,4,0,316.66,PWI,Barabati Stadium,01 May 2012
26,27,Angelo Mathews,19,4,0,3,475.00,KKR,Eden Gardens,05 May 2012
27,28,JP Duminy,19,5,0,3,380.00,RCB,Rajiv Gandhi Intl. Cricket Stadium,20 May 2012
28,29,Chris Gayle,19,4,0,3,475.00,DC,Feroz Shah Kotla Ground,17 May 2012
29,30,Kevin Pietersen,19,5,0,3,380.00,PWI,Feroz Shah Kotla Ground,21 April 2012
30,31,Owais Shah,19,5,1,2,380.00,RCB,M. Chinnaswamy Stadium,15 April 2012
31,32,Chris Gayle,19,5,0,3,380.00,CSK,Chidambaram,12 April 2012
32,33,Rohit Sharma,19,6,3,1,316.66,KKR,Eden Gardens,12 May 2012
33,34,Chris Gayle,19,5,0,3,380.00,DC,Feroz Shah Kotla Ground,17 May 2012
34,35,JP Duminy,18,6,1,2,300.00,RR,Sawai Mansingh Stadium,17 April 2012
35,36,AB de Villiers,18,5,1,2,360.00,RR,Sawai Mansingh Stadium,23 April 2012
36,37,Brett Lee,18,5,1,2,360.00,RR,Sawai Mansingh Stadium,08 April 2012
37,38,Faf du Plessis,18,6,3,1,300.00,PWI,Maharashtra Cricket Association's International Stadium,14 April 2012
38,39,Shaun Marsh,18,6,3,1,300.00,RR,IS Bindra Stadium,05 May 2012
39,40,Andrew McDonald,18,5,3,1,360.00,DC,M. Chinnaswamy Stadium,07 April 2012
40,41,Cameron White,18,5,1,2,360.00,PWI,Maharashtra Cricket Association's International Stadium,26 April 2012
41,42,Faf du Plessis,18,6,1,2,300.00,DEC,ACA-VDCA Stadium,07 April 2012
42,43,Shikhar Dhawan,17,5,1,2,340.00,MI,ACA-VDCA Stadium,09 April 2012
43,44,MS Dhoni,17,5,2,1,340.00,KKR,Eden Gardens,14 May 2012
44,45,Faf du Plessis,17,4,1,2,425.00,RCB,Chidambaram,12 April 2012
45,46,Dan Christian,17,5,0,2,340.00,KXIP,IS Bindra Stadium,13 May 2012
46,47,Owais Shah,17,4,1,2,425.00,RCB,M. Chinnaswamy Stadium,15 April 2012
47,48,Ambati Rayudu,17,4,1,2,425.00,RCB,M. Chinnaswamy Stadium,14 May 2012
48,49,Suresh Raina,17,4,1,2,425.00,DEC,Chidambaram,04 May 2012
49,50,Virender Sehwag,17,4,1,2,425.00,PWI,Feroz Shah Kotla Ground,21 April 2012
50,51,James Franklin,17,4,1,2,425.00,KXIP,Wankhede Stadium,22 April 2012
51,52,AB de Villiers,17,4,1,2,425.00,PWI,M. Chinnaswamy Stadium,17 April 2012
52,53,Manvinder Bisla,17,5,4,0,340.00,CSK,Chidambaram,27 May 2012
53,54,Ravindra Jadeja,17,5,1,2,340.00,DEC,ACA-VDCA Stadium,07 April 2012
54,55,Brad Hodge,17,6,1,2,283.33,KKR,Sawai Mansingh Stadium,08 April 2012
55,56,Chris Gayle,17,4,1,2,425.00,PWI,M. Chinnaswamy Stadium,17 April 2012
56,57,Cameron White,17,5,1,2,340.00,CSK,Chidambaram,04 May 2012
57,58,Chris Gayle,17,5,2,1,340.00,KXIP,M. Chinnaswamy Stadium,02 May 2012
58,59,Mandeep Singh,16,6,2,1,266.66,DEC,Rajiv Gandhi Intl. Cricket Stadium,08 May 2012
59,60,Gurkeerat Mann Singh,16,4,2,1,400.00,DEC,IS Bindra Stadium,13 May 2012
60,61,Rohit Sharma,16,5,2,1,320.00,KKR,Eden Gardens,12 May 2012
61,62,Anustup Majumdar,16,6,0,2,266.66,RR,Maharashtra Cricket Association's International Stadium,08 May 2012
62,63,Virender Sehwag,16,5,2,1,320.00,KKR,Feroz Shah Kotla Ground,07 May 2012
63,64,Kevin Pietersen,16,6,1,2,266.66,DEC,Feroz Shah Kotla Ground,19 April 2012
64,65,Stuart Binny,16,5,2,1,320.00,CSK,Sawai Mansingh Stadium,10 May 2012
65,66,Ajinkya Rahane,16,6,4,0,266.66,KXIP,Sawai Mansingh Stadium,06 April 2012
66,67,Suresh Raina,16,5,2,1,320.00,KKR,Chidambaram,27 May 2012
67,68,Shane Watson,16,6,1,2,266.66,PWI,Maharashtra Cricket Association's International Stadium,08 May 2012
68,69,Irfan Pathan,16,5,0,2,320.00,KKR,Eden Gardens,05 April 2012
69,70,Yogesh Nagar,16,5,1,2,320.00,RR,Feroz Shah Kotla Ground,29 April 2012
70,71,Brad Hodge,16,4,4,0,400.00,DEC,Sawai Mansingh Stadium,17 April 2012
71,72,David Hussey,16,5,1,2,320.00,RCB,M. Chinnaswamy Stadium,02 May 2012
72,73,Daniel Harris,16,5,1,2,320.00,RCB,M. Chinnaswamy Stadium,06 May 2012
73,74,Mayank Agarwal,16,5,1,2,320.00,RR,M. Chinnaswamy Stadium,15 April 2012
74,75,Ross Taylor,15,5,0,2,300.00,CSK,Chidambaram,25 May 2012
75,76,Gautam Gambhir,15,5,2,1,300.00,RCB,M. Chinnaswamy Stadium,10 April 2012
76,77,Shane Watson,15,4,2,1,375.00,KXIP,IS Bindra Stadium,05 May 2012
77,78,Shikhar Dhawan,15,5,2,1,300.00,DC,Rajiv Gandhi Intl. Cricket Stadium,10 May 2012
78,79,Mahela Jayawardene,15,6,3,0,250.00,MI,Feroz Shah Kotla Ground,27 April 2012
79,80,Kieron Pollard,15,5,2,1,300.00,RR,Wankhede Stadium,11 April 2012
80,81,MS Dhoni,15,6,1,1,250.00,MI,Wankhede Stadium,06 May 2012
81,82,Harbhajan Singh,15,4,2,1,375.00,DC,Wankhede Stadium,16 April 2012
82,83,Robin Peterson,15,4,2,1,375.00,KXIP,IS Bindra Stadium,25 April 2012
83,84,Jesse Ryder,15,6,3,0,250.00,CSK,Maharashtra Cricket Association's International Stadium,14 April 2012
84,85,Kieron Pollard,15,4,0,2,375.00,RCB,Wankhede Stadium,09 May 2012
85,86,Piyush Chawla,15,6,2,1,250.00,PWI,Maharashtra Cricket Association's International Stadium,08 April 2012
86,87,Shakib Al Hasan,15,5,0,2,300.00,PWI,Maharashtra Cricket Association's International Stadium,19 May 2012
87,88,Shaun Marsh,15,5,1,1,300.00,MI,Wankhede Stadium,22 April 2012
88,89,Subramaniam Badrinath,15,6,3,0,250.00,PWI,Chidambaram,19 April 2012
89,90,Richard Levi,15,5,2,1,300.00,CSK,Chidambaram,04 April 2012
90,91,Shikhar Dhawan,15,4,2,1,375.00,DC,Rajiv Gandhi Intl. Cricket Stadium,10 May 2012
91,92,Virat Kohli,15,4,0,2,375.00,CSK,Chidambaram,12 April 2012
92,93,Cameron White,15,5,2,1,300.00,RCB,M. Chinnaswamy Stadium,06 May 2012
93,94,Naman Ojha,15,5,0,2,300.00,DEC,Rajiv Gandhi Intl. Cricket Stadium,10 May 2012
94,95,David Warner,15,5,0,2,300.00,DEC,Rajiv Gandhi Intl. Cricket Stadium,10 May 2012
95,96,Shane Watson,15,5,2,1,300.00,PWI,Maharashtra Cricket Association's International Stadium,08 May 2012
96,97,AB de Villiers,15,4,2,1,375.00,DC,M. Chinnaswamy Stadium,07 April 2012
97,98,Dwayne Smith,15,4,2,1,375.00,CSK,Wankhede Stadium,06 May 2012
98,99,AB de Villiers,15,4,2,1,375.00,DEC,M. Chinnaswamy Stadium,06 May 2012
99,100,Gautam Gambhir,15,5,2,1,300.00,DC,Feroz Shah Kotla Ground,07 May 2012
