,POS,PLAYER,"
                                Ov
                            ","
                                Runs
                            ","
                                Wkts
                            ","
                                SR
                            ","
                                Against
                            ","
                                Venue
                            ","
                                Match Date
                            "
0,1,Varun Aaron,4,63,2,12.00,CSK,Chidambaram,25 May 2012
1,2,Amit Singh,4,55,0,-,DEC,Sawai Mansingh Stadium,17 April 2012
2,3,Manpreet Gony,4,54,0,-,CSK,ACA-VDCA Stadium,07 April 2012
3,4,Munaf Patel,4,54,1,24.00,RCB,M. Chinnaswamy Stadium,14 May 2012
4,5,Ashish Nehra,4,54,1,24.00,RCB,M. Chinnaswamy Stadium,17 April 2012
5,6,Vinay Kumar,4,53,1,24.00,CSK,Chidambaram,12 April 2012
6,7,Vinay Kumar,4,51,0,-,RR,M. Chinnaswamy Stadium,15 April 2012
7,8,Andre Russell,4,51,1,24.00,KXIP,HPCA Stadium,19 May 2012
8,9,Morne Morkel,4,50,3,8.00,PWI,Feroz Shah Kotla Ground,21 April 2012
9,10,Dan Christian,4,49,1,24.00,MI,ACA-VDCA Stadium,09 April 2012
10,11,Dwayne Bravo,3.4,49,1,22.00,KKR,Chidambaram,27 May 2012
11,12,Parvinder Awana,4,48,0,-,RCB,M. Chinnaswamy Stadium,02 May 2012
12,13,Varun Aaron,4,48,0,-,KKR,Maharashtra Cricket Association's International Stadium,22 May 2012
13,14,Zaheer Khan,4,48,1,24.00,KKR,Eden Gardens,28 April 2012
14,15,Sreenath Arvind,3,48,0,-,RR,M. Chinnaswamy Stadium,15 April 2012
15,16,Irfan Pathan,4,47,0,-,RCB,M. Chinnaswamy Stadium,07 April 2012
16,17,TP Sudhindra,4,47,0,-,KXIP,IS Bindra Stadium,13 May 2012
17,18,Sunny Gupta,3,47,0,-,CSK,Chidambaram,25 May 2012
18,19,Ravichandran Ashwin,4,46,0,-,RCB,Chidambaram,12 April 2012
19,20,Alfonso Thomas,4,46,0,-,RCB,Maharashtra Cricket Association's International Stadium,11 May 2012
20,21,Harmeet Singh Bansal,4,46,0,-,RCB,IS Bindra Stadium,20 April 2012
21,22,Dale Steyn,4,46,0,-,PWI,Barabati Stadium,01 May 2012
22,23,Irfan Pathan,4,46,0,-,DEC,Rajiv Gandhi Intl. Cricket Stadium,10 May 2012
23,24,Munaf Patel,4,46,0,-,CSK,Wankhede Stadium,06 May 2012
24,25,Harshal Patel,4,46,1,24.00,KKR,M. Chinnaswamy Stadium,10 April 2012
25,26,TP Sudhindra,4,46,1,24.00,CSK,ACA-VDCA Stadium,07 April 2012
26,27,Piyush Chawla,4,46,1,24.00,MI,IS Bindra Stadium,25 April 2012
27,28,Irfan Pathan,4,46,2,12.00,MI,Feroz Shah Kotla Ground,27 April 2012
28,29,Dhawal Kulkarni,4,46,3,8.00,CSK,M. Chinnaswamy Stadium,23 May 2012
29,30,Amit Singh,4,45,0,-,CSK,Chidambaram,21 April 2012
30,31,Veer Pratap Singh,4,45,1,24.00,KXIP,Rajiv Gandhi Intl. Cricket Stadium,08 May 2012
31,32,Anand Rajan,4,45,1,24.00,RR,Sawai Mansingh Stadium,17 April 2012
32,33,Ben Hilfenhaus,4,45,1,24.00,MI,M. Chinnaswamy Stadium,23 May 2012
33,34,Shahbaz Nadeem,4,44,0,-,PWI,Feroz Shah Kotla Ground,21 April 2012
34,35,Siddharth Trivedi,4,44,0,-,RCB,Sawai Mansingh Stadium,23 April 2012
35,36,Amit Mishra,4,44,0,-,DC,Rajiv Gandhi Intl. Cricket Stadium,10 May 2012
36,37,Irfan Pathan,4,44,0,-,RCB,Feroz Shah Kotla Ground,17 May 2012
37,38,Brett Lee,4,44,0,-,MI,Eden Gardens,12 May 2012
38,39,Muttiah Muralitharan,4,44,1,24.00,DC,Feroz Shah Kotla Ground,17 May 2012
39,40,Harshal Patel,4,44,1,24.00,KXIP,IS Bindra Stadium,20 April 2012
40,41,Kieron Pollard,4,44,4,6.00,RR,Wankhede Stadium,11 April 2012
41,42,Anand Rajan,3.5,44,1,23.00,RCB,M. Chinnaswamy Stadium,06 May 2012
42,43,Dale Steyn,3.4,44,0,-,RR,Sawai Mansingh Stadium,17 April 2012
43,44,Harbhajan Singh,4,43,0,-,RR,Wankhede Stadium,11 April 2012
44,45,Dan Christian,4,43,1,24.00,RR,Sawai Mansingh Stadium,17 April 2012
45,46,Ashish Nehra,4,43,1,24.00,CSK,Maharashtra Cricket Association's International Stadium,14 April 2012
46,47,Kevon Cooper,4,43,1,24.00,MI,Wankhede Stadium,11 April 2012
47,48,Amit Singh,3.5,43,2,11.50,RCB,M. Chinnaswamy Stadium,15 April 2012
48,49,TP Sudhindra,3.4,43,0,-,DC,Rajiv Gandhi Intl. Cricket Stadium,10 May 2012
49,50,Brett Lee,4,42,0,-,CSK,Chidambaram,27 May 2012
50,51,Umesh Yadav,4,42,0,-,RCB,Feroz Shah Kotla Ground,17 May 2012
51,52,Praveen Kumar,4,42,0,-,RR,Sawai Mansingh Stadium,06 April 2012
52,53,Harbhajan Singh,4,42,0,-,DC,Feroz Shah Kotla Ground,27 April 2012
53,54,Pradeep Sangwan,4,42,1,24.00,DC,Feroz Shah Kotla Ground,07 May 2012
54,55,Ajit Agarkar,3,42,0,-,DEC,Feroz Shah Kotla Ground,19 April 2012
55,56,Munaf Patel,4,41,0,-,KXIP,IS Bindra Stadium,25 April 2012
56,57,Andre Russell,4,41,0,-,RCB,Feroz Shah Kotla Ground,17 May 2012
57,58,RP Singh,4,41,0,-,DC,Feroz Shah Kotla Ground,27 April 2012
58,59,Lasith Malinga,4,41,0,-,CSK,M. Chinnaswamy Stadium,23 May 2012
59,60,Rajat Bhatia,4,41,0,-,MI,Eden Gardens,12 May 2012
60,61,Munaf Patel,4,41,0,-,KXIP,Wankhede Stadium,22 April 2012
61,62,Ankeet Chavan,4,41,1,24.00,MI,Wankhede Stadium,11 April 2012
62,63,Ashish Nehra,4,41,1,24.00,DEC,Barabati Stadium,01 May 2012
63,64,Parvinder Awana,4,41,1,24.00,DEC,IS Bindra Stadium,13 May 2012
64,65,Ravichandran Ashwin,4,41,1,24.00,KKR,Chidambaram,27 May 2012
65,66,Amit Singh,4,41,2,12.00,DC,Feroz Shah Kotla Ground,29 April 2012
66,67,James Faulkner,4,41,2,12.00,RR,Sawai Mansingh Stadium,06 April 2012
67,68,Rajat Bhatia,3,41,1,18.00,RCB,Eden Gardens,28 April 2012
68,69,Jacques Kallis,4,40,0,-,MI,Eden Gardens,12 May 2012
69,70,Bhuvneshwar Kumar,4,40,0,-,RCB,Maharashtra Cricket Association's International Stadium,11 May 2012
70,71,Umesh Yadav,4,40,0,-,PWI,Maharashtra Cricket Association's International Stadium,24 April 2012
71,72,Shaun Tait,4,40,0,-,MI,Sawai Mansingh Stadium,20 May 2012
72,73,Manpreet Gony,4,40,1,24.00,KXIP,IS Bindra Stadium,13 May 2012
73,74,Vinay Kumar,4,40,1,24.00,KXIP,IS Bindra Stadium,20 April 2012
74,75,Praveen Kumar,4,40,1,24.00,CSK,Chidambaram,28 April 2012
75,76,Shadab Jakati,4,40,2,12.00,DC,Chidambaram,25 May 2012
76,77,Parvinder Awana,3,40,0,-,DC,HPCA Stadium,19 May 2012
77,78,Bipul Sharma,2.4,40,0,-,PWI,Maharashtra Cricket Association's International Stadium,08 April 2012
78,79,Andre Russell,4,39,0,-,DEC,Rajiv Gandhi Intl. Cricket Stadium,10 May 2012
79,80,Azhar Mahmood,4,39,0,-,MI,Wankhede Stadium,22 April 2012
80,81,Pragyan Ojha,4,39,0,-,DEC,ACA-VDCA Stadium,09 April 2012
81,82,Shahbaz Nadeem,4,39,0,-,DEC,Rajiv Gandhi Intl. Cricket Stadium,10 May 2012
82,83,Murali Kartik,4,39,0,-,RR,Sawai Mansingh Stadium,13 May 2012
83,84,Rahul Sharma,4,39,1,24.00,DEC,Maharashtra Cricket Association's International Stadium,26 April 2012
84,85,Ravindra Jadeja,4,39,1,24.00,KKR,Eden Gardens,14 May 2012
85,86,Brett Lee,4,39,1,24.00,DC,Feroz Shah Kotla Ground,07 May 2012
86,87,Marlon Samuels,4,39,1,24.00,DEC,Maharashtra Cricket Association's International Stadium,26 April 2012
87,88,Dwayne Bravo,4,39,2,12.00,MI,Wankhede Stadium,06 May 2012
88,89,Brad Hogg,4,39,2,12.00,RCB,Sawai Mansingh Stadium,23 April 2012
89,90,Ashish Reddy,4,39,2,12.00,KXIP,Rajiv Gandhi Intl. Cricket Stadium,08 May 2012
90,91,Azhar Mahmood,4,39,2,12.00,DEC,IS Bindra Stadium,13 May 2012
91,92,Parvinder Awana,4,39,3,8.00,MI,IS Bindra Stadium,25 April 2012
92,93,Marlon Samuels,4,39,3,8.00,CSK,Chidambaram,19 April 2012
93,94,Sourav Ganguly,3,39,0,-,DEC,Barabati Stadium,01 May 2012
94,95,Chris Gayle,2.4,39,0,-,MI,M. Chinnaswamy Stadium,14 May 2012
95,96,Shadab Jakati,4,38,0,-,KKR,Chidambaram,27 May 2012
96,97,Manpreet Gony,4,38,0,-,RCB,Rajiv Gandhi Intl. Cricket Stadium,20 May 2012
97,98,Syed Mohammad,4,38,0,-,MI,Wankhede Stadium,09 May 2012
98,99,Nuwan Kulasekara,4,38,0,-,PWI,Maharashtra Cricket Association's International Stadium,14 April 2012
99,100,Albie Morkel,4,38,1,24.00,KKR,Chidambaram,27 May 2012
