,POS,PLAYER,"
                                Runs
                            ","
                                BF
                            ","
                                4s
                            ","
                                6s
                            ","
                                SR
                            ","
                                Against
                            ","
                                Venue
                            ","
                                Match Date
                            "
0,1,Ajinkya Rahane,98,66,16,1,148.48,KXIP,Sawai Mansingh Stadium,06 April 2012
1,2,Murali Vijay,113,58,15,4,194.82,DC,Chidambaram,25 May 2012
2,3,Virender Sehwag,73,38,12,1,192.10,RR,Sawai Mansingh Stadium,01 May 2012
3,4,Rohit Sharma,109,60,12,5,181.66,KKR,Eden Gardens,12 May 2012
4,5,Ajinkya Rahane,103,60,12,5,171.66,RCB,M. Chinnaswamy Stadium,15 April 2012
5,6,Sachin Tendulkar,74,44,11,1,168.18,CSK,Wankhede Stadium,06 May 2012
6,7,David Warner,109,54,10,7,201.85,DEC,Rajiv Gandhi Intl. Cricket Stadium,10 May 2012
7,8,Virender Sehwag,87,48,10,3,181.25,PWI,Maharashtra Cricket Association's International Stadium,24 April 2012
8,9,David Warner,79,44,10,4,179.54,KXIP,HPCA Stadium,19 May 2012
9,10,Shane Watson,90,51,10,4,176.47,PWI,Maharashtra Cricket Association's International Stadium,08 May 2012
10,11,Kumar Sangakkara,82,52,10,2,157.69,PWI,Barabati Stadium,01 May 2012
11,12,Dwayne Smith,87,58,10,3,150.00,RR,Sawai Mansingh Stadium,20 May 2012
12,13,Shikhar Dhawan,73,52,10,1,140.38,RCB,M. Chinnaswamy Stadium,06 May 2012
13,14,Tillakaratne Dilshan,76,58,10,1,131.03,RR,Sawai Mansingh Stadium,23 April 2012
14,15,Gautam Gambhir,93,51,9,5,182.35,RCB,Eden Gardens,28 April 2012
15,16,Shikhar Dhawan,84,49,9,5,171.42,DC,Rajiv Gandhi Intl. Cricket Stadium,10 May 2012
16,17,Gautam Gambhir,64,39,9,1,164.10,RCB,M. Chinnaswamy Stadium,10 April 2012
17,18,Robin Uthappa,69,45,9,2,153.33,RCB,M. Chinnaswamy Stadium,17 April 2012
18,19,Cameron White,77,53,9,2,145.28,CSK,Chidambaram,04 May 2012
19,20,Adam Gilchrist,64,46,9,2,139.13,CSK,HPCA Stadium,17 May 2012
20,21,Virat Kohli,73,53,9,1,137.73,DC,Feroz Shah Kotla Ground,17 May 2012
21,22,Ajinkya Rahane,84,63,9,1,133.33,DC,Feroz Shah Kotla Ground,29 April 2012
22,23,Virender Sehwag,73,39,8,4,187.17,MI,Feroz Shah Kotla Ground,27 April 2012
23,24,Manvinder Bisla,89,48,8,5,185.41,CSK,Chidambaram,27 May 2012
24,25,Cameron White,67,41,8,1,163.41,KXIP,IS Bindra Stadium,13 May 2012
25,26,Virender Sehwag,63,39,8,2,161.53,RR,Feroz Shah Kotla Ground,29 April 2012
26,27,Mandeep Singh,75,48,8,3,156.25,DEC,Rajiv Gandhi Intl. Cricket Stadium,08 May 2012
27,28,Chris Gayle,87,56,8,4,155.35,KXIP,IS Bindra Stadium,20 April 2012
28,29,Rahul Dravid,58,42,8,0,138.09,RCB,Sawai Mansingh Stadium,23 April 2012
29,30,Tillakaratne Dilshan,71,54,8,2,131.48,DEC,M. Chinnaswamy Stadium,06 May 2012
30,31,Mahela Jayawardene,55,42,8,0,130.95,MI,Feroz Shah Kotla Ground,27 April 2012
31,32,Michael Hussey,49,39,8,1,125.64,MI,M. Chinnaswamy Stadium,23 May 2012
32,33,Shikhar Dhawan,52,43,8,0,120.93,RR,Sawai Mansingh Stadium,17 April 2012
33,34,Subramaniam Badrinath,57,48,8,0,118.75,PWI,Chidambaram,19 April 2012
34,35,Rahul Dravid,46,39,8,0,117.94,KXIP,IS Bindra Stadium,05 May 2012
35,36,Brendon McCullum,43,37,8,0,116.21,RCB,Eden Gardens,28 April 2012
36,37,Mahela Jayawardene,56,49,8,0,114.28,KXIP,Feroz Shah Kotla Ground,15 May 2012
37,38,Ross Taylor,55,26,7,2,211.53,RCB,Feroz Shah Kotla Ground,17 May 2012
38,39,Chris Gayle,128,62,7,13,206.45,DC,Feroz Shah Kotla Ground,17 May 2012
39,40,Rahul Dravid,42,24,7,1,175.00,DEC,Sawai Mansingh Stadium,17 April 2012
40,41,Cameron White,65,40,7,2,162.50,DC,Rajiv Gandhi Intl. Cricket Stadium,10 May 2012
41,42,Gautam Gambhir,66,44,7,1,150.00,KXIP,IS Bindra Stadium,18 April 2012
42,43,Chris Gayle,86,58,7,6,148.27,KKR,Eden Gardens,28 April 2012
43,44,Jesse Ryder,86,58,7,4,148.27,DC,Feroz Shah Kotla Ground,21 April 2012
44,45,Manish Pandey,80,56,7,3,142.85,DC,Maharashtra Cricket Association's International Stadium,24 April 2012
45,46,Dinesh Karthik,40,28,7,0,142.85,DC,Feroz Shah Kotla Ground,27 April 2012
46,47,Jacques Kallis,69,49,7,1,140.81,CSK,Chidambaram,27 May 2012
47,48,Rahul Dravid,57,43,7,0,132.55,DC,Sawai Mansingh Stadium,01 May 2012
48,49,Michael Clarke,41,31,7,0,132.25,DEC,Barabati Stadium,01 May 2012
49,50,Jacques Kallis,79,60,7,3,131.66,MI,Eden Gardens,12 May 2012
50,51,Ajinkya Rahane,42,32,7,0,131.25,DC,Sawai Mansingh Stadium,01 May 2012
51,52,Jesse Ryder,73,56,7,1,130.35,CSK,Maharashtra Cricket Association's International Stadium,14 April 2012
52,53,Ajinkya Rahane,61,47,7,0,129.78,PWI,Sawai Mansingh Stadium,13 May 2012
53,54,Brendon McCullum,56,44,7,0,127.27,DC,Feroz Shah Kotla Ground,07 May 2012
54,55,Manoj Tiwary,59,49,7,0,120.40,RR,Sawai Mansingh Stadium,08 April 2012
55,56,Shaun Marsh,64,54,7,1,118.51,PWI,IS Bindra Stadium,12 April 2012
56,57,Herschelle Gibbs,66,58,7,2,113.79,KKR,Eden Gardens,12 May 2012
57,58,MS Dhoni,51,20,6,2,255.00,MI,M. Chinnaswamy Stadium,23 May 2012
58,59,Brad Hodge,48,21,6,2,228.57,DEC,Sawai Mansingh Stadium,17 April 2012
59,60,Mayank Agarwal,64,30,6,4,213.33,MI,M. Chinnaswamy Stadium,14 May 2012
60,61,Kieron Pollard,64,33,6,4,193.93,RR,Wankhede Stadium,11 April 2012
61,62,Kevin Pietersen,50,26,6,3,192.30,MI,Feroz Shah Kotla Ground,27 April 2012
62,63,Shane Watson,58,31,6,4,187.09,PWI,Sawai Mansingh Stadium,13 May 2012
63,64,Cameron White,78,46,6,5,169.56,PWI,Maharashtra Cricket Association's International Stadium,26 April 2012
64,65,Chris Gayle,71,42,6,4,169.04,KXIP,M. Chinnaswamy Stadium,02 May 2012
65,66,Kevin Pietersen,103,64,6,9,160.93,DEC,Feroz Shah Kotla Ground,19 April 2012
66,67,James Franklin,79,51,6,4,154.90,KXIP,Wankhede Stadium,22 April 2012
67,68,AB de Villiers,64,42,6,2,152.38,DC,M. Chinnaswamy Stadium,07 April 2012
68,69,Ambati Rayudu,81,54,6,4,150.00,RCB,M. Chinnaswamy Stadium,14 May 2012
69,70,Gautam Gambhir,62,43,6,3,144.18,CSK,Eden Gardens,14 May 2012
70,71,Mandeep Singh,43,30,6,1,143.33,RCB,M. Chinnaswamy Stadium,02 May 2012
71,72,Richard Levi,50,35,6,3,142.85,CSK,Chidambaram,04 April 2012
72,73,Faf du Plessis,73,52,6,2,140.38,RR,Chidambaram,21 April 2012
73,74,AB de Villiers,52,39,6,0,133.33,KXIP,IS Bindra Stadium,20 April 2012
74,75,Rohit Sharma,60,46,6,2,130.43,CSK,Wankhede Stadium,06 May 2012
75,76,Mahela Jayawardene,40,33,6,0,121.21,KKR,Maharashtra Cricket Association's International Stadium,22 May 2012
76,77,Gautam Gambhir,63,52,6,1,121.15,CSK,Chidambaram,30 April 2012
77,78,Subramaniam Badrinath,47,39,6,1,120.51,MI,M. Chinnaswamy Stadium,23 May 2012
78,79,Tillakaratne Dilshan,53,44,6,1,120.45,PWI,Maharashtra Cricket Association's International Stadium,11 May 2012
79,80,Sachin Tendulkar,58,51,6,0,113.72,RR,Sawai Mansingh Stadium,20 May 2012
80,81,Robin Uthappa,60,58,6,0,103.44,DC,Maharashtra Cricket Association's International Stadium,24 April 2012
81,82,AB de Villiers,47,17,5,3,276.47,DEC,M. Chinnaswamy Stadium,06 May 2012
82,83,Owais Shah,60,26,5,5,230.76,RCB,M. Chinnaswamy Stadium,15 April 2012
83,84,Owais Shah,76,42,5,5,180.95,MI,Wankhede Stadium,11 April 2012
84,85,Virender Sehwag,57,32,5,4,178.12,PWI,Feroz Shah Kotla Ground,21 April 2012
85,86,Dinesh Karthik,35,20,5,0,175.00,KXIP,Wankhede Stadium,22 April 2012
86,87,Mandeep Singh,21,12,5,0,175.00,DC,Feroz Shah Kotla Ground,15 May 2012
87,88,Mayank Agarwal,45,26,5,3,173.07,CSK,Chidambaram,12 April 2012
88,89,Dwayne Smith,38,22,5,2,172.72,CSK,M. Chinnaswamy Stadium,23 May 2012
89,90,Shaun Marsh,68,40,5,3,170.00,MI,Wankhede Stadium,22 April 2012
90,91,Kieron Pollard,52,31,5,3,167.74,RCB,M. Chinnaswamy Stadium,14 May 2012
91,92,Parthiv Patel,45,27,5,1,166.66,DC,Feroz Shah Kotla Ground,19 April 2012
92,93,Robin Uthappa,38,23,5,1,165.21,RCB,Maharashtra Cricket Association's International Stadium,11 May 2012
93,94,Ambati Rayudu,62,39,5,3,158.97,DC,Feroz Shah Kotla Ground,27 April 2012
94,95,Faf du Plessis,71,46,5,4,154.34,RCB,Chidambaram,12 April 2012
95,96,Shikhar Dhawan,44,29,5,1,151.72,DC,Feroz Shah Kotla Ground,19 April 2012
96,97,Harbhajan Singh,33,22,5,1,150.00,DC,Wankhede Stadium,16 April 2012
97,98,Murali Vijay,36,25,5,1,144.00,KKR,Eden Gardens,14 May 2012
98,99,Ajinkya Rahane,44,31,5,1,141.93,DEC,Sawai Mansingh Stadium,17 April 2012
99,100,Mandeep Singh,28,20,5,0,140.00,DEC,IS Bindra Stadium,13 May 2012
