,POS,PLAYER,"
                                Ov
                            ","
                                Econ
                            ","
                                Dots
                            ","
                                Runs
                            ","
                                Wkts
                            ","
                                SR
                            ","
                                Against
                            ","
                                Venue
                            ","
                                Match Date
                            "
0,1,Lungi Ngidi,4,2.50,16,10,4,6.00,KXIP,Maharashtra Cricket Association's International Stadium,20 May 2018
1,2,Rashid Khan,4,2.75,14,11,2,12.00,CSK,Wankhede Stadium,22 May 2018
2,3,Rashid Khan,4,2.75,16,11,2,12.00,MI,Wankhede Stadium,24 April 2018
3,4,Yuzvendra Chahal,2,3.00,6,6,1,12.00,KXIP,Holkar Cricket Stadium,14 May 2018
4,5,Sandeep Sharma,3,3.00,14,9,1,18.00,MI,Wankhede Stadium,24 April 2018
5,6,Krishnappa Gowtham,2,3.00,6,6,1,12.00,RCB,Sawai Mansingh Stadium,19 May 2018
6,7,Rashid Khan,4,3.25,18,13,1,24.00,MI,Rajiv Gandhi Intl. Cricket Stadium,12 April 2018
7,8,Ravindra Jadeja,4,3.25,14,13,1,24.00,SRH,Wankhede Stadium,22 May 2018
8,9,Ankit Rajpoot,4,3.50,17,14,5,4.80,SRH,Rajiv Gandhi Intl. Cricket Stadium,26 April 2018
9,10,Ish Sodhi,4,3.50,12,14,1,24.00,KXIP,Sawai Mansingh Stadium,08 May 2018
10,11,Ben Stokes,4,3.75,14,15,3,8.00,KKR,Eden Gardens,15 May 2018
11,12,Deepak Chahar,4,3.75,17,15,3,8.00,SRH,Rajiv Gandhi Intl. Cricket Stadium,22 April 2018
12,13,Jasprit Bumrah,4,3.75,11,15,3,8.00,KXIP,Wankhede Stadium,16 May 2018
13,14,Sandeep Sharma,4,3.75,14,15,1,24.00,RR,Sawai Mansingh Stadium,29 April 2018
14,15,Ish Sodhi,4,3.75,11,15,0,-,KKR,Eden Gardens,23 May 2018
15,16,Krunal Pandya,3.1,3.78,12,12,2,9.50,KKR,Eden Gardens,09 May 2018
16,17,Shreyas Gopal,4,4.00,10,16,4,6.00,RCB,Sawai Mansingh Stadium,19 May 2018
17,18,Andrew Tye,4,4.00,15,16,4,6.00,MI,Wankhede Stadium,16 May 2018
18,19,Jofra Archer,4,4.00,14,16,2,12.00,MI,Wankhede Stadium,13 May 2018
19,20,Krishnappa Gowtham,3,4.00,10,12,2,9.00,KXIP,Sawai Mansingh Stadium,08 May 2018
20,21,Colin de Grandhomme,4,4.00,11,16,1,24.00,CSK,Maharashtra Cricket Association's International Stadium,05 May 2018
21,22,Deepak Chahar,4,4.00,14,16,1,24.00,SRH,Maharashtra Cricket Association's International Stadium,13 May 2018
22,23,Colin de Grandhomme,2,4.00,6,8,1,12.00,KXIP,Holkar Cricket Stadium,14 May 2018
23,24,Liam Plunkett,4,4.25,12,17,3,8.00,KXIP,Feroz Shah Kotla Ground,23 April 2018
24,25,Sandeep Sharma,4,4.25,13,17,2,12.00,KXIP,Rajiv Gandhi Intl. Cricket Stadium,26 April 2018
25,26,Siddarth Kaul,4,4.25,11,17,2,12.00,RR,Rajiv Gandhi Intl. Cricket Stadium,09 April 2018
26,27,Sunil Narine,4,4.25,11,17,2,12.00,SRH,Eden Gardens,14 April 2018
27,28,Mujeeb Ur Rahman,4,4.25,11,17,1,24.00,SRH,Rajiv Gandhi Intl. Cricket Stadium,26 April 2018
28,29,Sunil Narine,4,4.25,9,17,1,24.00,CSK,Chidambaram,10 April 2018
29,30,Bhuvneshwar Kumar,4,4.25,16,17,0,-,CSK,Wankhede Stadium,27 May 2018
30,31,Andre Russell,3,4.33,8,13,2,9.00,RR,Eden Gardens,15 May 2018
31,32,Shane Watson,3,4.33,9,13,1,18.00,RR,Maharashtra Cricket Association's International Stadium,20 April 2018
32,33,Bhuvneshwar Kumar,3.1,4.42,12,14,1,19.00,CSK,Wankhede Stadium,22 May 2018
33,34,Ravindra Jadeja,4,4.50,8,18,3,8.00,RCB,Maharashtra Cricket Association's International Stadium,05 May 2018
34,35,Krishnappa Gowtham,4,4.50,10,18,2,12.00,SRH,Sawai Mansingh Stadium,29 April 2018
35,36,Kuldeep Yadav,4,4.50,13,18,1,24.00,RR,Eden Gardens,23 May 2018
36,37,Piyush Chawla,4,4.50,10,18,1,24.00,RR,Sawai Mansingh Stadium,18 April 2018
37,38,D'Arcy Short,2,4.50,7,9,0,-,SRH,Rajiv Gandhi Intl. Cricket Stadium,09 April 2018
38,39,Lungi Ngidi,3,4.66,10,14,2,9.00,DC,Feroz Shah Kotla Ground,18 May 2018
39,40,Deepak Chahar,3,4.66,12,14,1,18.00,MI,Wankhede Stadium,07 April 2018
40,41,Rashid Khan,4,4.75,11,19,3,8.00,KXIP,Rajiv Gandhi Intl. Cricket Stadium,26 April 2018
41,42,Amit Mishra,4,4.75,13,19,3,8.00,MI,Feroz Shah Kotla Ground,20 May 2018
42,43,Rashid Khan,4,4.75,12,19,3,8.00,KKR,Eden Gardens,25 May 2018
43,44,Amit Mishra,4,4.75,9,19,2,12.00,SRH,Rajiv Gandhi Intl. Cricket Stadium,05 May 2018
44,45,Ankit Rajpoot,4,4.75,18,19,2,12.00,CSK,Maharashtra Cricket Association's International Stadium,20 May 2018
45,46,Hardik Pandya,4,4.75,13,19,2,12.00,KKR,Wankhede Stadium,06 May 2018
46,47,Ravindra Jadeja,4,4.75,10,19,1,24.00,DC,Feroz Shah Kotla Ground,18 May 2018
47,48,Jasprit Bumrah,4,4.75,11,19,1,24.00,KXIP,Holkar Cricket Stadium,04 May 2018
48,49,Ravichandran Ashwin,4,4.75,8,19,0,-,DC,Feroz Shah Kotla Ground,23 April 2018
49,50,Mustafizur Rahman,3.4,4.90,12,18,1,22.00,SRH,Wankhede Stadium,24 April 2018
50,51,Kuldeep Yadav,4,5.00,8,20,4,6.00,RR,Eden Gardens,15 May 2018
51,52,Shreyas Gopal,4,5.00,12,20,3,8.00,CSK,Maharashtra Cricket Association's International Stadium,20 April 2018
52,53,Krishnappa Gowtham,3,5.00,10,15,2,9.00,KKR,Eden Gardens,23 May 2018
53,54,Mayank Markande,3,5.00,10,15,2,9.00,SRH,Wankhede Stadium,24 April 2018
54,55,Trent Boult,4,5.00,12,20,2,12.00,CSK,Feroz Shah Kotla Ground,18 May 2018
55,56,Sunil Narine,4,5.00,10,20,2,12.00,CSK,Eden Gardens,03 May 2018
56,57,Amit Mishra,4,5.00,12,20,2,12.00,CSK,Feroz Shah Kotla Ground,18 May 2018
57,58,Umesh Yadav,3,5.00,13,15,2,9.00,CSK,Maharashtra Cricket Association's International Stadium,05 May 2018
58,59,Sandeep Sharma,4,5.00,10,20,1,24.00,RCB,Rajiv Gandhi Intl. Cricket Stadium,07 May 2018
59,60,Kuldeep Yadav,4,5.00,11,20,1,24.00,RCB,M. Chinnaswamy Stadium,29 April 2018
60,61,Lungi Ngidi,4,5.00,10,20,1,24.00,SRH,Wankhede Stadium,22 May 2018
61,62,Piyush Chawla,4,5.00,10,20,1,24.00,SRH,Eden Gardens,14 April 2018
62,63,Andre Russell,2,5.00,2,10,0,-,RCB,Eden Gardens,08 April 2018
63,64,Krunal Pandya,2,5.00,3,10,0,-,SRH,Rajiv Gandhi Intl. Cricket Stadium,12 April 2018
64,65,Harbhajan Singh,3.5,5.21,7,20,1,23.00,MI,Maharashtra Cricket Association's International Stadium,28 April 2018
65,66,Shakib Al Hasan,4,5.25,11,21,2,12.00,KKR,Eden Gardens,14 April 2018
66,67,Mujeeb Ur Rahman,4,5.25,8,21,2,12.00,RR,Sawai Mansingh Stadium,08 May 2018
67,68,Billy Stanlake,4,5.25,15,21,2,12.00,KKR,Eden Gardens,14 April 2018
68,69,Sandeep Lamichhane,4,5.25,10,21,1,24.00,CSK,Feroz Shah Kotla Ground,18 May 2018
69,70,Ish Sodhi,4,5.25,11,21,1,24.00,KKR,Eden Gardens,15 May 2018
70,71,Axar Patel,4,5.25,7,21,1,24.00,RR,Holkar Cricket Stadium,06 May 2018
71,72,Hardik Pandya,3,5.33,11,16,2,9.00,KKR,Eden Gardens,09 May 2018
72,73,Shakib Al Hasan,3,5.33,6,16,1,18.00,KKR,Eden Gardens,25 May 2018
73,74,Shakib Al Hasan,3,5.33,8,16,1,18.00,MI,Wankhede Stadium,24 April 2018
74,75,Jofra Archer,4,5.50,13,22,3,8.00,MI,Sawai Mansingh Stadium,22 April 2018
75,76,Shreyas Gopal,4,5.50,11,22,2,12.00,RCB,M. Chinnaswamy Stadium,15 April 2018
76,77,Washington Sundar,4,5.50,8,22,2,12.00,KXIP,M. Chinnaswamy Stadium,13 April 2018
77,78,Yuzvendra Chahal,4,5.50,12,22,2,12.00,RR,M. Chinnaswamy Stadium,15 April 2018
78,79,Nitish Rana,2,5.50,4,11,2,6.00,RR,Sawai Mansingh Stadium,18 April 2018
79,80,Harbhajan Singh,4,5.50,11,22,2,12.00,RCB,Maharashtra Cricket Association's International Stadium,05 May 2018
80,81,Krunal Pandya,2,5.50,5,11,1,12.00,DC,Feroz Shah Kotla Ground,20 May 2018
81,82,Harbhajan Singh,2,5.50,5,11,1,12.00,KKR,Chidambaram,10 April 2018
82,83,Jasprit Bumrah,4,5.50,9,22,1,24.00,RCB,M. Chinnaswamy Stadium,01 May 2018
83,84,Shardul Thakur,4,5.50,14,22,1,24.00,RR,Sawai Mansingh Stadium,11 May 2018
84,85,Barinder Sran,4,5.50,11,22,0,-,SRH,IS Bindra Stadium,19 April 2018
85,86,Jasprit Bumrah,3,5.66,10,17,1,18.00,KKR,Eden Gardens,09 May 2018
86,87,Dan Christian,3,5.66,8,17,1,18.00,KXIP,Feroz Shah Kotla Ground,23 April 2018
87,88,Mohammed Siraj,3,5.66,10,17,1,18.00,KXIP,Holkar Cricket Stadium,14 May 2018
88,89,Murugan Ashwin,3,5.66,12,17,1,18.00,CSK,Maharashtra Cricket Association's International Stadium,05 May 2018
89,90,Mayank Markande,4,5.75,11,23,4,6.00,SRH,Rajiv Gandhi Intl. Cricket Stadium,12 April 2018
90,91,Mayank Markande,4,5.75,11,23,3,8.00,CSK,Wankhede Stadium,07 April 2018
91,92,Umesh Yadav,4,5.75,15,23,3,8.00,KXIP,Holkar Cricket Stadium,14 May 2018
92,93,Siddarth Kaul,4,5.75,13,23,3,8.00,MI,Wankhede Stadium,24 April 2018
93,94,Umesh Yadav,4,5.75,13,23,3,8.00,KXIP,M. Chinnaswamy Stadium,13 April 2018
94,95,Amit Mishra,4,5.75,10,23,2,12.00,KKR,Feroz Shah Kotla Ground,27 April 2018
95,96,Andrew Tye,4,5.75,10,23,2,12.00,SRH,IS Bindra Stadium,19 April 2018
96,97,Siddarth Kaul,4,5.75,8,23,2,12.00,RR,Sawai Mansingh Stadium,29 April 2018
97,98,Rashid Khan,4,5.75,9,23,2,12.00,DC,Rajiv Gandhi Intl. Cricket Stadium,05 May 2018
98,99,Shakib Al Hasan,4,5.75,9,23,2,12.00,RR,Rajiv Gandhi Intl. Cricket Stadium,09 April 2018
99,100,Ankit Rajpoot,4,5.75,15,23,2,12.00,DC,Feroz Shah Kotla Ground,23 April 2018
