,POS,PLAYER,"
                                Ov
                            ","
                                Runs
                            ","
                                Wkts
                            ","
                                SR
                            ","
                                Against
                            ","
                                Venue
                            ","
                                Match Date
                            "
0,1,Ankit Rajpoot,4,14,5,4.80,SRH,Rajiv Gandhi Intl. Cricket Stadium,26 April 2018
1,2,Lungi Ngidi,4,10,4,6.00,KXIP,Maharashtra Cricket Association's International Stadium,20 May 2018
2,3,Andrew Tye,4,16,4,6.00,MI,Wankhede Stadium,16 May 2018
3,4,Shreyas Gopal,4,16,4,6.00,RCB,Sawai Mansingh Stadium,19 May 2018
4,5,Kuldeep Yadav,4,20,4,6.00,RR,Eden Gardens,15 May 2018
5,6,Mayank Markande,4,23,4,6.00,SRH,Rajiv Gandhi Intl. Cricket Stadium,12 April 2018
6,7,Prasidh Krishna,4,30,4,6.00,SRH,Rajiv Gandhi Intl. Cricket Stadium,19 May 2018
7,8,Andrew Tye,4,34,4,6.00,RR,Sawai Mansingh Stadium,08 May 2018
8,9,Andrew Tye,4,41,4,6.00,KKR,Holkar Cricket Stadium,12 May 2018
9,10,Ben Stokes,4,15,3,8.00,KKR,Eden Gardens,15 May 2018
10,11,Jasprit Bumrah,4,15,3,8.00,KXIP,Wankhede Stadium,16 May 2018
11,12,Deepak Chahar,4,15,3,8.00,SRH,Rajiv Gandhi Intl. Cricket Stadium,22 April 2018
12,13,Liam Plunkett,4,17,3,8.00,KXIP,Feroz Shah Kotla Ground,23 April 2018
13,14,Ravindra Jadeja,4,18,3,8.00,RCB,Maharashtra Cricket Association's International Stadium,05 May 2018
14,15,Rahul Tewatia,3,18,3,6.00,KKR,Eden Gardens,16 April 2018
15,16,Sunil Narine,3,18,3,6.00,DC,Eden Gardens,16 April 2018
16,17,Rashid Khan,4,19,3,8.00,KKR,Eden Gardens,25 May 2018
17,18,Rashid Khan,4,19,3,8.00,KXIP,Rajiv Gandhi Intl. Cricket Stadium,26 April 2018
18,19,Amit Mishra,4,19,3,8.00,MI,Feroz Shah Kotla Ground,20 May 2018
19,20,Shreyas Gopal,4,20,3,8.00,CSK,Maharashtra Cricket Association's International Stadium,20 April 2018
20,21,Jofra Archer,4,22,3,8.00,MI,Sawai Mansingh Stadium,22 April 2018
21,22,Mayank Markande,4,23,3,8.00,CSK,Wankhede Stadium,07 April 2018
22,23,Siddarth Kaul,4,23,3,8.00,MI,Wankhede Stadium,24 April 2018
23,24,Umesh Yadav,4,23,3,8.00,KXIP,Holkar Cricket Stadium,14 May 2018
24,25,Umesh Yadav,4,23,3,8.00,KXIP,M. Chinnaswamy Stadium,13 April 2018
25,26,Hardik Pandya,4,24,3,8.00,CSK,Wankhede Stadium,07 April 2018
26,27,Mustafizur Rahman,4,24,3,8.00,SRH,Rajiv Gandhi Intl. Cricket Stadium,12 April 2018
27,28,Umesh Yadav,4,25,3,8.00,RR,Sawai Mansingh Stadium,19 May 2018
28,29,Mohammed Siraj,4,25,3,8.00,SRH,Rajiv Gandhi Intl. Cricket Stadium,07 May 2018
29,30,Bhuvneshwar Kumar,4,26,3,8.00,KKR,Eden Gardens,14 April 2018
30,31,Jofra Archer,4,26,3,8.00,SRH,Sawai Mansingh Stadium,29 April 2018
31,32,Mujeeb Ur Rahman,4,27,3,8.00,RR,Holkar Cricket Stadium,06 May 2018
32,33,Rashid Khan,4,27,3,8.00,RCB,M. Chinnaswamy Stadium,17 May 2018
33,34,Krunal Pandya,4,28,3,8.00,RCB,Wankhede Stadium,17 April 2018
34,35,Hardik Pandya,3,28,3,6.00,RCB,M. Chinnaswamy Stadium,01 May 2018
35,36,Harshal Patel,2.3,28,3,5.00,MI,Feroz Shah Kotla Ground,20 May 2018
36,37,Tim Southee,4,30,3,8.00,SRH,Rajiv Gandhi Intl. Cricket Stadium,07 May 2018
37,38,Andre Russell,3,31,3,6.00,RCB,M. Chinnaswamy Stadium,29 April 2018
38,39,Kuldeep Yadav,3.2,32,3,6.66,DC,Eden Gardens,16 April 2018
39,40,Chris Woakes,4,36,3,8.00,KKR,Eden Gardens,08 April 2018
40,41,Sandeep Lamichhane,4,36,3,8.00,MI,Feroz Shah Kotla Ground,20 May 2018
41,42,Andre Russell,4,41,3,8.00,KXIP,Holkar Cricket Stadium,12 May 2018
42,43,Jaydev Unadkat,4,46,3,8.00,DC,Feroz Shah Kotla Ground,02 May 2018
43,44,Piyush Chawla,4,48,3,8.00,MI,Eden Gardens,09 May 2018
44,45,Basil Thampi,1.5,4,2,5.50,MI,Wankhede Stadium,24 April 2018
45,46,Rashid Khan,4,11,2,12.00,MI,Wankhede Stadium,24 April 2018
46,47,Rashid Khan,4,11,2,12.00,CSK,Wankhede Stadium,22 May 2018
47,48,Nitish Rana,2,11,2,6.00,RR,Sawai Mansingh Stadium,18 April 2018
48,49,Nitish Rana,1,11,2,3.00,RCB,Eden Gardens,08 April 2018
49,50,Krunal Pandya,3.1,12,2,9.50,KKR,Eden Gardens,09 May 2018
50,51,Krishnappa Gowtham,3,12,2,9.00,KXIP,Sawai Mansingh Stadium,08 May 2018
51,52,Andre Russell,2,12,2,6.00,MI,Wankhede Stadium,06 May 2018
52,53,Andre Russell,3,13,2,9.00,RR,Eden Gardens,15 May 2018
53,54,Karn Sharma,1.3,13,2,4.50,RR,Maharashtra Cricket Association's International Stadium,20 April 2018
54,55,Lungi Ngidi,3,14,2,9.00,DC,Feroz Shah Kotla Ground,18 May 2018
55,56,Basil Thampi,2.2,14,2,7.00,KXIP,Rajiv Gandhi Intl. Cricket Stadium,26 April 2018
56,57,Krishnappa Gowtham,3,15,2,9.00,KKR,Eden Gardens,23 May 2018
57,58,Mayank Markande,3,15,2,9.00,SRH,Wankhede Stadium,24 April 2018
58,59,Umesh Yadav,3,15,2,9.00,CSK,Maharashtra Cricket Association's International Stadium,05 May 2018
59,60,Ben Laughlin,2,15,2,6.00,RCB,Sawai Mansingh Stadium,19 May 2018
60,61,Carlos Brathwaite,2,15,2,6.00,KKR,Eden Gardens,25 May 2018
61,62,Jofra Archer,4,16,2,12.00,MI,Wankhede Stadium,13 May 2018
62,63,Hardik Pandya,3,16,2,9.00,KKR,Eden Gardens,09 May 2018
63,64,Dwayne Bravo,2,16,2,6.00,RR,Maharashtra Cricket Association's International Stadium,20 April 2018
64,65,Siddarth Kaul,4,17,2,12.00,RR,Rajiv Gandhi Intl. Cricket Stadium,09 April 2018
65,66,Sandeep Sharma,4,17,2,12.00,KXIP,Rajiv Gandhi Intl. Cricket Stadium,26 April 2018
66,67,Sunil Narine,4,17,2,12.00,SRH,Eden Gardens,14 April 2018
67,68,Krishnappa Gowtham,4,18,2,12.00,SRH,Sawai Mansingh Stadium,29 April 2018
68,69,Shardul Thakur,3,18,2,9.00,RR,Maharashtra Cricket Association's International Stadium,20 April 2018
69,70,Ravichandran Ashwin,3,18,2,9.00,MI,Wankhede Stadium,16 May 2018
70,71,Shakib Al Hasan,3,18,2,9.00,KXIP,Rajiv Gandhi Intl. Cricket Stadium,26 April 2018
71,72,Amit Mishra,4,19,2,12.00,SRH,Rajiv Gandhi Intl. Cricket Stadium,05 May 2018
72,73,Hardik Pandya,4,19,2,12.00,KKR,Wankhede Stadium,06 May 2018
73,74,Ankit Rajpoot,4,19,2,12.00,CSK,Maharashtra Cricket Association's International Stadium,20 May 2018
74,75,Tom Curran,2,19,2,6.00,RR,Sawai Mansingh Stadium,18 April 2018
75,76,Trent Boult,4,20,2,12.00,CSK,Feroz Shah Kotla Ground,18 May 2018
76,77,Amit Mishra,4,20,2,12.00,CSK,Feroz Shah Kotla Ground,18 May 2018
77,78,Sunil Narine,4,20,2,12.00,CSK,Eden Gardens,03 May 2018
78,79,Hardik Pandya,3,20,2,9.00,SRH,Wankhede Stadium,24 April 2018
79,80,Ben Laughlin,2,20,2,6.00,DC,Sawai Mansingh Stadium,11 April 2018
80,81,Mujeeb Ur Rahman,4,21,2,12.00,RR,Sawai Mansingh Stadium,08 May 2018
81,82,Billy Stanlake,4,21,2,12.00,KKR,Eden Gardens,14 April 2018
82,83,Shakib Al Hasan,4,21,2,12.00,KKR,Eden Gardens,14 April 2018
83,84,Krunal Pandya,3,21,2,9.00,DC,Wankhede Stadium,14 April 2018
84,85,Trent Boult,3,21,2,9.00,KXIP,Feroz Shah Kotla Ground,23 April 2018
85,86,Carlos Brathwaite,2.4,21,2,8.00,KKR,Rajiv Gandhi Intl. Cricket Stadium,19 May 2018
86,87,Washington Sundar,4,22,2,12.00,KXIP,M. Chinnaswamy Stadium,13 April 2018
87,88,Shreyas Gopal,4,22,2,12.00,RCB,M. Chinnaswamy Stadium,15 April 2018
88,89,Yuzvendra Chahal,4,22,2,12.00,RR,M. Chinnaswamy Stadium,15 April 2018
89,90,Harbhajan Singh,4,22,2,12.00,RCB,Maharashtra Cricket Association's International Stadium,05 May 2018
90,91,Yuzvendra Chahal,3,22,2,9.00,DC,M. Chinnaswamy Stadium,21 April 2018
91,92,Mitchell McClenaghan,3,22,2,9.00,SRH,Wankhede Stadium,24 April 2018
92,93,Glenn Maxwell,2,22,2,6.00,KKR,Feroz Shah Kotla Ground,27 April 2018
93,94,Siddarth Kaul,4,23,2,12.00,RR,Sawai Mansingh Stadium,29 April 2018
94,95,Rashid Khan,4,23,2,12.00,DC,Rajiv Gandhi Intl. Cricket Stadium,05 May 2018
95,96,Ankit Rajpoot,4,23,2,12.00,DC,Feroz Shah Kotla Ground,23 April 2018
96,97,Shakib Al Hasan,4,23,2,12.00,RR,Rajiv Gandhi Intl. Cricket Stadium,09 April 2018
97,98,Amit Mishra,4,23,2,12.00,KKR,Feroz Shah Kotla Ground,27 April 2018
98,99,Krishnappa Gowtham,4,23,2,12.00,KKR,Sawai Mansingh Stadium,18 April 2018
99,100,Andrew Tye,4,23,2,12.00,SRH,IS Bindra Stadium,19 April 2018
