,POS,PLAYER,"
                                Distance (m)
                            "
0,1,AB de Villiers,111.00
1,2,MS Dhoni,108.00
2,3,AB de Villiers,106.00
3,4,Andre Russell,105.00
4,5,AB de Villiers,105.00
5,6,Chris Lynn,103.00
6,7,Dinesh Karthik,102.00
7,8,Andre Russell,102.00
8,9,Robin Uthappa,101.00
9,10,AB de Villiers,100.00
10,11,Deepak Hooda,99.00
11,12,MS Dhoni,98.00
12,13,KL Rahul,98.00
13,14,Ishan Kishan,98.00
14,15,MS Dhoni,97.00
15,16,Ambati Rayudu,97.00
16,17,Andre Russell,97.00
17,18,Ambati Rayudu,97.00
18,19,Shane Watson,97.00
19,20,Chris Lynn,97.00
20,21,Quinton de Kock,97.00
21,22,Ravindra Jadeja,96.00
22,23,Rishabh Pant,96.00
23,24,Jason Roy,96.00
24,25,Andre Russell,96.00
25,26,Robin Uthappa,96.00
26,27,Rishabh Pant,96.00
27,28,Chris Lynn,96.00
28,29,Yusuf Pathan,96.00
29,30,Jason Roy,95.00
30,31,D'Arcy Short,95.00
31,32,Shane Watson,95.00
32,33,Rohit Sharma,95.00
33,34,Chris Lynn,95.00
34,35,Andre Russell,95.00
35,36,Shane Watson,94.00
36,37,AB de Villiers,94.00
37,38,Yusuf Pathan,94.00
38,39,Mandeep Singh,94.00
39,40,Rishabh Pant,94.00
40,41,Rishabh Pant,94.00
41,42,MS Dhoni,94.00
42,43,Ben Cutting,94.00
43,44,Rishabh Pant,93.00
44,45,Shane Watson,93.00
45,46,Piyush Chawla,93.00
46,47,Andre Russell,93.00
47,48,MS Dhoni,93.00
48,49,Ben Cutting,93.00
49,50,Hardik Pandya,93.00
50,51,MS Dhoni,93.00
51,52,Harshal Patel,93.00
52,53,Chris Gayle,92.00
53,54,Jos Buttler,92.00
54,55,Evin Lewis,92.00
55,56,AB de Villiers,92.00
56,57,Chris Lynn,92.00
57,58,Shikhar Dhawan,92.00
58,59,Ambati Rayudu,92.00
59,60,Dinesh Karthik,92.00
60,61,Shikhar Dhawan,92.00
61,62,Chris Gayle,92.00
62,63,Ben Stokes,92.00
63,64,Chris Gayle,91.00
64,65,Andre Russell,91.00
65,66,Ishan Kishan,91.00
66,67,Chris Gayle,91.00
67,68,Chris Lynn,91.00
68,69,Shane Watson,91.00
69,70,Chris Gayle,91.00
70,71,Robin Uthappa,91.00
71,72,MS Dhoni,91.00
72,73,Ambati Rayudu,91.00
73,74,Virat Kohli,91.00
74,75,Chris Gayle,90.00
75,76,Ishan Kishan,90.00
76,77,Krunal Pandya,90.00
77,78,Robin Uthappa,90.00
78,79,Shreyas Iyer,90.00
79,80,Andre Russell,90.00
80,81,Sanju Samson,90.00
81,82,Virat Kohli,90.00
82,83,Andre Russell,90.00
83,84,AB de Villiers,90.00
84,85,Sanju Samson,90.00
85,86,Kane Williamson,90.00
86,87,Jos Buttler,90.00
87,88,Chris Gayle,89.00
88,89,Tim Southee,89.00
89,90,Shreyas Iyer,89.00
90,91,KL Rahul,89.00
91,92,Ben Stokes,89.00
92,93,Colin de Grandhomme,89.00
93,94,AB de Villiers,89.00
94,95,Virat Kohli,89.00
95,96,MS Dhoni,89.00
96,97,Ravindra Jadeja,89.00
97,98,Robin Uthappa,89.00
98,99,Shane Watson,89.00
99,100,Virat Kohli,89.00
