,POS,PLAYER,"
                                Against
                            ","
                                Venue
                            ","
                                Match Date
                            ","
                                BF
                            ","
                                6s
                            ","
                                4s
                            ","
                                Runs
                            "
0,1,Shane Watson,SRH,Wankhede Stadium,27 May 2018,51,8,11,117
1,2,Shane Watson,RR,Maharashtra Cricket Association's International Stadium,20 April 2018,51,6,9,106
2,3,Rishabh Pant,SRH,Feroz Shah Kotla Ground,10 May 2018,56,7,15,128
3,4,Chris Gayle,SRH,IS Bindra Stadium,19 April 2018,58,11,1,104
4,5,Ambati Rayudu,SRH,Maharashtra Cricket Association's International Stadium,13 May 2018,62,7,7,100
