,POS,PLAYER,"
                                Speed (km/h)
                            "
0,1,Jofra Archer,152.39
1,2,Billy Stanlake,151.38
2,3,Jofra Archer,150.82
3,4,Mohammed Siraj,149.94
4,5,Shivam Mavi,149.86
5,6,Shivam Mavi,149.85
6,7,Jofra Archer,149.85
7,8,Jofra Archer,149.63
8,9,Jofra Archer,149.60
9,10,Billy Stanlake,149.50
10,11,Jofra Archer,149.43
11,12,Billy Stanlake,149.40
12,13,Barinder Sran,149.34
13,14,Jofra Archer,149.31
14,15,Jofra Archer,149.24
15,16,Jofra Archer,149.21
16,17,Avesh Khan,149.12
17,18,Umesh Yadav,148.98
18,19,Jofra Archer,148.93
19,20,Avesh Khan,148.74
20,21,Jofra Archer,148.72
21,22,Jofra Archer,148.67
22,23,Ben Stokes,148.43
23,24,Jofra Archer,148.39
24,25,Jofra Archer,148.37
25,26,Jofra Archer,148.35
26,27,Jofra Archer,148.34
27,28,Ben Stokes,148.27
28,29,Billy Stanlake,148.23
29,30,Jofra Archer,148.21
30,31,Jofra Archer,148.18
31,32,Jasprit Bumrah,148.15
32,33,Mohammed Siraj,148.08
33,34,Billy Stanlake,148.04
34,35,Umesh Yadav,148.03
35,36,Jasprit Bumrah,147.95
36,37,Ben Stokes,147.94
37,38,Billy Stanlake,147.91
38,39,Jofra Archer,147.89
39,40,Jofra Archer,147.89
40,41,Billy Stanlake,147.86
41,42,Jofra Archer,147.86
42,43,Jofra Archer,147.83
43,44,Ben Stokes,147.81
44,45,Mohammed Siraj,147.79
45,46,Jofra Archer,147.77
46,47,Jofra Archer,147.73
47,48,Andre Russell,147.73
48,49,Siddarth Kaul,147.72
49,50,Jofra Archer,147.71
50,51,Jasprit Bumrah,147.71
51,52,Jasprit Bumrah,147.60
52,53,Billy Stanlake,147.60
53,54,Jasprit Bumrah,147.57
54,55,Jofra Archer,147.53
55,56,Jofra Archer,147.45
56,57,Billy Stanlake,147.45
57,58,Jofra Archer,147.45
58,59,Jofra Archer,147.43
59,60,Jofra Archer,147.37
60,61,Billy Stanlake,147.37
61,62,Jofra Archer,147.34
62,63,Jasprit Bumrah,147.34
63,64,Jofra Archer,147.34
64,65,Jofra Archer,147.31
65,66,Billy Stanlake,147.26
66,67,Jofra Archer,147.25
67,68,Jofra Archer,147.25
68,69,Jofra Archer,147.22
69,70,Billy Stanlake,147.21
70,71,Jofra Archer,147.20
71,72,Mohammed Siraj,147.19
72,73,Jofra Archer,147.17
73,74,Jofra Archer,147.15
74,75,Junior Dala,147.14
75,76,Umesh Yadav,147.13
76,77,Jofra Archer,147.05
77,78,Jofra Archer,147.05
78,79,Jofra Archer,147.02
79,80,Jofra Archer,147.02
80,81,Billy Stanlake,147.01
81,82,Andre Russell,146.99
82,83,Shivam Mavi,146.98
83,84,Shivam Mavi,146.97
84,85,Billy Stanlake,146.91
85,86,Jasprit Bumrah,146.88
86,87,Jofra Archer,146.80
87,88,Shivam Mavi,146.79
88,89,Jofra Archer,146.78
89,90,Billy Stanlake,146.76
90,91,Billy Stanlake,146.76
91,92,Jofra Archer,146.75
92,93,Ben Stokes,146.72
93,94,Shivam Mavi,146.70
94,95,Mohammed Siraj,146.69
95,96,Jasprit Bumrah,146.67
96,97,Jofra Archer,146.66
97,98,Jofra Archer,146.64
98,99,Jofra Archer,146.64
99,100,Trent Boult,146.63
