,POS,PLAYER,"
                                Against
                            ","
                                Venue
                            ","
                                Match Date
                            ","
                                BF
                            ","
                                6s
                            ","
                                4s
                            ","
                                Runs
                            "
0,1,KL Rahul,DC,IS Bindra Stadium,08 April 2018,14,4,6,51
1,2,Ishan Kishan,KKR,Eden Gardens,09 May 2018,17,6,5,62
2,3,Sunil Narine,RCB,Eden Gardens,08 April 2018,17,5,4,50
3,4,Jos Buttler,DC,Feroz Shah Kotla Ground,02 May 2018,18,7,4,67
4,5,Sam Billings,KKR,Chidambaram,10 April 2018,21,5,2,56
5,6,KL Rahul,KKR,Holkar Cricket Stadium,12 May 2018,22,7,2,66
6,7,Chris Gayle,CSK,IS Bindra Stadium,15 April 2018,22,4,7,63
7,8,MS Dhoni,DC,Maharashtra Cricket Association's International Stadium,30 April 2018,22,5,2,51
8,9,Kieron Pollard,KXIP,Wankhede Stadium,16 May 2018,22,3,5,50
9,10,Dinesh Karthik,KXIP,Holkar Cricket Stadium,12 May 2018,22,3,5,50
10,11,Rishabh Pant,RR,Feroz Shah Kotla Ground,02 May 2018,23,5,7,69
11,12,AB de Villiers,CSK,M. Chinnaswamy Stadium,25 April 2018,23,8,2,68
12,13,AB de Villiers,DC,M. Chinnaswamy Stadium,21 April 2018,24,5,10,90
13,14,KL Rahul,KKR,Eden Gardens,21 April 2018,24,2,9,60
14,15,Shane Watson,DC,Maharashtra Cricket Association's International Stadium,30 April 2018,25,7,4,78
15,16,Dwayne Bravo,MI,Wankhede Stadium,07 April 2018,25,7,3,68
16,17,Moeen Ali,SRH,M. Chinnaswamy Stadium,17 May 2018,25,6,2,65
17,18,Prithvi Shaw,SRH,Rajiv Gandhi Intl. Cricket Stadium,05 May 2018,25,3,6,65
18,19,Karun Nair,CSK,Maharashtra Cricket Association's International Stadium,20 May 2018,25,5,3,54
19,20,Jos Buttler,CSK,Sawai Mansingh Stadium,11 May 2018,26,2,11,95
20,21,Andre Russell,CSK,Chidambaram,10 April 2018,26,11,1,88
21,22,Sunil Narine,KXIP,Holkar Cricket Stadium,12 May 2018,26,4,9,75
22,23,Virat Kohli,DC,Feroz Shah Kotla Ground,12 May 2018,26,3,7,70
23,24,Virat Kohli,RR,M. Chinnaswamy Stadium,15 April 2018,26,2,7,57
24,25,Jason Roy,MI,Wankhede Stadium,14 April 2018,27,6,6,91
25,26,Jos Buttler,KXIP,Sawai Mansingh Stadium,08 May 2018,27,1,9,82
26,27,Ambati Rayudu,SRH,Rajiv Gandhi Intl. Cricket Stadium,22 April 2018,27,4,9,79
27,28,Rishabh Pant,RCB,Feroz Shah Kotla Ground,12 May 2018,27,4,5,61
28,29,Shane Watson,RR,Maharashtra Cricket Association's International Stadium,20 April 2018,28,6,9,106
29,30,Kane Williamson,RCB,M. Chinnaswamy Stadium,17 May 2018,28,5,7,81
30,31,AB de Villiers,DC,Feroz Shah Kotla Ground,12 May 2018,28,6,4,72
31,32,Chris Gayle,KKR,Eden Gardens,21 April 2018,28,6,5,62
32,33,Vijay Shankar,CSK,Maharashtra Cricket Association's International Stadium,30 April 2018,28,5,1,54
33,34,Ambati Rayudu,DC,Feroz Shah Kotla Ground,18 May 2018,28,4,4,50
34,35,Shreyas Iyer,KKR,Feroz Shah Kotla Ground,27 April 2018,29,10,3,93
35,36,Suryakumar Yadav,RR,Sawai Mansingh Stadium,22 April 2018,29,3,6,72
36,37,MS Dhoni,RCB,M. Chinnaswamy Stadium,25 April 2018,29,7,1,70
37,38,Suryakumar Yadav,DC,Wankhede Stadium,14 April 2018,29,1,7,53
38,39,Shreyas Iyer,RCB,M. Chinnaswamy Stadium,21 April 2018,29,3,4,52
39,40,Shikhar Dhawan,DC,Feroz Shah Kotla Ground,10 May 2018,30,4,9,92
40,41,Chris Lynn,KXIP,Eden Gardens,21 April 2018,30,4,6,74
41,42,Manish Pandey,RCB,M. Chinnaswamy Stadium,17 May 2018,30,2,7,62
42,43,Nitish Rana,DC,Eden Gardens,16 April 2018,30,4,5,59
43,44,Ambati Rayudu,SRH,Maharashtra Cricket Association's International Stadium,13 May 2018,31,7,7,100
44,45,Suryakumar Yadav,KKR,Wankhede Stadium,06 May 2018,31,2,7,59
45,46,Shane Watson,SRH,Maharashtra Cricket Association's International Stadium,13 May 2018,31,3,5,57
46,47,Rohit Sharma,CSK,Maharashtra Cricket Association's International Stadium,28 April 2018,31,2,6,56
47,48,AB de Villiers,RR,Sawai Mansingh Stadium,19 May 2018,31,0,7,53
48,49,Karun Nair,DC,IS Bindra Stadium,08 April 2018,31,2,5,50
49,50,Rohit Sharma,RCB,Wankhede Stadium,17 April 2018,32,5,10,94
50,51,AB de Villiers,SRH,M. Chinnaswamy Stadium,17 May 2018,32,1,12,69
51,52,Evin Lewis,RCB,Wankhede Stadium,17 April 2018,32,5,6,65
52,53,Kane Williamson,RR,Sawai Mansingh Stadium,29 April 2018,32,2,7,63
53,54,Shubman Gill,CSK,Eden Gardens,03 May 2018,32,2,6,57
54,55,Robin Uthappa,MI,Wankhede Stadium,06 May 2018,32,3,6,54
55,56,Suresh Raina,RR,Sawai Mansingh Stadium,11 May 2018,32,1,6,52
56,57,Shane Watson,SRH,Wankhede Stadium,27 May 2018,33,8,11,117
57,58,Shikhar Dhawan,RR,Rajiv Gandhi Intl. Cricket Stadium,09 April 2018,33,1,13,78
58,59,Sanju Samson,RCB,M. Chinnaswamy Stadium,15 April 2018,34,10,2,92
59,60,Rishabh Pant,RCB,M. Chinnaswamy Stadium,21 April 2018,34,7,6,85
60,61,Rishabh Pant,CSK,Maharashtra Cricket Association's International Stadium,30 April 2018,34,4,7,79
61,62,MS Dhoni,KXIP,IS Bindra Stadium,15 April 2018,34,5,6,79
62,63,Rishabh Pant,MI,Feroz Shah Kotla Ground,20 May 2018,34,4,4,64
63,64,Suryakumar Yadav,KXIP,Holkar Cricket Stadium,04 May 2018,34,3,6,57
64,65,Shreyas Iyer,RR,Feroz Shah Kotla Ground,02 May 2018,34,3,3,50
65,66,Jos Buttler,MI,Wankhede Stadium,13 May 2018,35,5,9,94
66,67,Kane Williamson,CSK,Rajiv Gandhi Intl. Cricket Stadium,22 April 2018,35,5,6,84
67,68,Suresh Raina,MI,Maharashtra Cricket Association's International Stadium,28 April 2018,35,4,6,75
68,69,Ishan Kishan,RR,Sawai Mansingh Stadium,22 April 2018,35,3,4,58
69,70,Kane Williamson,RCB,Rajiv Gandhi Intl. Cricket Stadium,07 May 2018,35,2,5,56
70,71,Quinton de Kock,CSK,M. Chinnaswamy Stadium,25 April 2018,35,4,1,53
71,72,Dinesh Karthik,RR,Eden Gardens,23 May 2018,35,2,4,52
72,73,Rishabh Pant,SRH,Feroz Shah Kotla Ground,10 May 2018,36,7,15,128
73,74,KL Rahul,MI,Wankhede Stadium,16 May 2018,36,3,10,94
74,75,AB de Villiers,KXIP,M. Chinnaswamy Stadium,13 April 2018,36,4,2,57
75,76,Gautam Gambhir,KXIP,IS Bindra Stadium,08 April 2018,36,1,5,55
76,77,Chris Lynn,SRH,Rajiv Gandhi Intl. Cricket Stadium,19 May 2018,36,3,4,55
77,78,Sanju Samson,MI,Sawai Mansingh Stadium,22 April 2018,36,0,4,52
78,79,Virat Kohli,KKR,M. Chinnaswamy Stadium,29 April 2018,37,3,5,68
79,80,Faf du Plessis,SRH,Wankhede Stadium,22 May 2018,37,4,5,67
80,81,Evin Lewis,RR,Wankhede Stadium,13 May 2018,37,4,4,60
81,82,Manish Pandey,KXIP,IS Bindra Stadium,19 April 2018,37,1,3,57
82,83,Parthiv Patel,CSK,Maharashtra Cricket Association's International Stadium,05 May 2018,37,2,5,53
83,84,Jos Buttler,KXIP,Holkar Cricket Stadium,06 May 2018,37,0,7,51
84,85,Kane Williamson,CSK,Maharashtra Cricket Association's International Stadium,13 May 2018,37,2,5,51
85,86,Sanju Samson,KKR,Eden Gardens,23 May 2018,37,2,4,50
86,87,Kane Williamson,DC,Feroz Shah Kotla Ground,10 May 2018,38,2,8,83
87,88,Rahul Tripathi,RCB,Sawai Mansingh Stadium,19 May 2018,38,3,5,80
88,89,Shikhar Dhawan,CSK,Maharashtra Cricket Association's International Stadium,13 May 2018,38,3,10,79
89,90,Prithvi Shaw,KKR,Feroz Shah Kotla Ground,27 April 2018,38,2,7,62
90,91,Chris Gayle,MI,Holkar Cricket Stadium,04 May 2018,38,2,6,50
91,92,Shikhar Dhawan,KKR,Rajiv Gandhi Intl. Cricket Stadium,19 May 2018,38,1,5,50
92,93,Chris Gayle,SRH,IS Bindra Stadium,19 April 2018,39,11,1,104
93,94,Kane Williamson,KXIP,IS Bindra Stadium,19 April 2018,39,2,3,54
94,95,Suresh Raina,SRH,Rajiv Gandhi Intl. Cricket Stadium,22 April 2018,39,2,5,54
95,96,Ambati Rayudu,RCB,M. Chinnaswamy Stadium,25 April 2018,40,8,3,82
96,97,Virat Kohli,MI,Wankhede Stadium,17 April 2018,41,4,7,92
97,98,Shreyas Iyer,KXIP,Feroz Shah Kotla Ground,23 April 2018,41,1,5,57
98,99,Hardik Pandya,RCB,M. Chinnaswamy Stadium,01 May 2018,41,1,5,50
99,100,Ajinkya Rahane,SRH,Sawai Mansingh Stadium,29 April 2018,42,1,5,65
