,POS,PLAYER,"
                                HS
                            ","
                                BF
                            ","
                                4s
                            ","
                                6s
                            ","
                                SR
                            ","
                                Against
                            ","
                                Venue
                            ","
                                Match Date
                            "
0,1,Rishabh Pant,128*,63,15,7,203.17,SRH,Feroz Shah Kotla Ground,10 May 2018
1,2,Shane Watson,117*,57,11,8,205.26,SRH,Wankhede Stadium,27 May 2018
2,3,Shane Watson,106,57,9,6,185.96,RR,Maharashtra Cricket Association's International Stadium,20 April 2018
3,4,Chris Gayle,104*,63,1,11,165.07,SRH,IS Bindra Stadium,19 April 2018
4,5,Ambati Rayudu,100*,62,7,7,161.29,SRH,Maharashtra Cricket Association's International Stadium,13 May 2018
5,6,Jos Buttler,95*,60,11,2,158.33,CSK,Sawai Mansingh Stadium,11 May 2018
6,7,KL Rahul,95*,70,11,2,135.71,RR,Sawai Mansingh Stadium,08 May 2018
7,8,Jos Buttler,94*,53,9,5,177.35,MI,Wankhede Stadium,13 May 2018
8,9,Rohit Sharma,94,52,10,5,180.76,RCB,Wankhede Stadium,17 April 2018
9,10,KL Rahul,94,60,10,3,156.66,MI,Wankhede Stadium,16 May 2018
10,11,Shreyas Iyer,93*,40,3,10,232.50,KKR,Feroz Shah Kotla Ground,27 April 2018
11,12,Sanju Samson,92*,45,2,10,204.44,RCB,M. Chinnaswamy Stadium,15 April 2018
12,13,Shikhar Dhawan,92*,50,9,4,184.00,DC,Feroz Shah Kotla Ground,10 May 2018
13,14,Virat Kohli,92*,62,7,4,148.38,MI,Wankhede Stadium,17 April 2018
14,15,Jason Roy,91*,53,6,6,171.69,MI,Wankhede Stadium,14 April 2018
15,16,AB de Villiers,90*,39,10,5,230.76,DC,M. Chinnaswamy Stadium,21 April 2018
16,17,Andre Russell,88*,36,1,11,244.44,CSK,Chidambaram,10 April 2018
17,18,Rishabh Pant,85,48,6,7,177.08,RCB,M. Chinnaswamy Stadium,21 April 2018
18,19,KL Rahul,84*,54,7,3,155.55,RR,Holkar Cricket Stadium,06 May 2018
19,20,Kane Williamson,84,51,6,5,164.70,CSK,Rajiv Gandhi Intl. Cricket Stadium,22 April 2018
20,21,Kane Williamson,83*,53,8,2,156.60,DC,Feroz Shah Kotla Ground,10 May 2018
21,22,Ambati Rayudu,82,53,3,8,154.71,RCB,M. Chinnaswamy Stadium,25 April 2018
22,23,Jos Buttler,82,58,9,1,141.37,KXIP,Sawai Mansingh Stadium,08 May 2018
23,24,Kane Williamson,81,42,7,5,192.85,RCB,M. Chinnaswamy Stadium,17 May 2018
24,25,Rahul Tripathi,80*,58,5,3,137.93,RCB,Sawai Mansingh Stadium,19 May 2018
25,26,MS Dhoni,79*,44,6,5,179.54,KXIP,IS Bindra Stadium,15 April 2018
26,27,Ambati Rayudu,79,37,9,4,213.51,SRH,Rajiv Gandhi Intl. Cricket Stadium,22 April 2018
27,28,Rishabh Pant,79,45,7,4,175.55,CSK,Maharashtra Cricket Association's International Stadium,30 April 2018
28,29,Shikhar Dhawan,79,49,10,3,161.22,CSK,Maharashtra Cricket Association's International Stadium,13 May 2018
29,30,Shikhar Dhawan,78*,57,13,1,136.84,RR,Rajiv Gandhi Intl. Cricket Stadium,09 April 2018
30,31,Shane Watson,78,40,4,7,195.00,DC,Maharashtra Cricket Association's International Stadium,30 April 2018
31,32,Suresh Raina,75*,47,6,4,159.57,MI,Maharashtra Cricket Association's International Stadium,28 April 2018
32,33,Sunil Narine,75,36,9,4,208.33,KXIP,Holkar Cricket Stadium,12 May 2018
33,34,Chris Lynn,74,41,6,4,180.48,KXIP,Eden Gardens,21 April 2018
34,35,AB de Villiers,72*,37,4,6,194.59,DC,Feroz Shah Kotla Ground,12 May 2018
35,36,Suryakumar Yadav,72,47,6,3,153.19,RR,Sawai Mansingh Stadium,22 April 2018
36,37,MS Dhoni,70*,34,1,7,205.88,RCB,M. Chinnaswamy Stadium,25 April 2018
37,38,Virat Kohli,70,40,7,3,175.00,DC,Feroz Shah Kotla Ground,12 May 2018
38,39,Rishabh Pant,69,29,7,5,237.93,RR,Feroz Shah Kotla Ground,02 May 2018
39,40,AB de Villiers,69,39,12,1,176.92,SRH,M. Chinnaswamy Stadium,17 May 2018
40,41,Virat Kohli,68*,44,5,3,154.54,KKR,M. Chinnaswamy Stadium,29 April 2018
41,42,Dwayne Bravo,68,30,3,7,226.66,MI,Wankhede Stadium,07 April 2018
42,43,AB de Villiers,68,30,2,8,226.66,CSK,M. Chinnaswamy Stadium,25 April 2018
43,44,Faf du Plessis,67*,42,5,4,159.52,SRH,Wankhede Stadium,22 May 2018
44,45,Jos Buttler,67,26,4,7,257.69,DC,Feroz Shah Kotla Ground,02 May 2018
45,46,KL Rahul,66,29,2,7,227.58,KKR,Holkar Cricket Stadium,12 May 2018
46,47,Ajinkya Rahane,65*,53,5,1,122.64,SRH,Sawai Mansingh Stadium,29 April 2018
47,48,Moeen Ali,65,34,2,6,191.17,SRH,M. Chinnaswamy Stadium,17 May 2018
48,49,Prithvi Shaw,65,36,6,3,180.55,SRH,Rajiv Gandhi Intl. Cricket Stadium,05 May 2018
49,50,Evin Lewis,65,42,6,5,154.76,RCB,Wankhede Stadium,17 April 2018
50,51,Rishabh Pant,64,44,4,4,145.45,MI,Feroz Shah Kotla Ground,20 May 2018
51,52,Chris Gayle,63,33,7,4,190.90,CSK,IS Bindra Stadium,15 April 2018
52,53,Kane Williamson,63,43,7,2,146.51,RR,Sawai Mansingh Stadium,29 April 2018
53,54,Manish Pandey,62*,38,7,2,163.15,RCB,M. Chinnaswamy Stadium,17 May 2018
54,55,Chris Gayle,62*,38,5,6,163.15,KKR,Eden Gardens,21 April 2018
55,56,Chris Lynn,62*,52,7,1,119.23,RCB,M. Chinnaswamy Stadium,29 April 2018
56,57,Ishan Kishan,62,21,5,6,295.23,KKR,Eden Gardens,09 May 2018
57,58,Prithvi Shaw,62,44,7,2,140.90,KKR,Feroz Shah Kotla Ground,27 April 2018
58,59,Suresh Raina,61*,48,4,2,127.08,KXIP,Maharashtra Cricket Association's International Stadium,20 May 2018
59,60,Rishabh Pant,61,34,5,4,179.41,RCB,Feroz Shah Kotla Ground,12 May 2018
60,61,KL Rahul,60,27,9,2,222.22,KKR,Eden Gardens,21 April 2018
61,62,Evin Lewis,60,42,4,4,142.85,RR,Wankhede Stadium,13 May 2018
62,63,Nitish Rana,59,35,5,4,168.57,DC,Eden Gardens,16 April 2018
63,64,Suryakumar Yadav,59,39,7,2,151.28,KKR,Wankhede Stadium,06 May 2018
64,65,Ishan Kishan,58,42,4,3,138.09,RR,Sawai Mansingh Stadium,22 April 2018
65,66,Shubman Gill,57*,36,6,2,158.33,CSK,Eden Gardens,03 May 2018
66,67,Manish Pandey,57*,42,3,1,135.71,KXIP,IS Bindra Stadium,19 April 2018
67,68,Virat Kohli,57,30,7,2,190.00,RR,M. Chinnaswamy Stadium,15 April 2018
68,69,Shane Watson,57,35,5,3,162.85,SRH,Maharashtra Cricket Association's International Stadium,13 May 2018
69,70,AB de Villiers,57,40,2,4,142.50,KXIP,M. Chinnaswamy Stadium,13 April 2018
70,71,Suryakumar Yadav,57,42,6,3,135.71,KXIP,Holkar Cricket Stadium,04 May 2018
71,72,Shreyas Iyer,57,45,5,1,126.66,KXIP,Feroz Shah Kotla Ground,23 April 2018
72,73,Rohit Sharma,56*,33,6,2,169.69,CSK,Maharashtra Cricket Association's International Stadium,28 April 2018
73,74,Sam Billings,56,23,2,5,243.47,KKR,Chidambaram,10 April 2018
74,75,Kane Williamson,56,39,5,2,143.58,RCB,Rajiv Gandhi Intl. Cricket Stadium,07 May 2018
75,76,Gautam Gambhir,55,42,5,1,130.95,KXIP,IS Bindra Stadium,08 April 2018
76,77,Chris Lynn,55,43,4,3,127.90,SRH,Rajiv Gandhi Intl. Cricket Stadium,19 May 2018
77,78,Vijay Shankar,54*,31,1,5,174.19,CSK,Maharashtra Cricket Association's International Stadium,30 April 2018
78,79,Suresh Raina,54*,43,5,2,125.58,SRH,Rajiv Gandhi Intl. Cricket Stadium,22 April 2018
79,80,Karun Nair,54,26,3,5,207.69,CSK,Maharashtra Cricket Association's International Stadium,20 May 2018
80,81,Robin Uthappa,54,35,6,3,154.28,MI,Wankhede Stadium,06 May 2018
81,82,Kane Williamson,54,41,3,2,131.70,KXIP,IS Bindra Stadium,19 April 2018
82,83,Manish Pandey,54,51,3,1,105.88,KXIP,Rajiv Gandhi Intl. Cricket Stadium,26 April 2018
83,84,Suryakumar Yadav,53,32,7,1,165.62,DC,Wankhede Stadium,14 April 2018
84,85,AB de Villiers,53,35,7,0,151.42,RR,Sawai Mansingh Stadium,19 May 2018
85,86,Quinton de Kock,53,37,1,4,143.24,CSK,M. Chinnaswamy Stadium,25 April 2018
86,87,Parthiv Patel,53,41,5,2,129.26,CSK,Maharashtra Cricket Association's International Stadium,05 May 2018
87,88,Shreyas Iyer,52,31,4,3,167.74,RCB,M. Chinnaswamy Stadium,21 April 2018
88,89,Suresh Raina,52,35,6,1,148.57,RR,Sawai Mansingh Stadium,11 May 2018
89,90,Dinesh Karthik,52,38,4,2,136.84,RR,Eden Gardens,23 May 2018
90,91,Sanju Samson,52,39,4,0,133.33,MI,Sawai Mansingh Stadium,22 April 2018
91,92,MS Dhoni,51*,22,2,5,231.81,DC,Maharashtra Cricket Association's International Stadium,30 April 2018
92,93,KL Rahul,51,16,6,4,318.75,DC,IS Bindra Stadium,08 April 2018
93,94,Kane Williamson,51,39,5,2,130.76,CSK,Maharashtra Cricket Association's International Stadium,13 May 2018
94,95,Jos Buttler,51,39,7,0,130.76,KXIP,Holkar Cricket Stadium,06 May 2018
95,96,Sunil Narine,50,19,4,5,263.15,RCB,Eden Gardens,08 April 2018
96,97,Kieron Pollard,50,23,5,3,217.39,KXIP,Wankhede Stadium,16 May 2018
97,98,Dinesh Karthik,50,23,5,3,217.39,KXIP,Holkar Cricket Stadium,12 May 2018
98,99,Ambati Rayudu,50,29,4,4,172.41,DC,Feroz Shah Kotla Ground,18 May 2018
99,100,Karun Nair,50,33,5,2,151.51,DC,IS Bindra Stadium,08 April 2018
