,POS,PLAYER,"
                                Runs
                            ","
                                BF
                            ","
                                4s
                            ","
                                6s
                            ","
                                SR
                            ","
                                Against
                            ","
                                Venue
                            ","
                                Match Date
                            "
0,1,Shreyas Iyer,28,6,1,4,466.66,KKR,Feroz Shah Kotla Ground,27 April 2018
1,2,Jos Buttler,28,6,4,2,466.66,KKR,Eden Gardens,15 May 2018
2,3,Shane Watson,26,6,2,3,433.33,SRH,Wankhede Stadium,27 May 2018
3,4,Rishabh Pant,26,5,2,3,520.00,SRH,Feroz Shah Kotla Ground,10 May 2018
4,5,Chris Gayle,26,5,0,4,520.00,SRH,IS Bindra Stadium,19 April 2018
5,6,Ishan Kishan,24,4,0,4,600.00,KKR,Eden Gardens,09 May 2018
6,7,KL Rahul,24,6,3,2,400.00,DC,IS Bindra Stadium,08 April 2018
7,8,Jos Buttler,23,6,1,3,383.33,DC,Feroz Shah Kotla Ground,02 May 2018
8,9,Ambati Rayudu,22,6,1,3,366.66,DC,Feroz Shah Kotla Ground,18 May 2018
9,10,Suresh Raina,22,6,2,2,366.66,KXIP,Maharashtra Cricket Association's International Stadium,20 May 2018
10,11,Andre Russell,21,5,0,3,420.00,DC,Eden Gardens,16 April 2018
11,12,Colin de Grandhomme,21,5,0,3,420.00,MI,M. Chinnaswamy Stadium,01 May 2018
12,13,Manan Vohra,21,5,2,2,420.00,MI,M. Chinnaswamy Stadium,01 May 2018
13,14,Kane Williamson,21,5,0,3,420.00,CSK,Rajiv Gandhi Intl. Cricket Stadium,22 April 2018
14,15,Sunil Narine,21,5,2,2,420.00,RR,Eden Gardens,15 May 2018
15,16,Marcus Stoinis,21,5,2,2,420.00,MI,Holkar Cricket Stadium,04 May 2018
16,17,Kane Williamson,21,6,3,1,350.00,RR,Sawai Mansingh Stadium,29 April 2018
17,18,Dwayne Bravo,20,6,0,3,333.33,MI,Wankhede Stadium,07 April 2018
18,19,Abhishek Sharma,20,5,1,2,400.00,RCB,Feroz Shah Kotla Ground,12 May 2018
19,20,Suryakumar Yadav,20,5,2,2,400.00,KXIP,Wankhede Stadium,16 May 2018
20,21,Andre Russell,20,5,0,3,400.00,CSK,Chidambaram,10 April 2018
21,22,Chris Gayle,20,5,2,2,400.00,CSK,IS Bindra Stadium,15 April 2018
22,23,Sunil Narine,20,6,2,2,333.33,RCB,Eden Gardens,08 April 2018
23,24,Vijay Shankar,19,5,0,3,380.00,CSK,Maharashtra Cricket Association's International Stadium,30 April 2018
24,25,Prithvi Shaw,19,5,3,1,380.00,SRH,Rajiv Gandhi Intl. Cricket Stadium,05 May 2018
25,26,Alex Hales,19,5,0,3,380.00,DC,Rajiv Gandhi Intl. Cricket Stadium,05 May 2018
26,27,Faf du Plessis,19,5,3,1,380.00,SRH,Wankhede Stadium,22 May 2018
27,28,Deepak Chahar,19,5,1,2,380.00,KXIP,Maharashtra Cricket Association's International Stadium,20 May 2018
28,29,Sunil Narine,19,5,3,1,380.00,SRH,Eden Gardens,25 May 2018
29,30,Andre Russell,19,4,0,3,475.00,DC,Eden Gardens,16 April 2018
30,31,Harshal Patel,19,4,0,3,475.00,CSK,Feroz Shah Kotla Ground,18 May 2018
31,32,MS Dhoni,19,5,1,2,380.00,KXIP,IS Bindra Stadium,15 April 2018
32,33,AB de Villiers,19,5,0,3,380.00,CSK,M. Chinnaswamy Stadium,25 April 2018
33,34,MS Dhoni,19,6,0,3,316.66,RCB,Maharashtra Cricket Association's International Stadium,05 May 2018
34,35,Dwayne Bravo,19,5,1,2,380.00,MI,Wankhede Stadium,07 April 2018
35,36,Evin Lewis,18,6,3,1,300.00,DC,Wankhede Stadium,14 April 2018
36,37,Carlos Brathwaite,18,6,1,2,300.00,CSK,Wankhede Stadium,22 May 2018
37,38,D'Arcy Short,18,4,0,3,450.00,DC,Feroz Shah Kotla Ground,02 May 2018
38,39,Rashid Khan,18,4,1,2,450.00,KKR,Eden Gardens,25 May 2018
39,40,Rahul Tripathi,18,4,3,1,450.00,KKR,Eden Gardens,15 May 2018
40,41,Robin Uthappa,18,6,1,2,300.00,DC,Eden Gardens,16 April 2018
41,42,Sunil Narine,18,6,3,1,300.00,SRH,Rajiv Gandhi Intl. Cricket Stadium,19 May 2018
42,43,Rishabh Pant,18,5,1,2,360.00,MI,Wankhede Stadium,14 April 2018
43,44,Ambati Rayudu,18,6,3,1,300.00,SRH,Rajiv Gandhi Intl. Cricket Stadium,22 April 2018
44,45,Krunal Pandya,17,5,2,1,340.00,CSK,Wankhede Stadium,07 April 2018
45,46,Rishabh Pant,17,6,2,1,283.33,SRH,Feroz Shah Kotla Ground,10 May 2018
46,47,Brendon McCullum,17,5,1,2,340.00,MI,M. Chinnaswamy Stadium,01 May 2018
47,48,AB de Villiers,17,5,1,2,340.00,DC,M. Chinnaswamy Stadium,21 April 2018
48,49,AB de Villiers,17,5,1,2,340.00,CSK,M. Chinnaswamy Stadium,25 April 2018
49,50,Krunal Pandya,17,4,1,2,425.00,KXIP,Wankhede Stadium,16 May 2018
50,51,Sanju Samson,17,6,2,1,283.33,SRH,Sawai Mansingh Stadium,29 April 2018
51,52,Rishabh Pant,17,5,2,1,340.00,CSK,Maharashtra Cricket Association's International Stadium,30 April 2018
52,53,Ishan Kishan,17,4,1,2,425.00,DC,Wankhede Stadium,14 April 2018
53,54,Chris Gayle,17,5,1,2,340.00,KKR,Eden Gardens,21 April 2018
54,55,MS Dhoni,17,4,1,2,425.00,DC,Maharashtra Cricket Association's International Stadium,30 April 2018
55,56,Prithvi Shaw,17,5,3,0,340.00,KXIP,Feroz Shah Kotla Ground,23 April 2018
56,57,Ambati Rayudu,17,5,1,2,340.00,KKR,Chidambaram,10 April 2018
57,58,Hardik Pandya,17,5,1,2,340.00,RR,Wankhede Stadium,13 May 2018
58,59,Sunil Narine,17,5,1,2,340.00,RCB,Eden Gardens,08 April 2018
59,60,Rishabh Pant,17,6,1,2,283.33,CSK,Feroz Shah Kotla Ground,18 May 2018
60,61,Ishan Kishan,17,5,1,2,340.00,KXIP,Wankhede Stadium,16 May 2018
61,62,Virat Kohli,17,5,0,2,340.00,KKR,M. Chinnaswamy Stadium,29 April 2018
62,63,Ravichandran Ashwin,17,5,1,2,340.00,KKR,Holkar Cricket Stadium,12 May 2018
63,64,Ajinkya Rahane,17,5,4,0,340.00,KKR,Sawai Mansingh Stadium,18 April 2018
64,65,Shane Watson,17,4,1,2,425.00,RR,Maharashtra Cricket Association's International Stadium,20 April 2018
65,66,Ishan Kishan,17,5,2,1,340.00,CSK,Wankhede Stadium,07 April 2018
66,67,Dinesh Karthik,17,5,1,2,340.00,KXIP,Holkar Cricket Stadium,12 May 2018
67,68,Prithvi Shaw,16,6,1,2,266.66,RR,Feroz Shah Kotla Ground,02 May 2018
68,69,KL Rahul,16,6,1,2,266.66,RCB,M. Chinnaswamy Stadium,13 April 2018
69,70,Chris Lynn,16,4,1,2,400.00,KXIP,Eden Gardens,21 April 2018
70,71,Sunil Narine,16,5,1,2,320.00,KXIP,Holkar Cricket Stadium,12 May 2018
71,72,Robin Uthappa,16,6,4,0,266.66,MI,Wankhede Stadium,06 May 2018
72,73,Evin Lewis,16,5,0,2,320.00,RR,Wankhede Stadium,13 May 2018
73,74,Ambati Rayudu,16,6,2,1,266.66,SRH,Maharashtra Cricket Association's International Stadium,13 May 2018
74,75,Evin Lewis,16,5,2,1,320.00,DC,Feroz Shah Kotla Ground,20 May 2018
75,76,Suresh Raina,16,6,4,0,266.66,RR,Maharashtra Cricket Association's International Stadium,20 April 2018
76,77,Shane Watson,16,6,2,1,266.66,KKR,Chidambaram,10 April 2018
77,78,Vijay Shankar,16,5,1,1,320.00,SRH,Rajiv Gandhi Intl. Cricket Stadium,05 May 2018
78,79,Evin Lewis,16,6,1,2,266.66,DC,Feroz Shah Kotla Ground,20 May 2018
79,80,AB de Villiers,16,5,1,2,320.00,CSK,M. Chinnaswamy Stadium,25 April 2018
80,81,Kane Williamson,16,5,2,1,320.00,RCB,M. Chinnaswamy Stadium,17 May 2018
81,82,KL Rahul,16,6,2,1,266.66,DC,IS Bindra Stadium,08 April 2018
82,83,Virat Kohli,16,6,2,1,266.66,DC,Feroz Shah Kotla Ground,12 May 2018
83,84,Mandeep Singh,16,5,1,2,320.00,KKR,Eden Gardens,08 April 2018
84,85,Mandeep Singh,16,6,3,0,266.66,RR,M. Chinnaswamy Stadium,15 April 2018
85,86,Ben Cutting,16,5,1,2,320.00,KKR,Eden Gardens,09 May 2018
86,87,Krunal Pandya,16,5,2,1,320.00,CSK,Wankhede Stadium,07 April 2018
87,88,Jason Roy,16,4,1,2,400.00,MI,Wankhede Stadium,14 April 2018
88,89,Rohit Sharma,16,5,4,0,320.00,CSK,Maharashtra Cricket Association's International Stadium,28 April 2018
89,90,Karun Nair,16,5,1,2,320.00,CSK,Maharashtra Cricket Association's International Stadium,20 May 2018
90,91,Rishabh Pant,16,5,2,1,320.00,KXIP,IS Bindra Stadium,08 April 2018
91,92,Virat Kohli,15,6,2,1,250.00,SRH,Rajiv Gandhi Intl. Cricket Stadium,07 May 2018
92,93,Kieron Pollard,15,4,2,1,375.00,KXIP,Wankhede Stadium,16 May 2018
93,94,Ambati Rayudu,15,4,2,1,375.00,DC,Maharashtra Cricket Association's International Stadium,30 April 2018
94,95,MS Dhoni,15,6,0,2,250.00,KKR,Eden Gardens,03 May 2018
95,96,Ambati Rayudu,15,5,2,1,300.00,RCB,Maharashtra Cricket Association's International Stadium,05 May 2018
96,97,Gautam Gambhir,15,4,2,1,375.00,KXIP,IS Bindra Stadium,08 April 2018
97,98,Manish Pandey,15,4,2,1,375.00,RCB,M. Chinnaswamy Stadium,17 May 2018
98,99,Shane Watson,15,5,1,1,300.00,SRH,Wankhede Stadium,27 May 2018
99,100,KL Rahul,15,4,2,1,375.00,SRH,Rajiv Gandhi Intl. Cricket Stadium,26 April 2018
