,POS,PLAYER,"
                                Ov
                            ","
                                Runs
                            ","
                                Wkts
                            ","
                                SR
                            ","
                                Against
                            ","
                                Venue
                            ","
                                Match Date
                            "
0,1,Basil Thampi,4,70,0,-,RCB,M. Chinnaswamy Stadium,17 May 2018
1,2,Umesh Yadav,4,59,0,-,RR,M. Chinnaswamy Stadium,15 April 2018
2,3,Shivam Mavi,4,58,1,24.00,DC,Feroz Shah Kotla Ground,27 April 2018
3,4,Corey Anderson,3.4,58,0,-,CSK,M. Chinnaswamy Stadium,25 April 2018
4,5,Prasidh Krishna,4,56,0,-,SRH,Eden Gardens,25 May 2018
5,6,Mustafizur Rahman,4,55,0,-,RCB,Wankhede Stadium,17 April 2018
6,7,Rashid Khan,4,55,1,24.00,KXIP,IS Bindra Stadium,19 April 2018
7,8,Ravichandran Ashwin,4,53,0,-,SRH,IS Bindra Stadium,19 April 2018
8,9,Mohammed Shami,4,53,1,24.00,KKR,Eden Gardens,16 April 2018
9,10,Axar Patel,4,52,0,-,KKR,Holkar Cricket Stadium,12 May 2018
10,11,Dwayne Bravo,4,52,0,-,DC,Feroz Shah Kotla Ground,18 May 2018
11,12,Javon Searles,4,52,1,24.00,KXIP,Holkar Cricket Stadium,12 May 2018
12,13,Sandeep Sharma,4,52,1,24.00,CSK,Wankhede Stadium,27 May 2018
13,14,Hardik Pandya,4,52,2,12.00,RR,Wankhede Stadium,13 May 2018
14,15,Liam Plunkett,3,52,0,-,CSK,Maharashtra Cricket Association's International Stadium,30 April 2018
15,16,Mitchell Johnson,4,51,0,-,CSK,Eden Gardens,03 May 2018
16,17,Bhuvneshwar Kumar,4,51,1,24.00,DC,Feroz Shah Kotla Ground,10 May 2018
17,18,Harshal Patel,4,51,1,24.00,RCB,Feroz Shah Kotla Ground,12 May 2018
18,19,Mohit Sharma,4,51,2,12.00,SRH,IS Bindra Stadium,19 April 2018
19,20,Shardul Thakur,4,50,1,24.00,SRH,Wankhede Stadium,22 May 2018
20,21,Barinder Sran,4,50,2,12.00,KKR,Eden Gardens,21 April 2018
21,22,Dwayne Bravo,3,50,0,-,KKR,Chidambaram,10 April 2018
22,23,Mark Wood,4,49,0,-,MI,Wankhede Stadium,07 April 2018
23,24,Rashid Khan,4,49,1,24.00,CSK,Rajiv Gandhi Intl. Cricket Stadium,22 April 2018
24,25,Piyush Chawla,4,49,1,24.00,CSK,Chidambaram,10 April 2018
25,26,Sunil Narine,4,48,0,-,RR,Sawai Mansingh Stadium,18 April 2018
26,27,Mohammed Siraj,4,48,0,-,CSK,M. Chinnaswamy Stadium,25 April 2018
27,28,Trent Boult,4,48,0,-,CSK,Maharashtra Cricket Association's International Stadium,30 April 2018
28,29,Siddarth Kaul,4,48,0,-,DC,Feroz Shah Kotla Ground,10 May 2018
29,30,Washington Sundar,4,48,1,24.00,KKR,Eden Gardens,08 April 2018
30,31,Piyush Chawla,4,48,3,8.00,MI,Eden Gardens,09 May 2018
31,32,Barinder Sran,3,48,1,18.00,KKR,Holkar Cricket Stadium,12 May 2018
32,33,Andrew Tye,4,47,0,-,CSK,Maharashtra Cricket Association's International Stadium,20 May 2018
33,34,Akila Dananjaya,4,47,0,-,DC,Wankhede Stadium,14 April 2018
34,35,David Willey,4,47,1,24.00,RR,Sawai Mansingh Stadium,11 May 2018
35,36,Mohit Sharma,4,47,1,24.00,CSK,IS Bindra Stadium,15 April 2018
36,37,Andrew Tye,4,47,2,12.00,CSK,IS Bindra Stadium,15 April 2018
37,38,Chris Woakes,4,47,2,12.00,RR,M. Chinnaswamy Stadium,15 April 2018
38,39,Corey Anderson,4,47,2,12.00,MI,Wankhede Stadium,17 April 2018
39,40,Avesh Khan,3,47,0,-,SRH,Rajiv Gandhi Intl. Cricket Stadium,05 May 2018
40,41,Amit Mishra,4,46,0,-,KXIP,IS Bindra Stadium,08 April 2018
41,42,Mohammed Siraj,4,46,1,24.00,DC,Feroz Shah Kotla Ground,12 May 2018
42,43,Ben Laughlin,4,46,1,24.00,RCB,M. Chinnaswamy Stadium,15 April 2018
43,44,Dwayne Bravo,4,46,1,24.00,SRH,Wankhede Stadium,27 May 2018
44,45,Ankit Rajpoot,4,46,1,24.00,MI,Wankhede Stadium,16 May 2018
45,46,Shardul Thakur,4,46,2,12.00,RCB,M. Chinnaswamy Stadium,25 April 2018
46,47,Jaydev Unadkat,4,46,3,8.00,DC,Feroz Shah Kotla Ground,02 May 2018
47,48,Tim Southee,4,45,0,-,SRH,M. Chinnaswamy Stadium,17 May 2018
48,49,Barinder Sran,4,45,1,24.00,DC,Feroz Shah Kotla Ground,23 April 2018
49,50,Shardul Thakur,4,45,1,24.00,SRH,Rajiv Gandhi Intl. Cricket Stadium,22 April 2018
50,51,Mohit Sharma,3.3,45,0,-,RCB,M. Chinnaswamy Stadium,13 April 2018
51,52,Sunil Narine,4,44,1,24.00,KXIP,Holkar Cricket Stadium,12 May 2018
52,53,Shivam Mavi,4,44,1,24.00,RR,Eden Gardens,15 May 2018
53,54,Mitchell McClenaghan,4,44,1,24.00,CSK,Wankhede Stadium,07 April 2018
54,55,Imran Tahir,4,44,1,24.00,RR,Maharashtra Cricket Association's International Stadium,20 April 2018
55,56,Hardik Pandya,4,44,1,24.00,KXIP,Holkar Cricket Stadium,04 May 2018
56,57,Trent Boult,4,44,2,12.00,KKR,Feroz Shah Kotla Ground,27 April 2018
57,58,Siddarth Kaul,4,44,2,12.00,RCB,M. Chinnaswamy Stadium,17 May 2018
58,59,Jofra Archer,4,43,0,-,KKR,Eden Gardens,15 May 2018
59,60,Chris Morris,4,43,0,-,RCB,M. Chinnaswamy Stadium,21 April 2018
60,61,Mohammed Siraj,4,43,1,24.00,SRH,M. Chinnaswamy Stadium,17 May 2018
61,62,Dhawal Kulkarni,4,43,1,24.00,MI,Wankhede Stadium,13 May 2018
62,63,Shahbaz Nadeem,4,43,1,24.00,KKR,Eden Gardens,16 April 2018
63,64,Trent Boult,3.5,43,0,-,SRH,Feroz Shah Kotla Ground,10 May 2018
64,65,Jofra Archer,3.4,43,1,22.00,KXIP,Holkar Cricket Stadium,06 May 2018
65,66,Kuldeep Yadav,3,43,0,-,MI,Eden Gardens,09 May 2018
66,67,Siddarth Kaul,3,43,0,-,CSK,Wankhede Stadium,27 May 2018
67,68,Dwayne Bravo,3,43,0,-,DC,Maharashtra Cricket Association's International Stadium,30 April 2018
68,69,Marcus Stoinis,3,43,1,18.00,MI,Wankhede Stadium,16 May 2018
69,70,KM Asif,3,43,2,9.00,DC,Maharashtra Cricket Association's International Stadium,30 April 2018
70,71,Hardik Pandya,4,42,0,-,KXIP,Wankhede Stadium,16 May 2018
71,72,Mitchell Johnson,4,42,0,-,DC,Feroz Shah Kotla Ground,27 April 2018
72,73,Jofra Archer,4,42,2,12.00,CSK,Sawai Mansingh Stadium,11 May 2018
73,74,Billy Stanlake,4,42,2,12.00,MI,Rajiv Gandhi Intl. Cricket Stadium,12 April 2018
74,75,Mayank Markande,3,42,0,-,DC,Wankhede Stadium,14 April 2018
75,76,Liam Plunkett,4,41,0,-,SRH,Feroz Shah Kotla Ground,10 May 2018
76,77,Shakib Al Hasan,4,41,0,-,CSK,Maharashtra Cricket Association's International Stadium,13 May 2018
77,78,Tim Southee,4,41,0,-,DC,Feroz Shah Kotla Ground,12 May 2018
78,79,Shane Watson,4,41,0,-,MI,Maharashtra Cricket Association's International Stadium,28 April 2018
79,80,Harbhajan Singh,4,41,1,24.00,KXIP,IS Bindra Stadium,15 April 2018
80,81,Prasidh Krishna,4,41,1,24.00,MI,Eden Gardens,09 May 2018
81,82,Chris Morris,4,41,2,12.00,KKR,Eden Gardens,16 April 2018
82,83,Andre Russell,4,41,3,8.00,KXIP,Holkar Cricket Stadium,12 May 2018
83,84,Andrew Tye,4,41,4,6.00,KKR,Holkar Cricket Stadium,12 May 2018
84,85,Ben Cutting,4,40,0,-,SRH,Rajiv Gandhi Intl. Cricket Stadium,12 April 2018
85,86,Chris Woakes,4,40,0,-,DC,M. Chinnaswamy Stadium,21 April 2018
86,87,Shivam Mavi,4,40,1,24.00,RR,Sawai Mansingh Stadium,18 April 2018
87,88,Mohit Sharma,4,40,1,24.00,KKR,Holkar Cricket Stadium,12 May 2018
88,89,Sandeep Sharma,4,40,1,24.00,RCB,M. Chinnaswamy Stadium,17 May 2018
89,90,Mohammed Siraj,4,40,2,12.00,KKR,M. Chinnaswamy Stadium,29 April 2018
90,91,Trent Boult,4,40,2,12.00,RCB,Feroz Shah Kotla Ground,12 May 2018
91,92,Siddarth Kaul,3,40,0,-,CSK,Maharashtra Cricket Association's International Stadium,13 May 2018
92,93,Kulwant Khejroliya,3,40,0,-,RR,M. Chinnaswamy Stadium,15 April 2018
93,94,Prasidh Krishna,4,39,0,-,MI,Wankhede Stadium,06 May 2018
94,95,Sunil Narine,4,39,0,-,RR,Eden Gardens,23 May 2018
95,96,Jaydev Unadkat,4,39,0,-,CSK,Maharashtra Cricket Association's International Stadium,20 April 2018
96,97,Hardik Pandya,4,39,1,24.00,CSK,Maharashtra Cricket Association's International Stadium,28 April 2018
97,98,Ravindra Jadeja,4,39,1,24.00,KKR,Eden Gardens,03 May 2018
98,99,Dwayne Bravo,4,39,1,24.00,SRH,Maharashtra Cricket Association's International Stadium,13 May 2018
99,100,Trent Boult,4,39,2,12.00,MI,Wankhede Stadium,14 April 2018
