,POS,PLAYER,"
                                Runs
                            ","
                                BF
                            ","
                                4s
                            ","
                                6s
                            ","
                                SR
                            ","
                                Against
                            ","
                                Venue
                            ","
                                Match Date
                            "
0,1,Andre Russell,88,36,1,11,244.44,CSK,Chidambaram,10 April 2018
1,2,Chris Gayle,104,63,1,11,165.07,SRH,IS Bindra Stadium,19 April 2018
2,3,Shreyas Iyer,93,40,3,10,232.50,KKR,Feroz Shah Kotla Ground,27 April 2018
3,4,Sanju Samson,92,45,2,10,204.44,RCB,M. Chinnaswamy Stadium,15 April 2018
4,5,AB de Villiers,68,30,2,8,226.66,CSK,M. Chinnaswamy Stadium,25 April 2018
5,6,Shane Watson,117,57,11,8,205.26,SRH,Wankhede Stadium,27 May 2018
6,7,Ambati Rayudu,82,53,3,8,154.71,RCB,M. Chinnaswamy Stadium,25 April 2018
7,8,Jos Buttler,67,26,4,7,257.69,DC,Feroz Shah Kotla Ground,02 May 2018
8,9,KL Rahul,66,29,2,7,227.58,KKR,Holkar Cricket Stadium,12 May 2018
9,10,Dwayne Bravo,68,30,3,7,226.66,MI,Wankhede Stadium,07 April 2018
10,11,MS Dhoni,70,34,1,7,205.88,RCB,M. Chinnaswamy Stadium,25 April 2018
11,12,Rishabh Pant,128,63,15,7,203.17,SRH,Feroz Shah Kotla Ground,10 May 2018
12,13,Shane Watson,78,40,4,7,195.00,DC,Maharashtra Cricket Association's International Stadium,30 April 2018
13,14,Rishabh Pant,85,48,6,7,177.08,RCB,M. Chinnaswamy Stadium,21 April 2018
14,15,Ambati Rayudu,100,62,7,7,161.29,SRH,Maharashtra Cricket Association's International Stadium,13 May 2018
15,16,Andre Russell,41,12,0,6,341.66,DC,Eden Gardens,16 April 2018
16,17,Ishan Kishan,62,21,5,6,295.23,KKR,Eden Gardens,09 May 2018
17,18,AB de Villiers,72,37,4,6,194.59,DC,Feroz Shah Kotla Ground,12 May 2018
18,19,Moeen Ali,65,34,2,6,191.17,SRH,M. Chinnaswamy Stadium,17 May 2018
19,20,Shane Watson,106,57,9,6,185.96,RR,Maharashtra Cricket Association's International Stadium,20 April 2018
20,21,Jason Roy,91,53,6,6,171.69,MI,Wankhede Stadium,14 April 2018
21,22,Chris Gayle,62,38,5,6,163.15,KKR,Eden Gardens,21 April 2018
22,23,Sunil Narine,50,19,4,5,263.15,RCB,Eden Gardens,08 April 2018
23,24,Sam Billings,56,23,2,5,243.47,KKR,Chidambaram,10 April 2018
24,25,Rishabh Pant,69,29,7,5,237.93,RR,Feroz Shah Kotla Ground,02 May 2018
25,26,MS Dhoni,51,22,2,5,231.81,DC,Maharashtra Cricket Association's International Stadium,30 April 2018
26,27,AB de Villiers,90,39,10,5,230.76,DC,M. Chinnaswamy Stadium,21 April 2018
27,28,Karun Nair,54,26,3,5,207.69,CSK,Maharashtra Cricket Association's International Stadium,20 May 2018
28,29,Andre Russell,49,25,3,5,196.00,RR,Eden Gardens,23 May 2018
29,30,Kane Williamson,81,42,7,5,192.85,RCB,M. Chinnaswamy Stadium,17 May 2018
30,31,AB de Villiers,44,23,1,5,191.30,KKR,Eden Gardens,08 April 2018
31,32,Rohit Sharma,94,52,10,5,180.76,RCB,Wankhede Stadium,17 April 2018
32,33,MS Dhoni,79,44,6,5,179.54,KXIP,IS Bindra Stadium,15 April 2018
33,34,Jos Buttler,94,53,9,5,177.35,MI,Wankhede Stadium,13 May 2018
34,35,Vijay Shankar,54,31,1,5,174.19,CSK,Maharashtra Cricket Association's International Stadium,30 April 2018
35,36,Kane Williamson,84,51,6,5,164.70,CSK,Rajiv Gandhi Intl. Cricket Stadium,22 April 2018
36,37,Evin Lewis,65,42,6,5,154.76,RCB,Wankhede Stadium,17 April 2018
37,38,Rashid Khan,34,10,2,4,340.00,KKR,Eden Gardens,25 May 2018
38,39,KL Rahul,51,16,6,4,318.75,DC,IS Bindra Stadium,08 April 2018
39,40,Abhishek Sharma,46,19,3,4,242.10,RCB,Feroz Shah Kotla Ground,12 May 2018
40,41,Colin de Grandhomme,40,17,1,4,235.29,SRH,M. Chinnaswamy Stadium,17 May 2018
41,42,Harshal Patel,36,16,1,4,225.00,CSK,Feroz Shah Kotla Ground,18 May 2018
42,43,Glenn Maxwell,47,22,3,4,213.63,KKR,Eden Gardens,16 April 2018
43,44,Ambati Rayudu,79,37,9,4,213.51,SRH,Rajiv Gandhi Intl. Cricket Stadium,22 April 2018
44,45,Sunil Narine,75,36,9,4,208.33,KXIP,Holkar Cricket Stadium,12 May 2018
45,46,Chris Gayle,63,33,7,4,190.90,CSK,IS Bindra Stadium,15 April 2018
46,47,Prithvi Shaw,47,25,4,4,188.00,RR,Feroz Shah Kotla Ground,02 May 2018
47,48,Shikhar Dhawan,92,50,9,4,184.00,DC,Feroz Shah Kotla Ground,10 May 2018
48,49,Chris Lynn,74,41,6,4,180.48,KXIP,Eden Gardens,21 April 2018
49,50,Rishabh Pant,61,34,5,4,179.41,RCB,Feroz Shah Kotla Ground,12 May 2018
50,51,D'Arcy Short,44,25,2,4,176.00,DC,Feroz Shah Kotla Ground,02 May 2018
51,52,Rishabh Pant,79,45,7,4,175.55,CSK,Maharashtra Cricket Association's International Stadium,30 April 2018
52,53,Ambati Rayudu,50,29,4,4,172.41,DC,Feroz Shah Kotla Ground,18 May 2018
53,54,MS Dhoni,43,25,1,4,172.00,KKR,Eden Gardens,03 May 2018
54,55,Evin Lewis,48,28,4,4,171.42,DC,Wankhede Stadium,14 April 2018
55,56,Nitish Rana,59,35,5,4,168.57,DC,Eden Gardens,16 April 2018
56,57,Yusuf Pathan,45,27,1,4,166.66,CSK,Rajiv Gandhi Intl. Cricket Stadium,22 April 2018
57,58,Suresh Raina,75,47,6,4,159.57,MI,Maharashtra Cricket Association's International Stadium,28 April 2018
58,59,Faf du Plessis,67,42,5,4,159.52,SRH,Wankhede Stadium,22 May 2018
59,60,KL Rahul,47,30,2,4,156.66,RCB,M. Chinnaswamy Stadium,13 April 2018
60,61,Evin Lewis,48,31,3,4,154.83,DC,Feroz Shah Kotla Ground,20 May 2018
61,62,Virat Kohli,92,62,7,4,148.38,MI,Wankhede Stadium,17 April 2018
62,63,Carlos Brathwaite,43,29,1,4,148.27,CSK,Wankhede Stadium,22 May 2018
63,64,Andre Russell,44,30,3,4,146.66,DC,Feroz Shah Kotla Ground,27 April 2018
64,65,Rishabh Pant,64,44,4,4,145.45,MI,Feroz Shah Kotla Ground,20 May 2018
65,66,Manan Vohra,45,31,2,4,145.16,MI,M. Chinnaswamy Stadium,01 May 2018
66,67,Quinton de Kock,53,37,1,4,143.24,CSK,M. Chinnaswamy Stadium,25 April 2018
67,68,Evin Lewis,60,42,4,4,142.85,RR,Wankhede Stadium,13 May 2018
68,69,AB de Villiers,57,40,2,4,142.50,KXIP,M. Chinnaswamy Stadium,13 April 2018
69,70,Ambati Rayudu,46,35,2,4,131.42,MI,Maharashtra Cricket Association's International Stadium,28 April 2018
70,71,Sunil Narine,26,9,1,3,288.88,DC,Feroz Shah Kotla Ground,27 April 2018
71,72,Ben Cutting,24,9,1,3,266.66,KKR,Eden Gardens,09 May 2018
72,73,Colin de Grandhomme,23,10,0,3,230.00,MI,M. Chinnaswamy Stadium,01 May 2018
73,74,Andre Russell,31,14,2,3,221.42,KXIP,Holkar Cricket Stadium,12 May 2018
74,75,Shane Watson,42,19,3,3,221.05,KKR,Chidambaram,10 April 2018
75,76,Kieron Pollard,50,23,5,3,217.39,KXIP,Wankhede Stadium,16 May 2018
76,77,Dinesh Karthik,50,23,5,3,217.39,KXIP,Holkar Cricket Stadium,12 May 2018
77,78,Kane Williamson,36,17,1,3,211.76,KKR,Rajiv Gandhi Intl. Cricket Stadium,19 May 2018
78,79,Ravichandran Ashwin,45,22,4,3,204.54,KKR,Holkar Cricket Stadium,12 May 2018
79,80,Deepak Chahar,39,20,1,3,195.00,KXIP,Maharashtra Cricket Association's International Stadium,20 May 2018
80,81,Carlos Brathwaite,21,11,0,3,190.90,CSK,Wankhede Stadium,27 May 2018
81,82,Mandeep Singh,32,17,1,3,188.23,CSK,M. Chinnaswamy Stadium,25 April 2018
82,83,Ben Cutting,37,20,2,3,185.00,DC,Feroz Shah Kotla Ground,20 May 2018
83,84,Washington Sundar,35,19,1,3,184.21,RR,M. Chinnaswamy Stadium,15 April 2018
84,85,Robin Uthappa,35,19,2,3,184.21,DC,Eden Gardens,16 April 2018
85,86,Robin Uthappa,29,16,2,3,181.25,CSK,Chidambaram,10 April 2018
86,87,Prithvi Shaw,65,36,6,3,180.55,SRH,Rajiv Gandhi Intl. Cricket Stadium,05 May 2018
87,88,Virat Kohli,70,40,7,3,175.00,DC,Feroz Shah Kotla Ground,12 May 2018
88,89,Robin Uthappa,36,21,3,3,171.42,RCB,M. Chinnaswamy Stadium,29 April 2018
89,90,Aaron Finch,34,20,0,3,170.00,KKR,Holkar Cricket Stadium,12 May 2018
90,91,Shreyas Iyer,52,31,4,3,167.74,RCB,M. Chinnaswamy Stadium,21 April 2018
91,92,Shane Watson,57,35,5,3,162.85,SRH,Maharashtra Cricket Association's International Stadium,13 May 2018
92,93,Shikhar Dhawan,79,49,10,3,161.22,CSK,Maharashtra Cricket Association's International Stadium,13 May 2018
93,94,KL Rahul,94,60,10,3,156.66,MI,Wankhede Stadium,16 May 2018
94,95,KL Rahul,84,54,7,3,155.55,RR,Holkar Cricket Stadium,06 May 2018
95,96,Virat Kohli,68,44,5,3,154.54,KKR,M. Chinnaswamy Stadium,29 April 2018
96,97,Robin Uthappa,54,35,6,3,154.28,MI,Wankhede Stadium,06 May 2018
97,98,Alex Hales,37,24,2,3,154.16,RCB,M. Chinnaswamy Stadium,17 May 2018
98,99,Suryakumar Yadav,72,47,6,3,153.19,RR,Sawai Mansingh Stadium,22 April 2018
99,100,Alex Hales,45,31,3,3,145.16,DC,Rajiv Gandhi Intl. Cricket Stadium,05 May 2018
