,POS,PLAYER,"
                                Ov
                            ","
                                Maid
                            ","
                                Dots
                            ","
                                Runs
                            ","
                                Wkts
                            ","
                                SR
                            ","
                                Against
                            ","
                                Venue
                            ","
                                Match Date
                            "
0,1,Rashid Khan,4,0,18,13,1,24.00,MI,Rajiv Gandhi Intl. Cricket Stadium,12 April 2018
1,2,Ankit Rajpoot,4,1,18,19,2,12.00,CSK,Maharashtra Cricket Association's International Stadium,20 May 2018
2,3,Ankit Rajpoot,4,0,17,14,5,4.80,SRH,Rajiv Gandhi Intl. Cricket Stadium,26 April 2018
3,4,Deepak Chahar,4,1,17,15,3,8.00,SRH,Rajiv Gandhi Intl. Cricket Stadium,22 April 2018
4,5,Lungi Ngidi,4,1,16,10,4,6.00,KXIP,Maharashtra Cricket Association's International Stadium,20 May 2018
5,6,Rashid Khan,4,1,16,11,2,12.00,MI,Wankhede Stadium,24 April 2018
6,7,Bhuvneshwar Kumar,4,1,16,17,0,-,CSK,Wankhede Stadium,27 May 2018
7,8,Andrew Tye,4,0,15,16,4,6.00,MI,Wankhede Stadium,16 May 2018
8,9,Billy Stanlake,4,0,15,21,2,12.00,KKR,Eden Gardens,14 April 2018
9,10,Umesh Yadav,4,0,15,23,3,8.00,KXIP,Holkar Cricket Stadium,14 May 2018
10,11,Ankit Rajpoot,4,0,15,23,2,12.00,DC,Feroz Shah Kotla Ground,23 April 2018
11,12,Lungi Ngidi,4,0,15,24,1,24.00,RCB,Maharashtra Cricket Association's International Stadium,05 May 2018
12,13,Chris Woakes,4,0,15,36,3,8.00,KKR,Eden Gardens,08 April 2018
13,14,Rashid Khan,4,0,14,11,2,12.00,CSK,Wankhede Stadium,22 May 2018
14,15,Sandeep Sharma,3,0,14,9,1,18.00,MI,Wankhede Stadium,24 April 2018
15,16,Ravindra Jadeja,4,0,14,13,1,24.00,SRH,Wankhede Stadium,22 May 2018
16,17,Ben Stokes,4,1,14,15,3,8.00,KKR,Eden Gardens,15 May 2018
17,18,Sandeep Sharma,4,0,14,15,1,24.00,RR,Sawai Mansingh Stadium,29 April 2018
18,19,Jofra Archer,4,0,14,16,2,12.00,MI,Wankhede Stadium,13 May 2018
19,20,Deepak Chahar,4,0,14,16,1,24.00,SRH,Maharashtra Cricket Association's International Stadium,13 May 2018
20,21,Shardul Thakur,4,0,14,22,1,24.00,RR,Sawai Mansingh Stadium,11 May 2018
21,22,Yuzvendra Chahal,4,0,14,23,0,-,MI,M. Chinnaswamy Stadium,01 May 2018
22,23,Tim Southee,4,0,14,25,2,12.00,MI,M. Chinnaswamy Stadium,01 May 2018
23,24,Sandeep Sharma,4,0,13,17,2,12.00,KXIP,Rajiv Gandhi Intl. Cricket Stadium,26 April 2018
24,25,Kuldeep Yadav,4,0,13,18,1,24.00,RR,Eden Gardens,23 May 2018
25,26,Amit Mishra,4,0,13,19,3,8.00,MI,Feroz Shah Kotla Ground,20 May 2018
26,27,Hardik Pandya,4,0,13,19,2,12.00,KKR,Wankhede Stadium,06 May 2018
27,28,Umesh Yadav,3,0,13,15,2,9.00,CSK,Maharashtra Cricket Association's International Stadium,05 May 2018
28,29,Jofra Archer,4,0,13,22,3,8.00,MI,Sawai Mansingh Stadium,22 April 2018
29,30,Umesh Yadav,4,0,13,23,3,8.00,KXIP,M. Chinnaswamy Stadium,13 April 2018
30,31,Siddarth Kaul,4,0,13,23,3,8.00,MI,Wankhede Stadium,24 April 2018
31,32,Sandeep Sharma,4,0,13,25,2,12.00,MI,Rajiv Gandhi Intl. Cricket Stadium,12 April 2018
32,33,Bhuvneshwar Kumar,4,0,13,26,3,8.00,KKR,Eden Gardens,14 April 2018
33,34,Siddarth Kaul,4,0,13,26,2,12.00,KKR,Rajiv Gandhi Intl. Cricket Stadium,19 May 2018
34,35,Umesh Yadav,4,0,13,27,2,12.00,KKR,Eden Gardens,08 April 2018
35,36,Trent Boult,4,1,13,29,2,12.00,KKR,Eden Gardens,16 April 2018
36,37,Mitchell McClenaghan,4,0,13,34,1,24.00,RCB,M. Chinnaswamy Stadium,01 May 2018
37,38,Billy Stanlake,4,0,13,42,2,12.00,MI,Rajiv Gandhi Intl. Cricket Stadium,12 April 2018
38,39,Ish Sodhi,4,0,12,14,1,24.00,KXIP,Sawai Mansingh Stadium,08 May 2018
39,40,Krunal Pandya,3.1,0,12,12,2,9.50,KKR,Eden Gardens,09 May 2018
40,41,Liam Plunkett,4,0,12,17,3,8.00,KXIP,Feroz Shah Kotla Ground,23 April 2018
41,42,Bhuvneshwar Kumar,3.1,0,12,14,1,19.00,CSK,Wankhede Stadium,22 May 2018
42,43,Deepak Chahar,3,0,12,14,1,18.00,MI,Wankhede Stadium,07 April 2018
43,44,Rashid Khan,4,0,12,19,3,8.00,KKR,Eden Gardens,25 May 2018
44,45,Mustafizur Rahman,3.4,0,12,18,1,22.00,SRH,Wankhede Stadium,24 April 2018
45,46,Shreyas Gopal,4,0,12,20,3,8.00,CSK,Maharashtra Cricket Association's International Stadium,20 April 2018
46,47,Amit Mishra,4,0,12,20,2,12.00,CSK,Feroz Shah Kotla Ground,18 May 2018
47,48,Trent Boult,4,0,12,20,2,12.00,CSK,Feroz Shah Kotla Ground,18 May 2018
48,49,Yuzvendra Chahal,4,0,12,22,2,12.00,RR,M. Chinnaswamy Stadium,15 April 2018
49,50,Murugan Ashwin,3,0,12,17,1,18.00,CSK,Maharashtra Cricket Association's International Stadium,05 May 2018
50,51,Krishnappa Gowtham,4,0,12,23,2,12.00,KKR,Sawai Mansingh Stadium,18 April 2018
51,52,Umesh Yadav,4,0,12,23,1,24.00,CSK,M. Chinnaswamy Stadium,25 April 2018
52,53,Hardik Pandya,4,0,12,24,3,8.00,CSK,Wankhede Stadium,07 April 2018
53,54,David Willey,4,0,12,24,1,24.00,RCB,Maharashtra Cricket Association's International Stadium,05 May 2018
54,55,Umesh Yadav,4,1,12,25,3,8.00,RR,Sawai Mansingh Stadium,19 May 2018
55,56,Mohammed Siraj,4,0,12,25,3,8.00,SRH,Rajiv Gandhi Intl. Cricket Stadium,07 May 2018
56,57,Mujeeb Ur Rahman,4,0,12,25,2,12.00,DC,Feroz Shah Kotla Ground,23 April 2018
57,58,Jasprit Bumrah,4,0,12,25,0,-,CSK,Maharashtra Cricket Association's International Stadium,28 April 2018
58,59,Dhawal Kulkarni,2.5,0,12,18,0,-,SRH,Rajiv Gandhi Intl. Cricket Stadium,09 April 2018
59,60,Lungi Ngidi,4,0,12,26,1,24.00,DC,Maharashtra Cricket Association's International Stadium,30 April 2018
60,61,Jaydev Unadkat,4,0,12,26,0,-,KXIP,Holkar Cricket Stadium,06 May 2018
61,62,Rashid Khan,4,0,12,27,3,8.00,RCB,M. Chinnaswamy Stadium,17 May 2018
62,63,Jasprit Bumrah,4,0,12,28,2,12.00,RCB,Wankhede Stadium,17 April 2018
63,64,Mitchell McClenaghan,4,0,12,28,0,-,RR,Wankhede Stadium,13 May 2018
64,65,Shane Watson,4,0,12,29,2,12.00,MI,Wankhede Stadium,07 April 2018
65,66,Avesh Khan,4,0,12,29,2,12.00,KKR,Feroz Shah Kotla Ground,27 April 2018
66,67,Sunil Narine,4,0,12,29,1,24.00,RR,Eden Gardens,15 May 2018
67,68,Mitchell Johnson,4,0,12,30,1,24.00,RCB,Eden Gardens,08 April 2018
68,69,Deepak Chahar,4,0,12,30,1,24.00,KXIP,Maharashtra Cricket Association's International Stadium,20 May 2018
69,70,Mitchell McClenaghan,4,0,12,31,1,24.00,KXIP,Holkar Cricket Stadium,04 May 2018
70,71,Deepak Chahar,4,0,12,31,1,24.00,SRH,Wankhede Stadium,22 May 2018
71,72,Rashid Khan,4,0,12,31,1,24.00,RCB,Rajiv Gandhi Intl. Cricket Stadium,07 May 2018
72,73,Dhawal Kulkarni,4,0,12,32,2,12.00,MI,Sawai Mansingh Stadium,22 April 2018
73,74,Dwayne Bravo,4,1,12,33,2,12.00,RCB,M. Chinnaswamy Stadium,25 April 2018
74,75,Jofra Archer,4,0,12,33,2,12.00,KKR,Eden Gardens,23 May 2018
75,76,Piyush Chawla,4,0,12,35,2,12.00,CSK,Eden Gardens,03 May 2018
76,77,Billy Stanlake,4,0,12,38,0,-,CSK,Rajiv Gandhi Intl. Cricket Stadium,22 April 2018
77,78,Jasprit Bumrah,4,0,11,15,3,8.00,KXIP,Wankhede Stadium,16 May 2018
78,79,Ish Sodhi,4,0,11,15,0,-,KKR,Eden Gardens,23 May 2018
79,80,Colin de Grandhomme,4,0,11,16,1,24.00,CSK,Maharashtra Cricket Association's International Stadium,05 May 2018
80,81,Siddarth Kaul,4,0,11,17,2,12.00,RR,Rajiv Gandhi Intl. Cricket Stadium,09 April 2018
81,82,Sunil Narine,4,0,11,17,2,12.00,SRH,Eden Gardens,14 April 2018
82,83,Mujeeb Ur Rahman,4,0,11,17,1,24.00,SRH,Rajiv Gandhi Intl. Cricket Stadium,26 April 2018
83,84,Rashid Khan,4,0,11,19,3,8.00,KXIP,Rajiv Gandhi Intl. Cricket Stadium,26 April 2018
84,85,Jasprit Bumrah,4,0,11,19,1,24.00,KXIP,Holkar Cricket Stadium,04 May 2018
85,86,Kuldeep Yadav,4,0,11,20,1,24.00,RCB,M. Chinnaswamy Stadium,29 April 2018
86,87,Shakib Al Hasan,4,0,11,21,2,12.00,KKR,Eden Gardens,14 April 2018
87,88,Ish Sodhi,4,0,11,21,1,24.00,KKR,Eden Gardens,15 May 2018
88,89,Hardik Pandya,3,0,11,16,2,9.00,KKR,Eden Gardens,09 May 2018
89,90,Shreyas Gopal,4,0,11,22,2,12.00,RCB,M. Chinnaswamy Stadium,15 April 2018
90,91,Harbhajan Singh,4,0,11,22,2,12.00,RCB,Maharashtra Cricket Association's International Stadium,05 May 2018
91,92,Barinder Sran,4,0,11,22,0,-,SRH,IS Bindra Stadium,19 April 2018
92,93,Mayank Markande,4,0,11,23,4,6.00,SRH,Rajiv Gandhi Intl. Cricket Stadium,12 April 2018
93,94,Mayank Markande,4,0,11,23,3,8.00,CSK,Wankhede Stadium,07 April 2018
94,95,Rashid Khan,4,0,11,23,1,24.00,RR,Rajiv Gandhi Intl. Cricket Stadium,09 April 2018
95,96,Krishnappa Gowtham,3,0,11,18,1,18.00,KXIP,Holkar Cricket Stadium,06 May 2018
96,97,Sandeep Sharma,4,0,11,24,0,-,DC,Feroz Shah Kotla Ground,10 May 2018
97,98,Krunal Pandya,4,0,11,24,0,-,RCB,M. Chinnaswamy Stadium,01 May 2018
98,99,Andrew Tye,4,0,11,25,2,12.00,DC,Feroz Shah Kotla Ground,23 April 2018
99,100,Mustafizur Rahman,4,0,11,25,1,24.00,DC,Wankhede Stadium,14 April 2018
