,POS,PLAYER,"
                                Ov
                            ","
                                Econ
                            ","
                                Dots
                            ","
                                Runs
                            ","
                                Wkts
                            ","
                                SR
                            ","
                                Against
                            ","
                                Venue
                            ","
                                Match Date
                            "
0,1,JP Duminy,2,1.50,9,3,1,12.00,MI,Wankhede Stadium,14 May 2011
1,2,Rahul Sharma,4,1.75,17,7,2,12.00,MI,DY Patil Stadium,04 May 2011
2,3,Brett Lee,4,2.00,15,8,0,-,CSK,Eden Gardens,07 May 2011
3,4,Amit Mishra,4,2.25,16,9,4,6.00,KXIP,HPCA Stadium,21 May 2011
4,5,Lasith Malinga,4,2.25,13,9,3,8.00,DEC,Rajiv Gandhi Intl. Cricket Stadium,24 April 2011
5,6,Shanthakumaran Sreesanth,4,2.50,15,10,2,12.00,DC,Jawaharlal Nehru Stadium,30 April 2011
6,7,Morne Morkel,4,2.75,13,11,1,24.00,RR,Sawai Mansingh Stadium,12 April 2011
7,8,Johan Botha,2,3.00,7,6,3,4.00,MI,Sawai Mansingh Stadium,29 April 2011
8,9,Wayne Parnell,4,3.00,13,12,2,12.00,KXIP,IS Bindra Stadium,08 May 2011
9,10,Amit Mishra,4,3.00,11,12,1,24.00,KTK,Jawaharlal Nehru Stadium,27 April 2011
10,11,Yusuf Pathan,2,3.00,6,6,1,12.00,DC,Feroz Shah Kotla Ground,28 April 2011
11,12,Jesse Ryder,3,3.00,11,9,1,18.00,KXIP,DY Patil Stadium,10 April 2011
12,13,Brad Hodge,4,3.25,16,13,4,6.00,RR,Holkar Cricket Stadium,15 May 2011
13,14,Rahul Sharma,4,3.25,17,13,3,8.00,RR,Sawai Mansingh Stadium,01 May 2011
14,15,Shane Warne,4,3.25,13,13,1,24.00,MI,Sawai Mansingh Stadium,29 April 2011
15,16,Charl Langeveldt,3,3.33,9,10,2,9.00,KKR,M. Chinnaswamy Stadium,14 May 2011
16,17,Munaf Patel,3,3.33,7,10,0,-,RCB,M. Chinnaswamy Stadium,12 April 2011
17,18,Munaf Patel,2.2,3.42,10,8,3,4.66,PWI,Wankhede Stadium,20 April 2011
18,19,Sreenath Arvind,4,3.50,14,14,4,6.00,KXIP,M. Chinnaswamy Stadium,06 May 2011
19,20,Amit Singh,4,3.50,15,14,2,12.00,MI,Sawai Mansingh Stadium,29 April 2011
20,21,Amit Mishra,4,3.50,14,14,2,12.00,MI,Rajiv Gandhi Intl. Cricket Stadium,24 April 2011
21,22,Raiphi Gomez,4,3.50,14,14,2,12.00,KKR,Jawaharlal Nehru Stadium,05 May 2011
22,23,Daniel Vettori,4,3.50,10,14,1,24.00,KXIP,M. Chinnaswamy Stadium,06 May 2011
23,24,Ashok Dinda,2,3.50,7,7,0,-,MI,Feroz Shah Kotla Ground,10 April 2011
24,25,Lasith Malinga,3.4,3.54,16,13,5,4.40,DC,Feroz Shah Kotla Ground,10 April 2011
25,26,Praveen Kumar,3,3.66,13,11,0,-,RCB,HPCA Stadium,17 May 2011
26,27,Chris Gayle,3,3.66,10,11,0,-,MI,Chidambaram,27 May 2011
27,28,Siddharth Trivedi,4,3.75,13,15,3,8.00,DEC,Rajiv Gandhi Intl. Cricket Stadium,09 April 2011
28,29,Daniel Vettori,4,3.75,15,15,2,12.00,CSK,M. Chinnaswamy Stadium,22 May 2011
29,30,Iqbal Abdulla,4,3.75,13,15,1,24.00,CSK,Eden Gardens,07 May 2011
30,31,RP Singh,4,3.75,10,15,0,-,MI,Wankhede Stadium,15 April 2011
31,32,Ali Murtaza,4,3.75,14,15,0,-,RR,Sawai Mansingh Stadium,29 April 2011
32,33,Ishant Sharma,3,4.00,12,12,5,3.60,KTK,Jawaharlal Nehru Stadium,27 April 2011
33,34,Piyush Chawla,4,4.00,14,16,3,8.00,DC,HPCA Stadium,15 May 2011
34,35,Ravichandran Ashwin,4,4.00,10,16,3,8.00,RCB,Chidambaram,28 May 2011
35,36,Shane Warne,4,4.00,11,16,3,8.00,KTK,Sawai Mansingh Stadium,24 April 2011
36,37,Ishant Sharma,4,4.00,16,16,2,12.00,DC,Rajiv Gandhi Intl. Cricket Stadium,05 May 2011
37,38,Ravichandran Ashwin,3,4.00,12,12,2,9.00,KKR,Eden Gardens,07 May 2011
38,39,Shanthakumaran Sreesanth,4,4.00,16,16,2,12.00,RR,Holkar Cricket Stadium,15 May 2011
39,40,Shakib Al Hasan,4,4.00,13,16,2,12.00,PWI,DY Patil Stadium,19 May 2011
40,41,Jesse Ryder,2,4.00,5,8,1,12.00,KTK,DY Patil Stadium,13 April 2011
41,42,Chris Gayle,2,4.00,4,8,1,12.00,PWI,M. Chinnaswamy Stadium,29 April 2011
42,43,Ravichandran Ashwin,4,4.00,9,16,1,24.00,KTK,Chidambaram,18 May 2011
43,44,Alfonso Thomas,4,4.00,14,16,1,24.00,MI,Wankhede Stadium,20 April 2011
44,45,Iqbal Abdulla,3,4.00,11,12,1,18.00,PWI,DY Patil Stadium,19 May 2011
45,46,Ryan Harris,4,4.00,14,16,1,24.00,DC,HPCA Stadium,15 May 2011
46,47,Irfan Pathan,4,4.00,11,16,1,24.00,KKR,Feroz Shah Kotla Ground,28 April 2011
47,48,Pragyan Ojha,4,4.00,16,16,0,-,MI,Wankhede Stadium,14 May 2011
48,49,Dan Christian,3,4.00,8,12,0,-,CSK,Chidambaram,01 May 2011
49,50,Dan Christian,3,4.00,11,12,0,-,KTK,Jawaharlal Nehru Stadium,27 April 2011
50,51,Suresh Raina,4,4.00,11,16,0,-,DC,Chidambaram,12 May 2011
51,52,Roelof van der Merwe,4,4.00,14,16,0,-,MI,Feroz Shah Kotla Ground,10 April 2011
52,53,Piyush Chawla,4,4.25,15,17,4,6.00,RCB,HPCA Stadium,17 May 2011
53,54,Rahul Sharma,4,4.25,12,17,2,12.00,KXIP,IS Bindra Stadium,08 May 2011
54,55,Shane Warne,4,4.25,15,17,2,12.00,DC,Sawai Mansingh Stadium,12 April 2011
55,56,Yuvraj Singh,4,4.25,9,17,2,12.00,DEC,Rajiv Gandhi Intl. Cricket Stadium,10 May 2011
56,57,Praveen Kumar,4,4.25,15,17,1,24.00,PWI,IS Bindra Stadium,08 May 2011
57,58,Daniel Vettori,4,4.25,11,17,1,24.00,KTK,Jawaharlal Nehru Stadium,09 April 2011
58,59,Lasith Malinga,4,4.25,12,17,1,24.00,DEC,Wankhede Stadium,14 May 2011
59,60,Shane Warne,4,4.25,9,17,1,24.00,KKR,Eden Gardens,17 April 2011
60,61,RP Singh,4,4.25,17,17,1,24.00,RR,Holkar Cricket Stadium,15 May 2011
61,62,Ankeet Chavan,4,4.25,14,17,0,-,MI,Wankhede Stadium,20 May 2011
62,63,Dan Christian,3,4.33,14,13,2,9.00,PWI,DY Patil Stadium,16 May 2011
63,64,Dale Steyn,3,4.33,11,13,1,18.00,KXIP,HPCA Stadium,21 May 2011
64,65,Pragyan Ojha,3,4.33,9,13,1,18.00,PWI,Rajiv Gandhi Intl. Cricket Stadium,10 May 2011
65,66,Harbhajan Singh,4,4.50,10,18,5,4.80,CSK,Wankhede Stadium,22 April 2011
66,67,Morne Morkel,4,4.50,12,18,3,8.00,KTK,Jawaharlal Nehru Stadium,30 April 2011
67,68,Munaf Patel,4,4.50,17,18,2,12.00,RR,Sawai Mansingh Stadium,29 April 2011
68,69,Ali Murtaza,4,4.50,13,18,2,12.00,PWI,Wankhede Stadium,20 April 2011
69,70,Dale Steyn,4,4.50,16,18,2,12.00,RR,Rajiv Gandhi Intl. Cricket Stadium,09 April 2011
70,71,Munaf Patel,4,4.50,9,18,2,12.00,KXIP,Wankhede Stadium,02 May 2011
71,72,Jacques Kallis,4,4.50,14,18,2,12.00,MI,Wankhede Stadium,25 May 2011
72,73,Shrikant Wagh,2,4.50,5,9,1,12.00,MI,Wankhede Stadium,20 April 2011
73,74,Amit Singh,4,4.50,16,18,1,24.00,DC,Sawai Mansingh Stadium,12 April 2011
74,75,Muttiah Muralitharan,4,4.50,10,18,1,24.00,KKR,Eden Gardens,20 April 2011
75,76,James Faulkner,2,4.50,7,9,1,12.00,DC,Feroz Shah Kotla Ground,21 May 2011
76,77,Amit Mishra,4,4.50,10,18,1,24.00,MI,Wankhede Stadium,14 May 2011
77,78,Rahul Sharma,4,4.50,13,18,1,24.00,KTK,DY Patil Stadium,13 April 2011
78,79,Ravichandran Ashwin,4,4.50,12,18,1,24.00,RCB,M. Chinnaswamy Stadium,22 May 2011
79,80,Chris Gayle,2,4.50,5,9,0,-,KKR,Eden Gardens,22 April 2011
80,81,Rajat Bhatia,4,4.50,13,18,0,-,KXIP,Eden Gardens,30 April 2011
81,82,Bipul Sharma,2,4.50,5,9,0,-,KKR,Eden Gardens,30 April 2011
82,83,Daniel Vettori,4,4.50,11,18,0,-,MI,M. Chinnaswamy Stadium,12 April 2011
83,84,Dale Steyn,3.3,4.57,16,16,3,7.00,KTK,Jawaharlal Nehru Stadium,27 April 2011
84,85,Harbhajan Singh,3,4.66,11,14,2,9.00,DC,Feroz Shah Kotla Ground,10 April 2011
85,86,Bhuvneshwar Kumar,3,4.66,9,14,2,9.00,KXIP,IS Bindra Stadium,08 May 2011
86,87,Rahul Sharma,3,4.66,8,14,1,18.00,MI,Wankhede Stadium,20 April 2011
87,88,Shane Warne,3,4.66,8,14,0,-,CSK,Chidambaram,04 May 2011
88,89,Mithun Manhas,3,4.66,8,14,0,-,KXIP,DY Patil Stadium,10 April 2011
89,90,Siddharth Trivedi,4,4.75,11,19,3,8.00,KTK,Sawai Mansingh Stadium,24 April 2011
90,91,Daniel Vettori,4,4.75,9,19,3,8.00,MI,Chidambaram,27 May 2011
91,92,Shane Watson,4,4.75,12,19,3,8.00,MI,Wankhede Stadium,20 May 2011
92,93,Praveen Kumar,4,4.75,17,19,2,12.00,MI,IS Bindra Stadium,10 May 2011
93,94,Lasith Malinga,4,4.75,10,19,2,12.00,KXIP,Wankhede Stadium,02 May 2011
94,95,Iqbal Abdulla,4,4.75,14,19,2,12.00,KXIP,Eden Gardens,30 April 2011
95,96,Amit Mishra,4,4.75,11,19,2,12.00,KKR,Eden Gardens,11 April 2011
96,97,Ravichandran Ashwin,4,4.75,12,19,2,12.00,PWI,Chidambaram,25 April 2011
97,98,Ravichandran Ashwin,4,4.75,12,19,2,12.00,DC,Chidambaram,12 May 2011
98,99,Zaheer Khan,4,4.75,15,19,2,12.00,CSK,M. Chinnaswamy Stadium,22 May 2011
99,100,Lasith Malinga,4,4.75,10,19,1,24.00,KKR,Wankhede Stadium,25 May 2011
