,POS,PLAYER,"
                                Ov
                            ","
                                Runs
                            ","
                                Wkts
                            ","
                                SR
                            ","
                                Against
                            ","
                                Venue
                            ","
                                Match Date
                            "
0,1,Suresh Raina,0.3,0,2,1.50,RR,Sawai Mansingh Stadium,09 May 2011
1,2,Lakshmipathy Balaji,1,7,2,3.00,PWI,DY Patil Stadium,19 May 2011
2,3,Yusuf Pathan,1,4,2,3.00,RR,Sawai Mansingh Stadium,15 April 2011
3,4,Ishant Sharma,3,12,5,3.60,KTK,Jawaharlal Nehru Stadium,27 April 2011
4,5,Johan Botha,2,6,3,4.00,MI,Sawai Mansingh Stadium,29 April 2011
5,6,Bhargav Bhatt,2.5,22,4,4.25,MI,IS Bindra Stadium,10 May 2011
6,7,Lasith Malinga,3.4,13,5,4.40,DC,Feroz Shah Kotla Ground,10 April 2011
7,8,Munaf Patel,2.2,8,3,4.66,PWI,Wankhede Stadium,20 April 2011
8,9,Munaf Patel,4,21,5,4.80,KXIP,IS Bindra Stadium,10 May 2011
9,10,Harbhajan Singh,4,18,5,4.80,CSK,Wankhede Stadium,22 April 2011
10,11,Piyush Chawla,4,17,4,6.00,RCB,HPCA Stadium,17 May 2011
11,12,Brad Hodge,4,13,4,6.00,RR,Holkar Cricket Stadium,15 May 2011
12,13,Mitchell Marsh,4,25,4,6.00,DEC,Rajiv Gandhi Intl. Cricket Stadium,10 May 2011
13,14,Paul Valthaty,4,29,4,6.00,DEC,Rajiv Gandhi Intl. Cricket Stadium,16 April 2011
14,15,Yuvraj Singh,4,29,4,6.00,DC,DY Patil Stadium,17 April 2011
15,16,Sreenath Arvind,4,14,4,6.00,KXIP,M. Chinnaswamy Stadium,06 May 2011
16,17,RP Singh,4,25,4,6.00,KXIP,Holkar Cricket Stadium,13 May 2011
17,18,Amit Mishra,4,9,4,6.00,KXIP,HPCA Stadium,21 May 2011
18,19,Ryan Harris,3,28,3,6.00,RCB,HPCA Stadium,17 May 2011
19,20,Shrikant Wagh,3,16,3,6.00,KXIP,DY Patil Stadium,10 April 2011
20,21,Anand Rajan,3,27,3,6.00,MI,Wankhede Stadium,14 May 2011
21,22,Lakshmipathy Balaji,3,15,3,6.00,RR,Eden Gardens,17 April 2011
22,23,Brad Hodge,2,14,2,6.00,PWI,DY Patil Stadium,13 April 2011
23,24,Dale Steyn,3.3,16,3,7.00,KTK,Jawaharlal Nehru Stadium,27 April 2011
24,25,Kieron Pollard,2.3,24,2,7.50,DC,Wankhede Stadium,07 May 2011
25,26,Roelof van der Merwe,3.5,20,3,7.66,KTK,Jawaharlal Nehru Stadium,30 April 2011
26,27,Doug Bollinger,4,21,3,8.00,PWI,DY Patil Stadium,27 April 2011
27,28,Ravichandran Ashwin,4,16,3,8.00,RCB,Chidambaram,28 May 2011
28,29,Shane Watson,4,19,3,8.00,MI,Wankhede Stadium,20 May 2011
29,30,Shakib Al Hasan,4,28,3,8.00,KTK,Eden Gardens,20 April 2011
30,31,Lasith Malinga,4,25,3,8.00,PWI,DY Patil Stadium,04 May 2011
31,32,Iqbal Abdulla,4,25,3,8.00,DC,Feroz Shah Kotla Ground,28 April 2011
32,33,Siddharth Trivedi,4,15,3,8.00,DEC,Rajiv Gandhi Intl. Cricket Stadium,09 April 2011
33,34,Sreenath Arvind,4,34,3,8.00,RR,Sawai Mansingh Stadium,11 May 2011
34,35,Wayne Parnell,4,35,3,8.00,KTK,DY Patil Stadium,13 April 2011
35,36,Albie Morkel,4,29,3,8.00,PWI,Chidambaram,25 April 2011
36,37,Munaf Patel,4,27,3,8.00,KKR,Wankhede Stadium,25 May 2011
37,38,Dhawal Kulkarni,4,26,3,8.00,DEC,Wankhede Stadium,14 May 2011
38,39,Iqbal Abdulla,4,24,3,8.00,DEC,Eden Gardens,11 April 2011
39,40,Zaheer Khan,4,32,3,8.00,DEC,Rajiv Gandhi Intl. Cricket Stadium,14 April 2011
40,41,Lasith Malinga,4,9,3,8.00,DEC,Rajiv Gandhi Intl. Cricket Stadium,24 April 2011
41,42,Doug Bollinger,4,22,3,8.00,RR,Sawai Mansingh Stadium,09 May 2011
42,43,Vinay Kumar,4,25,3,8.00,DEC,Jawaharlal Nehru Stadium,27 April 2011
43,44,Irfan Pathan,4,28,3,8.00,KXIP,HPCA Stadium,15 May 2011
44,45,Morne Morkel,4,25,3,8.00,RCB,Feroz Shah Kotla Ground,26 April 2011
45,46,Shaun Tait,4,22,3,8.00,KXIP,IS Bindra Stadium,21 April 2011
46,47,Manpreet Gony,4,31,3,8.00,RCB,Rajiv Gandhi Intl. Cricket Stadium,14 April 2011
47,48,Ryan Harris,4,38,3,8.00,RCB,M. Chinnaswamy Stadium,06 May 2011
48,49,Pragyan Ojha,4,26,3,8.00,CSK,Chidambaram,01 May 2011
49,50,Shane Warne,4,16,3,8.00,KTK,Sawai Mansingh Stadium,24 April 2011
50,51,Rahul Sharma,4,13,3,8.00,RR,Sawai Mansingh Stadium,01 May 2011
51,52,Daniel Vettori,4,19,3,8.00,MI,Chidambaram,27 May 2011
52,53,Dale Steyn,4,24,3,8.00,RCB,Rajiv Gandhi Intl. Cricket Stadium,14 April 2011
53,54,Siddharth Trivedi,4,19,3,8.00,KTK,Sawai Mansingh Stadium,24 April 2011
54,55,Yusuf Pathan,4,20,3,8.00,KTK,Eden Gardens,20 April 2011
55,56,Piyush Chawla,4,16,3,8.00,DC,HPCA Stadium,15 May 2011
56,57,Morne Morkel,4,18,3,8.00,KTK,Jawaharlal Nehru Stadium,30 April 2011
57,58,Amit Singh,4,35,3,8.00,DEC,Rajiv Gandhi Intl. Cricket Stadium,09 April 2011
58,59,Chris Gayle,4,21,3,8.00,KXIP,M. Chinnaswamy Stadium,06 May 2011
59,60,Albie Morkel,4,38,3,8.00,DEC,Chidambaram,01 May 2011
60,61,Rajat Bhatia,4,22,3,8.00,MI,Eden Gardens,22 May 2011
61,62,Charl Langeveldt,3,10,2,9.00,KKR,M. Chinnaswamy Stadium,14 May 2011
62,63,Bhargav Bhatt,3,20,2,9.00,RR,IS Bindra Stadium,21 April 2011
63,64,Jacques Kallis,3,16,2,9.00,RCB,M. Chinnaswamy Stadium,14 May 2011
64,65,Sreenath Arvind,3,39,2,9.00,CSK,Chidambaram,28 May 2011
65,66,Shalabh Srivastava,3,30,2,9.00,RCB,HPCA Stadium,17 May 2011
66,67,Shalabh Srivastava,3,20,2,9.00,PWI,IS Bindra Stadium,08 May 2011
67,68,Ryan Ninan,3,31,2,9.00,CSK,Chidambaram,16 April 2011
68,69,Sreenath Arvind,3,27,2,9.00,MI,Chidambaram,27 May 2011
69,70,Sreenath Arvind,3,37,2,9.00,KKR,Eden Gardens,22 April 2011
70,71,Dan Christian,3,21,2,9.00,KXIP,HPCA Stadium,21 May 2011
71,72,Dan Christian,3,21,2,9.00,PWI,Rajiv Gandhi Intl. Cricket Stadium,10 May 2011
72,73,Dwayne Bravo,3,21,2,9.00,DC,Chidambaram,12 May 2011
73,74,Ravichandran Ashwin,3,12,2,9.00,KKR,Eden Gardens,07 May 2011
74,75,Ryan McLaren,3,33,2,9.00,DEC,Rajiv Gandhi Intl. Cricket Stadium,16 April 2011
75,76,Dan Christian,3,13,2,9.00,PWI,DY Patil Stadium,16 May 2011
76,77,Harbhajan Singh,3,14,2,9.00,DC,Feroz Shah Kotla Ground,10 April 2011
77,78,Bhuvneshwar Kumar,3,14,2,9.00,KXIP,IS Bindra Stadium,08 May 2011
78,79,Jacques Kallis,3,34,2,9.00,CSK,Chidambaram,08 April 2011
79,80,Shakib Al Hasan,3.2,24,2,10.00,MI,Wankhede Stadium,25 May 2011
80,81,Lasith Malinga,3.2,18,2,10.00,DC,Wankhede Stadium,07 May 2011
81,82,P Parameswaran,3.3,20,2,10.50,RR,Holkar Cricket Stadium,15 May 2011
82,83,Alfonso Thomas,4,29,2,12.00,CSK,Chidambaram,25 April 2011
83,84,Praveen Kumar,4,19,2,12.00,MI,IS Bindra Stadium,10 May 2011
84,85,Amit Mishra,4,28,2,12.00,KXIP,Rajiv Gandhi Intl. Cricket Stadium,16 April 2011
85,86,Piyush Chawla,4,37,2,12.00,MI,Wankhede Stadium,02 May 2011
86,87,Pragyan Ojha,4,35,2,12.00,PWI,DY Patil Stadium,16 May 2011
87,88,Lasith Malinga,4,32,2,12.00,RCB,M. Chinnaswamy Stadium,12 April 2011
88,89,Lasith Malinga,4,42,2,12.00,KTK,Wankhede Stadium,15 April 2011
89,90,Harbhajan Singh,4,24,2,12.00,DC,Wankhede Stadium,07 May 2011
90,91,Bhargav Bhatt,4,22,2,12.00,KKR,Eden Gardens,30 April 2011
91,92,Jaydev Unadkat,4,36,2,12.00,DEC,Eden Gardens,11 April 2011
92,93,Shalabh Srivastava,4,39,2,12.00,DC,HPCA Stadium,15 May 2011
93,94,Amit Mishra,4,14,2,12.00,MI,Rajiv Gandhi Intl. Cricket Stadium,24 April 2011
94,95,Ravichandran Ashwin,4,24,2,12.00,RR,Sawai Mansingh Stadium,09 May 2011
95,96,Shadab Jakati,4,22,2,12.00,RR,Chidambaram,04 May 2011
96,97,Irfan Pathan,4,27,2,12.00,KTK,Jawaharlal Nehru Stadium,30 April 2011
97,98,RP Singh,4,25,2,12.00,KKR,Eden Gardens,20 April 2011
98,99,Dan Christian,4,38,2,12.00,DC,Feroz Shah Kotla Ground,19 April 2011
99,100,Daniel Vettori,4,24,2,12.00,KTK,M. Chinnaswamy Stadium,08 May 2011
