,POS,PLAYER,"
                                Against
                            ","
                                Venue
                            ","
                                Match Date
                            ","
                                BF
                            ","
                                6s
                            ","
                                4s
                            ","
                                Runs
                            "
0,1,Paul Valthaty,CSK,IS Bindra Stadium,13 April 2011,23,2,19,120
1,2,Dinesh Karthik,KTK,Holkar Cricket Stadium,13 May 2011,24,5,7,69
2,3,Jesse Ryder,DC,DY Patil Stadium,17 April 2011,24,5,5,60
3,4,Sunny Sohal,CSK,Chidambaram,01 May 2011,24,4,6,56
4,5,Adam Gilchrist,RCB,HPCA Stadium,17 May 2011,25,9,8,106
5,6,Virender Sehwag,DEC,Rajiv Gandhi Intl. Cricket Stadium,05 May 2011,27,6,13,119
6,7,Shaun Marsh,DC,Feroz Shah Kotla Ground,23 April 2011,27,6,9,95
7,8,Chris Gayle,MI,Chidambaram,27 May 2011,27,5,9,89
8,9,Chris Gayle,KXIP,M. Chinnaswamy Stadium,06 May 2011,28,9,10,107
9,10,Virender Sehwag,KXIP,Feroz Shah Kotla Ground,23 April 2011,28,4,8,77
10,11,Gautam Gambhir,RR,Sawai Mansingh Stadium,15 April 2011,28,1,11,75
11,12,MS Dhoni,DC,Chidambaram,12 May 2011,28,4,5,63
12,13,Chris Gayle,KKR,Eden Gardens,22 April 2011,29,7,10,102
13,14,Murali Vijay,RCB,Chidambaram,28 May 2011,29,6,4,95
14,15,David Warner,KXIP,Feroz Shah Kotla Ground,23 April 2011,29,4,7,77
15,16,Shaun Marsh,RR,IS Bindra Stadium,21 April 2011,29,3,6,71
16,17,Bharat Chipli,RCB,Rajiv Gandhi Intl. Cricket Stadium,14 April 2011,29,3,5,61
17,18,Ambati Rayudu,KTK,Wankhede Stadium,15 April 2011,29,4,3,53
18,19,Aiden Blizzard,KKR,Wankhede Stadium,25 May 2011,29,2,7,51
19,20,Shane Watson,MI,Wankhede Stadium,20 May 2011,30,6,9,89
20,21,Mahela Jayawardene,KXIP,Holkar Cricket Stadium,13 May 2011,30,2,8,76
21,22,Yuvraj Singh,DC,DY Patil Stadium,17 April 2011,30,5,4,66
22,23,Adam Gilchrist,DEC,Rajiv Gandhi Intl. Cricket Stadium,16 April 2011,30,3,5,61
23,24,Mahela Jayawardene,MI,Wankhede Stadium,15 April 2011,30,0,9,56
24,25,JP Duminy,DC,Rajiv Gandhi Intl. Cricket Stadium,05 May 2011,30,4,2,55
25,26,Tillakaratne Dilshan,KTK,M. Chinnaswamy Stadium,08 May 2011,30,1,8,52
26,27,Rohit Sharma,CSK,Wankhede Stadium,22 April 2011,31,5,8,87
27,28,Suresh Raina,DEC,Chidambaram,01 May 2011,31,2,6,59
28,29,Virat Kohli,DC,Feroz Shah Kotla Ground,26 April 2011,31,2,8,56
29,30,Jesse Ryder,RCB,M. Chinnaswamy Stadium,29 April 2011,31,2,4,51
30,31,Michael Hussey,RR,Chidambaram,04 May 2011,32,1,8,79
31,32,MS Dhoni,RCB,M. Chinnaswamy Stadium,22 May 2011,32,6,3,70
32,33,Chris Gayle,RR,Sawai Mansingh Stadium,11 May 2011,33,4,7,70
33,34,Subramaniam Badrinath,PWI,DY Patil Stadium,27 April 2011,33,2,6,63
34,35,Rohit Sharma,DEC,Rajiv Gandhi Intl. Cricket Stadium,24 April 2011,33,3,5,56
35,36,Ajinkya Rahane,CSK,Sawai Mansingh Stadium,09 May 2011,33,0,7,52
36,37,Shaun Marsh,RCB,HPCA Stadium,17 May 2011,34,5,7,79
37,38,Chris Gayle,CSK,M. Chinnaswamy Stadium,22 May 2011,34,6,4,75
38,39,Murali Vijay,KXIP,IS Bindra Stadium,13 April 2011,34,4,6,74
39,40,Shikhar Dhawan,KXIP,HPCA Stadium,21 May 2011,35,1,14,95
40,41,Paul Valthaty,DEC,Rajiv Gandhi Intl. Cricket Stadium,16 April 2011,35,5,8,75
41,42,Sunny Sohal,DC,Feroz Shah Kotla Ground,19 April 2011,35,1,8,62
42,43,Ambati Rayudu,DC,Wankhede Stadium,07 May 2011,35,2,7,59
43,44,Ambati Rayudu,KXIP,Wankhede Stadium,02 May 2011,35,1,8,51
44,45,Virender Sehwag,KTK,Jawaharlal Nehru Stadium,30 April 2011,36,5,8,80
45,46,Virat Kohli,CSK,Wankhede Stadium,24 May 2011,36,3,5,70
46,47,Virat Kohli,PWI,M. Chinnaswamy Stadium,29 April 2011,36,4,4,67
47,48,Rohit Sharma,RR,Wankhede Stadium,20 May 2011,36,1,5,58
48,49,Murali Vijay,RR,Sawai Mansingh Stadium,09 May 2011,36,3,2,53
49,50,Adam Gilchrist,DEC,HPCA Stadium,21 May 2011,36,2,6,51
50,51,Subramaniam Badrinath,MI,Wankhede Stadium,22 April 2011,37,2,7,71
51,52,Rahul Dravid,CSK,Chidambaram,04 May 2011,37,0,10,66
52,53,Manoj Tiwary,DC,Feroz Shah Kotla Ground,28 April 2011,37,3,2,61
53,54,Dwaraka Ravi Teja,KXIP,HPCA Stadium,21 May 2011,37,2,5,60
54,55,Venugopal Rao,RR,Sawai Mansingh Stadium,12 April 2011,37,4,4,60
55,56,Jacques Kallis,CSK,Chidambaram,08 April 2011,37,0,7,54
56,57,Subramaniam Badrinath,KKR,Eden Gardens,07 May 2011,37,2,3,54
57,58,AB de Villiers,CSK,Chidambaram,16 April 2011,38,2,5,65
58,59,Paul Valthaty,DC,HPCA Stadium,15 May 2011,38,3,7,62
59,60,Mahela Jayawardene,KKR,Jawaharlal Nehru Stadium,05 May 2011,38,2,2,55
60,61,Ryan ten Doeschate,MI,Wankhede Stadium,25 May 2011,39,3,6,70
61,62,Eoin Morgan,KTK,Jawaharlal Nehru Stadium,05 May 2011,39,2,8,66
62,63,Kumar Sangakkara,KTK,Jawaharlal Nehru Stadium,27 April 2011,39,0,10,65
63,64,Yuvraj Singh,CSK,DY Patil Stadium,27 April 2011,39,4,3,62
64,65,Suresh Raina,RR,Chidambaram,04 May 2011,39,1,3,61
65,66,Shaun Marsh,MI,Wankhede Stadium,02 May 2011,39,0,8,61
66,67,James Hopes,RCB,Feroz Shah Kotla Ground,26 April 2011,39,0,7,54
67,68,Suresh Raina,KTK,Jawaharlal Nehru Stadium,18 April 2011,39,1,5,50
68,69,Michael Hussey,RCB,Chidambaram,28 May 2011,40,3,3,63
69,70,Jacques Kallis,MI,Eden Gardens,22 May 2011,40,3,4,59
70,71,AB de Villiers,KTK,Jawaharlal Nehru Stadium,09 April 2011,40,5,1,54
71,72,David Warner,RR,Sawai Mansingh Stadium,12 April 2011,40,1,6,54
72,73,Brendon McCullum,MI,Wankhede Stadium,15 April 2011,41,2,10,81
73,74,Suresh Raina,RCB,Wankhede Stadium,24 May 2011,41,6,4,73
74,75,Ambati Rayudu,RCB,M. Chinnaswamy Stadium,12 April 2011,41,0,9,63
75,76,James Hopes,MI,Wankhede Stadium,07 May 2011,41,0,10,55
76,77,Subramaniam Badrinath,DC,Chidambaram,12 May 2011,41,1,6,55
77,78,Shikhar Dhawan,KKR,Rajiv Gandhi Intl. Cricket Stadium,03 May 2011,41,1,4,54
78,79,Brad Hodge,CSK,Chidambaram,18 May 2011,41,2,3,51
79,80,Michael Hussey,RCB,Chidambaram,16 April 2011,42,1,11,83
80,81,Michael Hussey,PWI,Chidambaram,25 April 2011,42,1,6,61
81,82,Sachin Tendulkar,RCB,M. Chinnaswamy Stadium,12 April 2011,42,0,7,55
82,83,Ryan McLaren,PWI,DY Patil Stadium,10 April 2011,42,1,6,51
83,84,Sachin Tendulkar,KTK,Wankhede Stadium,15 April 2011,43,3,12,100
84,85,Johan Botha,DEC,Rajiv Gandhi Intl. Cricket Stadium,09 April 2011,43,1,8,67
85,86,Srikkanth Anirudha,KKR,Chidambaram,08 April 2011,43,2,6,64
86,87,Manish Pandey,MI,DY Patil Stadium,04 May 2011,43,3,4,59
87,88,Gautam Gambhir,PWI,DY Patil Stadium,19 May 2011,43,0,7,54
88,89,Virat Kohli,DEC,Rajiv Gandhi Intl. Cricket Stadium,14 April 2011,44,3,5,71
89,90,Jacques Kallis,DEC,Eden Gardens,11 April 2011,44,1,7,53
90,91,Sachin Tendulkar,KXIP,Wankhede Stadium,02 May 2011,44,1,3,51
91,92,David Warner,DEC,Feroz Shah Kotla Ground,19 April 2011,44,1,5,51
92,93,Jacques Kallis,RR,Sawai Mansingh Stadium,15 April 2011,46,2,7,80
93,94,Subramaniam Badrinath,KXIP,IS Bindra Stadium,13 April 2011,46,0,8,66
94,95,Tillakaratne Dilshan,MI,M. Chinnaswamy Stadium,12 April 2011,49,2,4,59
