,POS,PLAYER,"
                                HS
                            ","
                                BF
                            ","
                                4s
                            ","
                                6s
                            ","
                                SR
                            ","
                                Against
                            ","
                                Venue
                            ","
                                Match Date
                            "
0,1,Paul Valthaty,120*,63,19,2,190.47,CSK,IS Bindra Stadium,13 April 2011
1,2,Virender Sehwag,119,56,13,6,212.50,DEC,Rajiv Gandhi Intl. Cricket Stadium,05 May 2011
2,3,Chris Gayle,107,49,10,9,218.36,KXIP,M. Chinnaswamy Stadium,06 May 2011
3,4,Adam Gilchrist,106,55,8,9,192.72,RCB,HPCA Stadium,17 May 2011
4,5,Chris Gayle,102*,55,10,7,185.45,KKR,Eden Gardens,22 April 2011
5,6,Sachin Tendulkar,100*,66,12,3,151.51,KTK,Wankhede Stadium,15 April 2011
6,7,Shikhar Dhawan,95*,57,14,1,166.66,KXIP,HPCA Stadium,21 May 2011
7,8,Shaun Marsh,95,46,9,6,206.52,DC,Feroz Shah Kotla Ground,23 April 2011
8,9,Murali Vijay,95,52,4,6,182.69,RCB,Chidambaram,28 May 2011
9,10,Shane Watson,89*,47,9,6,189.36,MI,Wankhede Stadium,20 May 2011
10,11,Chris Gayle,89,47,9,5,189.36,MI,Chidambaram,27 May 2011
11,12,Rohit Sharma,87,48,8,5,181.25,CSK,Wankhede Stadium,22 April 2011
12,13,Michael Hussey,83*,56,11,1,148.21,RCB,Chidambaram,16 April 2011
13,14,Brendon McCullum,81,60,10,2,135.00,MI,Wankhede Stadium,15 April 2011
14,15,Jacques Kallis,80*,65,7,2,123.07,RR,Sawai Mansingh Stadium,15 April 2011
15,16,Virender Sehwag,80,47,8,5,170.21,KTK,Jawaharlal Nehru Stadium,30 April 2011
16,17,Shaun Marsh,79*,49,7,5,161.22,RCB,HPCA Stadium,17 May 2011
17,18,Michael Hussey,79*,55,8,1,143.63,RR,Chidambaram,04 May 2011
18,19,Virender Sehwag,77,35,8,4,220.00,KXIP,Feroz Shah Kotla Ground,23 April 2011
19,20,David Warner,77,48,7,4,160.41,KXIP,Feroz Shah Kotla Ground,23 April 2011
20,21,Mahela Jayawardene,76,52,8,2,146.15,KXIP,Holkar Cricket Stadium,13 May 2011
21,22,Gautam Gambhir,75*,44,11,1,170.45,RR,Sawai Mansingh Stadium,15 April 2011
22,23,Chris Gayle,75*,50,4,6,150.00,CSK,M. Chinnaswamy Stadium,22 May 2011
23,24,Paul Valthaty,75,47,8,5,159.57,DEC,Rajiv Gandhi Intl. Cricket Stadium,16 April 2011
24,25,Murali Vijay,74,43,6,4,172.09,KXIP,IS Bindra Stadium,13 April 2011
25,26,Suresh Raina,73*,50,4,6,146.00,RCB,Wankhede Stadium,24 May 2011
26,27,Subramaniam Badrinath,71*,48,7,2,147.91,MI,Wankhede Stadium,22 April 2011
27,28,Shaun Marsh,71,42,6,3,169.04,RR,IS Bindra Stadium,21 April 2011
28,29,Virat Kohli,71,51,5,3,139.21,DEC,Rajiv Gandhi Intl. Cricket Stadium,14 April 2011
29,30,MS Dhoni,70*,40,3,6,175.00,RCB,M. Chinnaswamy Stadium,22 May 2011
30,31,Chris Gayle,70*,44,7,4,159.09,RR,Sawai Mansingh Stadium,11 May 2011
31,32,Virat Kohli,70*,44,5,3,159.09,CSK,Wankhede Stadium,24 May 2011
32,33,Ryan ten Doeschate,70*,49,6,3,142.85,MI,Wankhede Stadium,25 May 2011
33,34,Dinesh Karthik,69,33,7,5,209.09,KTK,Holkar Cricket Stadium,13 May 2011
34,35,Johan Botha,67*,47,8,1,142.55,DEC,Rajiv Gandhi Intl. Cricket Stadium,09 April 2011
35,36,Virat Kohli,67,42,4,4,159.52,PWI,M. Chinnaswamy Stadium,29 April 2011
36,37,Yuvraj Singh,66*,32,4,5,206.25,DC,DY Patil Stadium,17 April 2011
37,38,Subramaniam Badrinath,66*,56,8,0,117.85,KXIP,IS Bindra Stadium,13 April 2011
38,39,Rahul Dravid,66,51,10,0,129.41,CSK,Chidambaram,04 May 2011
39,40,Eoin Morgan,66,51,8,2,129.41,KTK,Jawaharlal Nehru Stadium,05 May 2011
40,41,AB de Villiers,65,44,5,2,147.72,CSK,Chidambaram,16 April 2011
41,42,Kumar Sangakkara,65,47,10,0,138.29,KTK,Jawaharlal Nehru Stadium,27 April 2011
42,43,Srikkanth Anirudha,64,55,6,2,116.36,KKR,Chidambaram,08 April 2011
43,44,MS Dhoni,63*,31,5,4,203.22,DC,Chidambaram,12 May 2011
44,45,Subramaniam Badrinath,63*,44,6,2,143.18,PWI,DY Patil Stadium,27 April 2011
45,46,Ambati Rayudu,63*,50,9,0,126.00,RCB,M. Chinnaswamy Stadium,12 April 2011
46,47,Michael Hussey,63,45,3,3,140.00,RCB,Chidambaram,28 May 2011
47,48,Yuvraj Singh,62*,43,3,4,144.18,CSK,DY Patil Stadium,27 April 2011
48,49,Sunny Sohal,62,41,8,1,151.21,DC,Feroz Shah Kotla Ground,19 April 2011
49,50,Paul Valthaty,62,50,7,3,124.00,DC,HPCA Stadium,15 May 2011
50,51,Bharat Chipli,61*,35,5,3,174.28,RCB,Rajiv Gandhi Intl. Cricket Stadium,14 April 2011
51,52,Manoj Tiwary,61*,47,2,3,129.78,DC,Feroz Shah Kotla Ground,28 April 2011
52,53,Adam Gilchrist,61,46,5,3,132.60,DEC,Rajiv Gandhi Intl. Cricket Stadium,16 April 2011
53,54,Shaun Marsh,61,47,8,0,129.78,MI,Wankhede Stadium,02 May 2011
54,55,Michael Hussey,61,48,6,1,127.08,PWI,Chidambaram,25 April 2011
55,56,Suresh Raina,61,51,3,1,119.60,RR,Chidambaram,04 May 2011
56,57,Jesse Ryder,60,27,5,5,222.22,DC,DY Patil Stadium,17 April 2011
57,58,Venugopal Rao,60,40,4,4,150.00,RR,Sawai Mansingh Stadium,12 April 2011
58,59,Dwaraka Ravi Teja,60,41,5,2,146.34,KXIP,HPCA Stadium,21 May 2011
59,60,Tillakaratne Dilshan,59*,52,4,2,113.46,MI,M. Chinnaswamy Stadium,12 April 2011
60,61,Suresh Raina,59,35,6,2,168.57,DEC,Chidambaram,01 May 2011
61,62,Ambati Rayudu,59,39,7,2,151.28,DC,Wankhede Stadium,07 May 2011
62,63,Jacques Kallis,59,42,4,3,140.47,MI,Eden Gardens,22 May 2011
63,64,Manish Pandey,59,47,4,3,125.53,MI,DY Patil Stadium,04 May 2011
64,65,Rohit Sharma,58,47,5,1,123.40,RR,Wankhede Stadium,20 May 2011
65,66,Rohit Sharma,56*,34,5,3,164.70,DEC,Rajiv Gandhi Intl. Cricket Stadium,24 April 2011
66,67,Sunny Sohal,56,30,6,4,186.66,CSK,Chidambaram,01 May 2011
67,68,Mahela Jayawardene,56,36,9,0,155.55,MI,Wankhede Stadium,15 April 2011
68,69,Virat Kohli,56,38,8,2,147.36,DC,Feroz Shah Kotla Ground,26 April 2011
69,70,Sachin Tendulkar,55*,46,7,0,119.56,RCB,M. Chinnaswamy Stadium,12 April 2011
70,71,JP Duminy,55,31,2,4,177.41,DC,Rajiv Gandhi Intl. Cricket Stadium,05 May 2011
71,72,Mahela Jayawardene,55,41,2,2,134.14,KKR,Jawaharlal Nehru Stadium,05 May 2011
72,73,Subramaniam Badrinath,55,43,6,1,127.90,DC,Chidambaram,12 May 2011
73,74,James Hopes,55,44,10,0,125.00,MI,Wankhede Stadium,07 May 2011
74,75,AB de Villiers,54*,40,1,5,135.00,KTK,Jawaharlal Nehru Stadium,09 April 2011
75,76,Gautam Gambhir,54*,46,7,0,117.39,PWI,DY Patil Stadium,19 May 2011
76,77,Subramaniam Badrinath,54,41,3,2,131.70,KKR,Eden Gardens,07 May 2011
77,78,Jacques Kallis,54,42,7,0,128.57,CSK,Chidambaram,08 April 2011
78,79,James Hopes,54,43,7,0,125.58,RCB,Feroz Shah Kotla Ground,26 April 2011
79,80,David Warner,54,44,6,1,122.72,RR,Sawai Mansingh Stadium,12 April 2011
80,81,Shikhar Dhawan,54,45,4,1,120.00,KKR,Rajiv Gandhi Intl. Cricket Stadium,03 May 2011
81,82,Ambati Rayudu,53,33,3,4,160.60,KTK,Wankhede Stadium,15 April 2011
82,83,Murali Vijay,53,40,2,3,132.50,RR,Sawai Mansingh Stadium,09 May 2011
83,84,Jacques Kallis,53,45,7,1,117.77,DEC,Eden Gardens,11 April 2011
84,85,Tillakaratne Dilshan,52*,31,8,1,167.74,KTK,M. Chinnaswamy Stadium,08 May 2011
85,86,Ajinkya Rahane,52,36,7,0,144.44,CSK,Sawai Mansingh Stadium,09 May 2011
86,87,Brad Hodge,51*,42,3,2,121.42,CSK,Chidambaram,18 May 2011
87,88,Ryan McLaren,51*,43,6,1,118.60,PWI,DY Patil Stadium,10 April 2011
88,89,Aiden Blizzard,51,30,7,2,170.00,KKR,Wankhede Stadium,25 May 2011
89,90,Jesse Ryder,51,34,4,2,150.00,RCB,M. Chinnaswamy Stadium,29 April 2011
90,91,Adam Gilchrist,51,37,6,2,137.83,DEC,HPCA Stadium,21 May 2011
91,92,Ambati Rayudu,51,37,8,1,137.83,KXIP,Wankhede Stadium,02 May 2011
92,93,Sachin Tendulkar,51,45,3,1,113.33,KXIP,Wankhede Stadium,02 May 2011
93,94,David Warner,51,48,5,1,106.25,DEC,Feroz Shah Kotla Ground,19 April 2011
94,95,Suresh Raina,50,40,5,1,125.00,KTK,Jawaharlal Nehru Stadium,18 April 2011
95,96,Chris Gayle,49,26,4,4,188.46,PWI,M. Chinnaswamy Stadium,29 April 2011
96,97,Rohit Sharma,49,32,2,3,153.12,DC,Wankhede Stadium,07 May 2011
97,98,Kumar Sangakkara,49,35,8,1,140.00,DC,Feroz Shah Kotla Ground,19 April 2011
98,99,Shane Watson,49,40,4,2,122.50,KTK,Sawai Mansingh Stadium,24 April 2011
99,100,Manish Pandey,49,42,6,2,116.66,DEC,Rajiv Gandhi Intl. Cricket Stadium,10 May 2011
