,POS,PLAYER,"
                                Ov
                            ","
                                Maid
                            ","
                                Dots
                            ","
                                Runs
                            ","
                                Wkts
                            ","
                                SR
                            ","
                                Against
                            ","
                                Venue
                            ","
                                Match Date
                            "
0,1,Morne Morkel,4,0,18,32,1,24.00,KXIP,Feroz Shah Kotla Ground,23 April 2011
1,2,Rahul Sharma,4,0,17,7,2,12.00,MI,DY Patil Stadium,04 May 2011
2,3,Rahul Sharma,4,1,17,13,3,8.00,RR,Sawai Mansingh Stadium,01 May 2011
3,4,RP Singh,4,0,17,17,1,24.00,RR,Holkar Cricket Stadium,15 May 2011
4,5,Munaf Patel,4,1,17,18,2,12.00,RR,Sawai Mansingh Stadium,29 April 2011
5,6,Praveen Kumar,4,1,17,19,2,12.00,MI,IS Bindra Stadium,10 May 2011
6,7,Amit Mishra,4,1,16,9,4,6.00,KXIP,HPCA Stadium,21 May 2011
7,8,Brad Hodge,4,0,16,13,4,6.00,RR,Holkar Cricket Stadium,15 May 2011
8,9,Lasith Malinga,3.4,1,16,13,5,4.40,DC,Feroz Shah Kotla Ground,10 April 2011
9,10,Ishant Sharma,4,0,16,16,2,12.00,DC,Rajiv Gandhi Intl. Cricket Stadium,05 May 2011
10,11,Shanthakumaran Sreesanth,4,0,16,16,2,12.00,RR,Holkar Cricket Stadium,15 May 2011
11,12,Pragyan Ojha,4,0,16,16,0,-,MI,Wankhede Stadium,14 May 2011
12,13,Dale Steyn,4,0,16,18,2,12.00,RR,Rajiv Gandhi Intl. Cricket Stadium,09 April 2011
13,14,Amit Singh,4,1,16,18,1,24.00,DC,Sawai Mansingh Stadium,12 April 2011
14,15,Dale Steyn,3.3,1,16,16,3,7.00,KTK,Jawaharlal Nehru Stadium,27 April 2011
15,16,Shanthakumaran Sreesanth,4,1,16,22,0,-,DEC,Jawaharlal Nehru Stadium,27 April 2011
16,17,RP Singh,4,0,16,25,4,6.00,KXIP,Holkar Cricket Stadium,13 May 2011
17,18,Brett Lee,4,0,15,8,0,-,CSK,Eden Gardens,07 May 2011
18,19,Shanthakumaran Sreesanth,4,1,15,10,2,12.00,DC,Jawaharlal Nehru Stadium,30 April 2011
19,20,Amit Singh,4,0,15,14,2,12.00,MI,Sawai Mansingh Stadium,29 April 2011
20,21,Daniel Vettori,4,0,15,15,2,12.00,CSK,M. Chinnaswamy Stadium,22 May 2011
21,22,Piyush Chawla,4,0,15,17,4,6.00,RCB,HPCA Stadium,17 May 2011
22,23,Shane Warne,4,0,15,17,2,12.00,DC,Sawai Mansingh Stadium,12 April 2011
23,24,Praveen Kumar,4,1,15,17,1,24.00,PWI,IS Bindra Stadium,08 May 2011
24,25,Zaheer Khan,4,1,15,19,2,12.00,CSK,M. Chinnaswamy Stadium,22 May 2011
25,26,Albie Morkel,4,1,15,19,1,24.00,MI,Wankhede Stadium,22 April 2011
26,27,Wayne Parnell,4,0,15,20,1,24.00,KXIP,DY Patil Stadium,10 April 2011
27,28,Irfan Pathan,4,1,15,23,1,24.00,MI,Wankhede Stadium,07 May 2011
28,29,RP Singh,4,0,15,24,1,24.00,CSK,Jawaharlal Nehru Stadium,18 April 2011
29,30,Zaheer Khan,4,0,15,31,2,12.00,CSK,Wankhede Stadium,24 May 2011
30,31,Praveen Kumar,4,1,15,32,1,24.00,DC,HPCA Stadium,15 May 2011
31,32,Sreenath Arvind,4,0,14,14,4,6.00,KXIP,M. Chinnaswamy Stadium,06 May 2011
32,33,Amit Mishra,4,0,14,14,2,12.00,MI,Rajiv Gandhi Intl. Cricket Stadium,24 April 2011
33,34,Raiphi Gomez,4,1,14,14,2,12.00,KKR,Jawaharlal Nehru Stadium,05 May 2011
34,35,Ali Murtaza,4,0,14,15,0,-,RR,Sawai Mansingh Stadium,29 April 2011
35,36,Piyush Chawla,4,0,14,16,3,8.00,DC,HPCA Stadium,15 May 2011
36,37,Alfonso Thomas,4,0,14,16,1,24.00,MI,Wankhede Stadium,20 April 2011
37,38,Ryan Harris,4,0,14,16,1,24.00,DC,HPCA Stadium,15 May 2011
38,39,Roelof van der Merwe,4,0,14,16,0,-,MI,Feroz Shah Kotla Ground,10 April 2011
39,40,Ankeet Chavan,4,0,14,17,0,-,MI,Wankhede Stadium,20 May 2011
40,41,Dan Christian,3,0,14,13,2,9.00,PWI,DY Patil Stadium,16 May 2011
41,42,Jacques Kallis,4,0,14,18,2,12.00,MI,Wankhede Stadium,25 May 2011
42,43,Iqbal Abdulla,4,0,14,19,2,12.00,KXIP,Eden Gardens,30 April 2011
43,44,Sreenath Arvind,4,0,14,20,2,12.00,CSK,M. Chinnaswamy Stadium,22 May 2011
44,45,Lasith Malinga,4,0,14,20,1,24.00,RR,Sawai Mansingh Stadium,29 April 2011
45,46,Doug Bollinger,4,1,14,21,3,8.00,PWI,DY Patil Stadium,27 April 2011
46,47,Ishant Sharma,4,0,14,21,1,24.00,RCB,Rajiv Gandhi Intl. Cricket Stadium,14 April 2011
47,48,Chris Gayle,4,0,14,26,1,24.00,KTK,M. Chinnaswamy Stadium,08 May 2011
48,49,Varun Aaron,4,0,14,26,0,-,KXIP,HPCA Stadium,15 May 2011
49,50,P Parameswaran,4,0,14,29,2,12.00,DC,Feroz Shah Kotla Ground,02 May 2011
50,51,JJ van der Wath,4,0,14,30,1,24.00,DEC,Rajiv Gandhi Intl. Cricket Stadium,14 April 2011
51,52,Pragyan Ojha,4,0,14,35,2,12.00,PWI,DY Patil Stadium,16 May 2011
52,53,Lasith Malinga,4,0,13,9,3,8.00,DEC,Rajiv Gandhi Intl. Cricket Stadium,24 April 2011
53,54,Morne Morkel,4,0,13,11,1,24.00,RR,Sawai Mansingh Stadium,12 April 2011
54,55,Wayne Parnell,4,0,13,12,2,12.00,KXIP,IS Bindra Stadium,08 May 2011
55,56,Shane Warne,4,0,13,13,1,24.00,MI,Sawai Mansingh Stadium,29 April 2011
56,57,Praveen Kumar,3,1,13,11,0,-,RCB,HPCA Stadium,17 May 2011
57,58,Siddharth Trivedi,4,0,13,15,3,8.00,DEC,Rajiv Gandhi Intl. Cricket Stadium,09 April 2011
58,59,Iqbal Abdulla,4,0,13,15,1,24.00,CSK,Eden Gardens,07 May 2011
59,60,Shakib Al Hasan,4,0,13,16,2,12.00,PWI,DY Patil Stadium,19 May 2011
60,61,Ali Murtaza,4,0,13,18,2,12.00,PWI,Wankhede Stadium,20 April 2011
61,62,Rahul Sharma,4,0,13,18,1,24.00,KTK,DY Patil Stadium,13 April 2011
62,63,Rajat Bhatia,4,0,13,18,0,-,KXIP,Eden Gardens,30 April 2011
63,64,Sreenath Arvind,4,0,13,20,2,12.00,KTK,M. Chinnaswamy Stadium,08 May 2011
64,65,Munaf Patel,4,0,13,21,5,4.80,KXIP,IS Bindra Stadium,10 May 2011
65,66,Shane Warne,4,0,13,21,2,12.00,DEC,Rajiv Gandhi Intl. Cricket Stadium,09 April 2011
66,67,Ali Murtaza,4,0,13,21,1,24.00,DC,Feroz Shah Kotla Ground,10 April 2011
67,68,Lakshmipathy Balaji,4,0,13,23,0,-,KTK,Eden Gardens,20 April 2011
68,69,Dale Steyn,4,0,13,24,3,8.00,RCB,Rajiv Gandhi Intl. Cricket Stadium,14 April 2011
69,70,Jaydev Unadkat,4,0,13,24,1,24.00,DC,Feroz Shah Kotla Ground,28 April 2011
70,71,Lasith Malinga,4,0,13,25,3,8.00,PWI,DY Patil Stadium,04 May 2011
71,72,Morne Morkel,4,0,13,25,3,8.00,RCB,Feroz Shah Kotla Ground,26 April 2011
72,73,Ryan Harris,4,0,13,25,1,24.00,CSK,IS Bindra Stadium,13 April 2011
73,74,Ryan Harris,4,0,13,26,1,24.00,PWI,IS Bindra Stadium,08 May 2011
74,75,Harmeet Singh Bansal,4,0,13,27,2,12.00,DC,Feroz Shah Kotla Ground,19 April 2011
75,76,Shaun Tait,3.5,0,13,29,1,23.00,KKR,Eden Gardens,17 April 2011
76,77,Zaheer Khan,4,0,13,36,0,-,MI,M. Chinnaswamy Stadium,12 April 2011
77,78,Ishant Sharma,3,0,12,12,5,3.60,KTK,Jawaharlal Nehru Stadium,27 April 2011
78,79,Ravichandran Ashwin,3,0,12,12,2,9.00,KKR,Eden Gardens,07 May 2011
79,80,Rahul Sharma,4,0,12,17,2,12.00,KXIP,IS Bindra Stadium,08 May 2011
80,81,Lasith Malinga,4,0,12,17,1,24.00,DEC,Wankhede Stadium,14 May 2011
81,82,Morne Morkel,4,0,12,18,3,8.00,KTK,Jawaharlal Nehru Stadium,30 April 2011
82,83,Ravichandran Ashwin,4,0,12,18,1,24.00,RCB,M. Chinnaswamy Stadium,22 May 2011
83,84,Shane Watson,4,0,12,19,3,8.00,MI,Wankhede Stadium,20 May 2011
84,85,Ravichandran Ashwin,4,1,12,19,2,12.00,PWI,Chidambaram,25 April 2011
85,86,Ravichandran Ashwin,4,0,12,19,2,12.00,DC,Chidambaram,12 May 2011
86,87,Yusuf Pathan,4,1,12,20,3,8.00,KTK,Eden Gardens,20 April 2011
87,88,Lasith Malinga,4,0,12,20,2,12.00,CSK,Wankhede Stadium,22 April 2011
88,89,Syed Mohammad,4,0,12,20,1,24.00,KKR,Eden Gardens,22 April 2011
89,90,Shane Watson,4,0,12,20,0,-,KKR,Eden Gardens,17 April 2011
90,91,Dhawal Kulkarni,4,0,12,20,0,-,PWI,DY Patil Stadium,04 May 2011
91,92,RP Singh,4,0,12,21,2,12.00,DEC,Jawaharlal Nehru Stadium,27 April 2011
92,93,Dwayne Bravo,4,0,12,21,0,-,RCB,M. Chinnaswamy Stadium,22 May 2011
93,94,Lasith Malinga,3.2,1,12,18,2,10.00,DC,Wankhede Stadium,07 May 2011
94,95,Doug Bollinger,4,0,12,22,3,8.00,RR,Sawai Mansingh Stadium,09 May 2011
95,96,Johan Botha,4,0,12,23,1,24.00,CSK,Sawai Mansingh Stadium,09 May 2011
96,97,Johan Botha,4,0,12,23,1,24.00,PWI,Sawai Mansingh Stadium,01 May 2011
97,98,Ishant Sharma,4,0,12,23,0,-,KXIP,Rajiv Gandhi Intl. Cricket Stadium,16 April 2011
98,99,Iqbal Abdulla,4,0,12,24,3,8.00,DEC,Eden Gardens,11 April 2011
99,100,Harbhajan Singh,4,0,12,24,2,12.00,DC,Wankhede Stadium,07 May 2011
