,POS,PLAYER,"
                                Runs
                            ","
                                BF
                            ","
                                4s
                            ","
                                6s
                            ","
                                SR
                            ","
                                Against
                            ","
                                Venue
                            ","
                                Match Date
                            "
0,1,Chris Gayle,36,7,3,4,514.28,KTK,M. Chinnaswamy Stadium,08 May 2011
1,2,Shaun Marsh,30,6,3,3,500.00,RCB,HPCA Stadium,17 May 2011
2,3,Yuvraj Singh,24,5,1,3,480.00,DC,DY Patil Stadium,17 April 2011
3,4,Shaun Marsh,24,5,1,3,480.00,DC,HPCA Stadium,15 May 2011
4,5,Paul Valthaty,24,7,3,2,342.85,RR,IS Bindra Stadium,21 April 2011
5,6,Virender Sehwag,23,6,2,2,383.33,DEC,Rajiv Gandhi Intl. Cricket Stadium,05 May 2011
6,7,Rohit Sharma,23,5,1,3,460.00,DEC,Rajiv Gandhi Intl. Cricket Stadium,24 April 2011
7,8,Paul Valthaty,22,6,4,1,366.66,DEC,Rajiv Gandhi Intl. Cricket Stadium,16 April 2011
8,9,MS Dhoni,22,6,2,2,366.66,KXIP,IS Bindra Stadium,13 April 2011
9,10,Brad Hodge,21,5,2,2,420.00,KKR,Jawaharlal Nehru Stadium,05 May 2011
10,11,Chris Gayle,21,5,2,2,420.00,KXIP,M. Chinnaswamy Stadium,06 May 2011
11,12,Chris Gayle,20,6,3,1,333.33,MI,Chidambaram,27 May 2011
12,13,Shaun Marsh,20,4,0,3,500.00,RR,IS Bindra Stadium,21 April 2011
13,14,Brendon McCullum,20,5,2,2,400.00,DC,Feroz Shah Kotla Ground,02 May 2011
14,15,Yuvraj Singh,20,4,2,2,500.00,KXIP,IS Bindra Stadium,08 May 2011
15,16,Tillakaratne Dilshan,20,6,3,1,333.33,KTK,M. Chinnaswamy Stadium,08 May 2011
16,17,Aiden Blizzard,20,6,5,0,333.33,DC,Wankhede Stadium,07 May 2011
17,18,Virender Sehwag,20,6,1,2,333.33,DEC,Rajiv Gandhi Intl. Cricket Stadium,05 May 2011
18,19,Chris Gayle,20,6,2,2,333.33,PWI,M. Chinnaswamy Stadium,29 April 2011
19,20,Adam Gilchrist,20,5,0,3,400.00,RCB,HPCA Stadium,17 May 2011
20,21,Virat Kohli,19,5,1,2,380.00,CSK,Wankhede Stadium,24 May 2011
21,22,AB de Villiers,19,4,0,3,475.00,KTK,Jawaharlal Nehru Stadium,09 April 2011
22,23,Albie Morkel,19,6,0,3,316.66,DEC,Chidambaram,01 May 2011
23,24,Virender Sehwag,18,4,0,3,450.00,KXIP,Feroz Shah Kotla Ground,23 April 2011
24,25,Yuvraj Singh,18,5,1,2,360.00,RCB,M. Chinnaswamy Stadium,29 April 2011
25,26,Brendon McCullum,18,5,0,3,360.00,RR,Holkar Cricket Stadium,15 May 2011
26,27,Sunny Sohal,18,5,3,1,360.00,CSK,Chidambaram,01 May 2011
27,28,Gautam Gambhir,18,6,4,0,300.00,RR,Sawai Mansingh Stadium,15 April 2011
28,29,Paul Valthaty,18,6,1,2,300.00,DC,HPCA Stadium,15 May 2011
29,30,Shane Watson,18,6,0,3,300.00,KTK,Holkar Cricket Stadium,15 May 2011
30,31,Chris Gayle,18,4,1,2,450.00,KKR,M. Chinnaswamy Stadium,14 May 2011
31,32,Johan Botha,18,5,2,1,360.00,DEC,Rajiv Gandhi Intl. Cricket Stadium,09 April 2011
32,33,MS Dhoni,17,5,2,1,340.00,RR,Sawai Mansingh Stadium,09 May 2011
33,34,James Franklin,17,5,4,0,340.00,KKR,Eden Gardens,22 May 2011
34,35,Ravindra Jadeja,17,4,1,2,425.00,MI,Wankhede Stadium,15 April 2011
35,36,Sachin Tendulkar,17,5,1,2,340.00,KTK,Wankhede Stadium,15 April 2011
36,37,David Warner,17,6,2,1,283.33,RR,Sawai Mansingh Stadium,12 April 2011
37,38,Brad Hodge,17,4,1,2,425.00,CSK,Chidambaram,18 May 2011
38,39,Paul Valthaty,17,6,3,0,283.33,CSK,IS Bindra Stadium,13 April 2011
39,40,Dwaraka Ravi Teja,17,4,1,2,425.00,KXIP,HPCA Stadium,21 May 2011
40,41,MS Dhoni,17,6,1,2,283.33,RCB,M. Chinnaswamy Stadium,22 May 2011
41,42,Mohnish Mishra,16,5,1,2,320.00,KTK,DY Patil Stadium,13 April 2011
42,43,David Warner,16,5,1,2,320.00,PWI,DY Patil Stadium,17 April 2011
43,44,Shane Watson,16,6,0,2,266.66,KTK,Sawai Mansingh Stadium,24 April 2011
44,45,Subramaniam Badrinath,16,6,1,1,266.66,MI,Wankhede Stadium,22 April 2011
45,46,Chris Gayle,16,5,2,1,320.00,KKR,Eden Gardens,22 April 2011
46,47,Amit Mishra,16,4,4,0,400.00,MI,Wankhede Stadium,14 May 2011
47,48,Ross Taylor,16,5,2,1,320.00,PWI,Sawai Mansingh Stadium,01 May 2011
48,49,Andrew Symonds,16,6,2,1,266.66,DEC,Rajiv Gandhi Intl. Cricket Stadium,24 April 2011
49,50,Chris Gayle,16,5,1,2,320.00,PWI,M. Chinnaswamy Stadium,29 April 2011
50,51,Sachin Tendulkar,16,5,4,0,320.00,KKR,Wankhede Stadium,25 May 2011
51,52,Chris Gayle,16,6,4,0,266.66,KKR,M. Chinnaswamy Stadium,14 May 2011
52,53,Suresh Raina,16,4,1,2,400.00,KTK,Chidambaram,18 May 2011
53,54,Adam Gilchrist,16,6,4,0,266.66,DC,Feroz Shah Kotla Ground,23 April 2011
54,55,Suresh Raina,16,5,2,1,320.00,RCB,Chidambaram,16 April 2011
55,56,Naman Ojha,16,6,1,2,266.66,KXIP,HPCA Stadium,15 May 2011
56,57,MS Dhoni,16,5,0,2,320.00,DC,Chidambaram,12 May 2011
57,58,Kieron Pollard,16,5,2,1,320.00,PWI,DY Patil Stadium,04 May 2011
58,59,Luke Pomersbach,16,6,2,1,266.66,CSK,Wankhede Stadium,24 May 2011
59,60,Virat Kohli,16,6,4,0,266.66,DC,Feroz Shah Kotla Ground,26 April 2011
60,61,Travis Birt,15,5,2,1,300.00,KTK,Jawaharlal Nehru Stadium,30 April 2011
61,62,Aaron Finch,15,4,0,2,375.00,PWI,DY Patil Stadium,17 April 2011
62,63,AB de Villiers,15,5,1,1,300.00,CSK,Chidambaram,16 April 2011
63,64,Murali Vijay,15,4,0,2,375.00,RCB,Chidambaram,28 May 2011
64,65,Yusuf Pathan,15,4,2,1,375.00,RCB,Eden Gardens,22 April 2011
65,66,Yuvraj Singh,15,6,0,2,250.00,CSK,DY Patil Stadium,27 April 2011
66,67,Brendon McCullum,15,4,2,1,375.00,RCB,Jawaharlal Nehru Stadium,09 April 2011
67,68,MS Dhoni,15,4,0,2,375.00,RCB,Chidambaram,28 May 2011
68,69,Adam Gilchrist,15,5,2,1,300.00,DEC,Rajiv Gandhi Intl. Cricket Stadium,16 April 2011
69,70,Kumar Sangakkara,15,5,2,1,300.00,DC,Feroz Shah Kotla Ground,19 April 2011
70,71,Tirumalasetti Suman,15,5,2,1,300.00,PWI,DY Patil Stadium,04 May 2011
71,72,Brendon McCullum,15,6,2,1,250.00,KKR,Eden Gardens,20 April 2011
72,73,Suresh Raina,15,4,0,2,375.00,RCB,Wankhede Stadium,24 May 2011
73,74,Shakib Al Hasan,15,6,3,0,250.00,MI,Wankhede Stadium,25 May 2011
74,75,Robin Uthappa,15,5,2,1,300.00,RCB,M. Chinnaswamy Stadium,29 April 2011
75,76,Subramaniam Badrinath,15,5,2,1,300.00,PWI,DY Patil Stadium,27 April 2011
76,77,Shaun Marsh,15,5,2,1,300.00,DC,Feroz Shah Kotla Ground,23 April 2011
77,78,Virender Sehwag,15,5,3,0,300.00,KXIP,Feroz Shah Kotla Ground,23 April 2011
78,79,Virender Sehwag,15,5,1,1,300.00,DEC,Rajiv Gandhi Intl. Cricket Stadium,05 May 2011
79,80,Virat Kohli,15,5,0,2,300.00,DEC,Rajiv Gandhi Intl. Cricket Stadium,14 April 2011
80,81,Paul Valthaty,15,4,2,1,375.00,CSK,IS Bindra Stadium,13 April 2011
81,82,Virender Sehwag,15,5,2,1,300.00,KTK,Jawaharlal Nehru Stadium,30 April 2011
82,83,Rohit Sharma,15,4,0,2,375.00,CSK,Wankhede Stadium,22 April 2011
83,84,Asad Pathan,14,4,2,1,350.00,CSK,Chidambaram,16 April 2011
84,85,Murali Vijay,14,4,2,1,350.00,RCB,Chidambaram,16 April 2011
85,86,Paul Valthaty,14,6,0,2,233.33,DC,Feroz Shah Kotla Ground,23 April 2011
86,87,Virender Sehwag,14,5,3,0,280.00,DEC,Rajiv Gandhi Intl. Cricket Stadium,05 May 2011
87,88,Manoj Tiwary,14,4,2,1,350.00,RR,Eden Gardens,17 April 2011
88,89,Manish Pandey,14,6,2,1,233.33,DEC,Rajiv Gandhi Intl. Cricket Stadium,10 May 2011
89,90,Rahul Dravid,14,6,2,1,233.33,DC,Sawai Mansingh Stadium,12 April 2011
90,91,Praveen Kumar,14,6,2,1,233.33,RCB,M. Chinnaswamy Stadium,06 May 2011
91,92,Paul Valthaty,14,4,0,2,350.00,DEC,Rajiv Gandhi Intl. Cricket Stadium,16 April 2011
92,93,Eoin Morgan,14,6,1,1,233.33,KTK,Jawaharlal Nehru Stadium,05 May 2011
93,94,Bharat Chipli,14,5,3,0,280.00,RCB,Rajiv Gandhi Intl. Cricket Stadium,14 April 2011
94,95,Irfan Pathan,14,5,2,0,280.00,CSK,Chidambaram,12 May 2011
95,96,Bharat Chipli,14,4,0,2,350.00,RCB,Rajiv Gandhi Intl. Cricket Stadium,14 April 2011
96,97,Venugopal Rao,14,4,0,2,350.00,RR,Sawai Mansingh Stadium,12 April 2011
97,98,Suresh Raina,14,6,0,2,233.33,PWI,DY Patil Stadium,27 April 2011
98,99,Brad Hodge,14,5,2,1,280.00,RR,Holkar Cricket Stadium,15 May 2011
99,100,Jesse Ryder,14,6,0,2,233.33,DC,DY Patil Stadium,17 April 2011
