,POS,PLAYER,"
                                Ov
                            ","
                                Runs
                            ","
                                Wkts
                            ","
                                SR
                            ","
                                Against
                            ","
                                Venue
                            ","
                                Match Date
                            "
0,1,Siddharth Trivedi,4,59,0,-,KXIP,IS Bindra Stadium,21 April 2011
1,2,Zaheer Khan,4,53,0,-,KKR,Eden Gardens,22 April 2011
2,3,Amit Mishra,4,53,1,24.00,DC,Rajiv Gandhi Intl. Cricket Stadium,05 May 2011
3,4,Alfonso Thomas,4,53,1,24.00,MI,DY Patil Stadium,04 May 2011
4,5,Lakshmipathy Balaji,3,51,1,18.00,MI,Eden Gardens,22 May 2011
5,6,JJ van der Wath,4,50,0,-,KXIP,HPCA Stadium,17 May 2011
6,7,Shane Warne,4,50,1,24.00,KXIP,IS Bindra Stadium,21 April 2011
7,8,Ajit Agarkar,4,49,1,24.00,CSK,Chidambaram,12 May 2011
8,9,Morne Morkel,4,49,1,24.00,MI,Wankhede Stadium,07 May 2011
9,10,JJ van der Wath,4,49,2,12.00,CSK,Chidambaram,16 April 2011
10,11,Ryan Harris,4,48,0,-,DC,Feroz Shah Kotla Ground,23 April 2011
11,12,Dan Christian,4,48,0,-,MI,Rajiv Gandhi Intl. Cricket Stadium,24 April 2011
12,13,Piyush Chawla,4,48,0,-,DEC,HPCA Stadium,21 May 2011
13,14,Vinay Kumar,4,48,0,-,MI,Wankhede Stadium,15 April 2011
14,15,Charl Langeveldt,4,48,2,12.00,KXIP,HPCA Stadium,17 May 2011
15,16,Shane Watson,4,47,0,-,CSK,Sawai Mansingh Stadium,09 May 2011
16,17,Ajit Agarkar,4,47,2,12.00,KXIP,Feroz Shah Kotla Ground,23 April 2011
17,18,Kamran Khan,3,47,0,-,RCB,M. Chinnaswamy Stadium,29 April 2011
18,19,Shalabh Srivastava,4,46,0,-,DC,Feroz Shah Kotla Ground,23 April 2011
19,20,James Hopes,4,45,1,24.00,MI,Wankhede Stadium,07 May 2011
20,21,Praveen Kumar,4,45,1,24.00,DC,Feroz Shah Kotla Ground,23 April 2011
21,22,RP Singh,4,44,1,24.00,KKR,Jawaharlal Nehru Stadium,05 May 2011
22,23,Pragyan Ojha,3.5,44,0,-,RR,Rajiv Gandhi Intl. Cricket Stadium,09 April 2011
23,24,P Parameswaran,2.1,44,0,-,RCB,M. Chinnaswamy Stadium,08 May 2011
24,25,Lakshmipathy Balaji,4,43,1,24.00,RCB,Eden Gardens,22 April 2011
25,26,James Hopes,4,43,1,24.00,KXIP,Feroz Shah Kotla Ground,23 April 2011
26,27,Kieron Pollard,3,43,0,-,KTK,Wankhede Stadium,15 April 2011
27,28,Johan Botha,4,42,0,-,RCB,Sawai Mansingh Stadium,11 May 2011
28,29,Lasith Malinga,4,42,0,-,RR,Wankhede Stadium,20 May 2011
29,30,Brett Lee,4,42,0,-,KTK,Jawaharlal Nehru Stadium,05 May 2011
30,31,Ryan Harris,4,42,1,24.00,KTK,Holkar Cricket Stadium,13 May 2011
31,32,Morne Morkel,4,42,1,24.00,KKR,Feroz Shah Kotla Ground,28 April 2011
32,33,Lasith Malinga,4,42,2,12.00,KTK,Wankhede Stadium,15 April 2011
33,34,Ashok Dinda,4,42,2,12.00,PWI,DY Patil Stadium,17 April 2011
34,35,Muttiah Muralitharan,3.5,42,1,23.00,PWI,DY Patil Stadium,13 April 2011
35,36,Daniel Vettori,3.4,42,0,-,CSK,Wankhede Stadium,24 May 2011
36,37,Ishant Sharma,4,41,0,-,CSK,Chidambaram,01 May 2011
37,38,Murali Kartik,4,41,0,-,RR,Sawai Mansingh Stadium,01 May 2011
38,39,Vinay Kumar,4,41,1,24.00,DC,Jawaharlal Nehru Stadium,30 April 2011
39,40,Roelof van der Merwe,4,41,1,24.00,RR,Sawai Mansingh Stadium,12 April 2011
40,41,Amit Mishra,4,41,1,24.00,RCB,Rajiv Gandhi Intl. Cricket Stadium,14 April 2011
41,42,Albie Morkel,4,40,0,-,RCB,Wankhede Stadium,24 May 2011
42,43,Harbhajan Singh,4,40,0,-,RCB,Chidambaram,27 May 2011
43,44,Irfan Pathan,4,40,1,24.00,CSK,Chidambaram,12 May 2011
44,45,Munaf Patel,4,40,1,24.00,CSK,Wankhede Stadium,22 April 2011
45,46,Amit Singh,4,40,1,24.00,CSK,Sawai Mansingh Stadium,09 May 2011
46,47,Ryan McLaren,4,40,1,24.00,RCB,M. Chinnaswamy Stadium,06 May 2011
47,48,Aavishkar Salvi,4,40,2,12.00,KXIP,HPCA Stadium,15 May 2011
48,49,Shaun Tait,4,40,2,12.00,DC,Sawai Mansingh Stadium,12 April 2011
49,50,Dale Steyn,4,39,0,-,MI,Rajiv Gandhi Intl. Cricket Stadium,24 April 2011
50,51,Ishant Sharma,4,39,1,24.00,MI,Rajiv Gandhi Intl. Cricket Stadium,24 April 2011
51,52,Suresh Raina,4,39,1,24.00,RCB,Chidambaram,28 May 2011
52,53,Dan Christian,4,39,1,24.00,KKR,Rajiv Gandhi Intl. Cricket Stadium,03 May 2011
53,54,Shalabh Srivastava,4,39,2,12.00,DC,HPCA Stadium,15 May 2011
54,55,Shahbaz Nadeem,4,39,2,12.00,PWI,DY Patil Stadium,17 April 2011
55,56,Love Ablish,3,39,0,-,RCB,M. Chinnaswamy Stadium,06 May 2011
56,57,Syed Mohammad,3,39,1,18.00,CSK,Chidambaram,28 May 2011
57,58,Sreenath Arvind,3,39,2,9.00,CSK,Chidambaram,28 May 2011
58,59,Irfan Pathan,4,38,0,-,KTK,Feroz Shah Kotla Ground,02 May 2011
59,60,Suresh Raina,4,38,0,-,RCB,M. Chinnaswamy Stadium,22 May 2011
60,61,Thisara Perera,4,38,0,-,MI,Wankhede Stadium,15 April 2011
61,62,Wayne Parnell,4,38,1,24.00,DEC,Rajiv Gandhi Intl. Cricket Stadium,10 May 2011
62,63,Doug Bollinger,4,38,1,24.00,KTK,Chidambaram,18 May 2011
63,64,Doug Bollinger,4,38,1,24.00,DC,Chidambaram,12 May 2011
64,65,Lakshmipathy Balaji,4,38,2,12.00,DC,Feroz Shah Kotla Ground,28 April 2011
65,66,Dan Christian,4,38,2,12.00,DC,Feroz Shah Kotla Ground,19 April 2011
66,67,Ryan Harris,4,38,3,8.00,RCB,M. Chinnaswamy Stadium,06 May 2011
67,68,Albie Morkel,4,38,3,8.00,DEC,Chidambaram,01 May 2011
68,69,Shanthakumaran Sreesanth,3.5,38,0,-,KXIP,Holkar Cricket Stadium,13 May 2011
69,70,Shrikant Wagh,3,38,0,-,DC,DY Patil Stadium,17 April 2011
70,71,Tim Southee,3,38,0,-,KTK,Jawaharlal Nehru Stadium,18 April 2011
71,72,Albie Morkel,3,38,1,18.00,KXIP,IS Bindra Stadium,13 April 2011
72,73,Umesh Yadav,4,37,0,-,RCB,Feroz Shah Kotla Ground,26 April 2011
73,74,Brett Lee,4,37,0,-,MI,Eden Gardens,22 May 2011
74,75,Ravichandran Ashwin,4,37,0,-,KXIP,IS Bindra Stadium,13 April 2011
75,76,Morne Morkel,4,37,0,-,DEC,Rajiv Gandhi Intl. Cricket Stadium,05 May 2011
76,77,Ali Murtaza,4,37,0,-,KTK,Wankhede Stadium,15 April 2011
77,78,Ishant Sharma,4,37,0,-,KKR,Rajiv Gandhi Intl. Cricket Stadium,03 May 2011
78,79,Praveen Kumar,4,37,0,-,RCB,M. Chinnaswamy Stadium,06 May 2011
79,80,Munaf Patel,4,37,0,-,DEC,Wankhede Stadium,14 May 2011
80,81,Shadab Jakati,4,37,1,24.00,RCB,Wankhede Stadium,24 May 2011
81,82,Brett Lee,4,37,1,24.00,MI,Wankhede Stadium,25 May 2011
82,83,Praveen Kumar,4,37,2,12.00,CSK,IS Bindra Stadium,13 April 2011
83,84,Piyush Chawla,4,37,2,12.00,MI,Wankhede Stadium,02 May 2011
84,85,Piyush Chawla,4,37,2,12.00,RCB,M. Chinnaswamy Stadium,06 May 2011
85,86,Abhimanyu Mithun,4,37,2,12.00,DC,Feroz Shah Kotla Ground,26 April 2011
86,87,Siddharth Trivedi,3.4,37,1,22.00,CSK,Chidambaram,04 May 2011
87,88,Sreenath Arvind,3,37,2,9.00,KKR,Eden Gardens,22 April 2011
88,89,Johan Botha,4,36,0,-,DC,Sawai Mansingh Stadium,12 April 2011
89,90,Umesh Yadav,4,36,0,-,PWI,DY Patil Stadium,17 April 2011
90,91,Sreenath Arvind,4,36,0,-,KXIP,HPCA Stadium,17 May 2011
91,92,Bhargav Bhatt,4,36,0,-,KTK,Holkar Cricket Stadium,13 May 2011
92,93,Zaheer Khan,4,36,0,-,MI,M. Chinnaswamy Stadium,12 April 2011
93,94,Dwayne Bravo,4,36,1,24.00,KTK,Chidambaram,18 May 2011
94,95,Piyush Chawla,4,36,1,24.00,DC,Feroz Shah Kotla Ground,23 April 2011
95,96,James Hopes,4,36,1,24.00,DEC,Feroz Shah Kotla Ground,19 April 2011
96,97,Ravichandran Ashwin,4,36,1,24.00,RR,Chidambaram,04 May 2011
97,98,Varun Aaron,4,36,1,24.00,KXIP,Feroz Shah Kotla Ground,23 April 2011
98,99,Dwayne Bravo,4,36,1,24.00,RR,Sawai Mansingh Stadium,09 May 2011
99,100,Siddharth Trivedi,4,36,1,24.00,DC,Sawai Mansingh Stadium,12 April 2011
