,POS,PLAYER,"
                                Runs
                            ","
                                BF
                            ","
                                4s
                            ","
                                6s
                            ","
                                SR
                            ","
                                Against
                            ","
                                Venue
                            ","
                                Match Date
                            "
0,1,Chris Gayle,107,49,10,9,218.36,KXIP,M. Chinnaswamy Stadium,06 May 2011
1,2,Adam Gilchrist,106,55,8,9,192.72,RCB,HPCA Stadium,17 May 2011
2,3,Chris Gayle,102,55,10,7,185.45,KKR,Eden Gardens,22 April 2011
3,4,Virender Sehwag,119,56,13,6,212.50,DEC,Rajiv Gandhi Intl. Cricket Stadium,05 May 2011
4,5,Shaun Marsh,95,46,9,6,206.52,DC,Feroz Shah Kotla Ground,23 April 2011
5,6,Shane Watson,89,47,9,6,189.36,MI,Wankhede Stadium,20 May 2011
6,7,Murali Vijay,95,52,4,6,182.69,RCB,Chidambaram,28 May 2011
7,8,MS Dhoni,70,40,3,6,175.00,RCB,M. Chinnaswamy Stadium,22 May 2011
8,9,Chris Gayle,75,50,4,6,150.00,CSK,M. Chinnaswamy Stadium,22 May 2011
9,10,Suresh Raina,73,50,4,6,146.00,RCB,Wankhede Stadium,24 May 2011
10,11,Chris Gayle,44,16,3,5,275.00,KTK,M. Chinnaswamy Stadium,08 May 2011
11,12,Jesse Ryder,60,27,5,5,222.22,DC,DY Patil Stadium,17 April 2011
12,13,Dinesh Karthik,69,33,7,5,209.09,KTK,Holkar Cricket Stadium,13 May 2011
13,14,Yuvraj Singh,66,32,4,5,206.25,DC,DY Patil Stadium,17 April 2011
14,15,Chris Gayle,89,47,9,5,189.36,MI,Chidambaram,27 May 2011
15,16,Rohit Sharma,87,48,8,5,181.25,CSK,Wankhede Stadium,22 April 2011
16,17,Virender Sehwag,80,47,8,5,170.21,KTK,Jawaharlal Nehru Stadium,30 April 2011
17,18,Shaun Marsh,79,49,7,5,161.22,RCB,HPCA Stadium,17 May 2011
18,19,Paul Valthaty,75,47,8,5,159.57,DEC,Rajiv Gandhi Intl. Cricket Stadium,16 April 2011
19,20,AB de Villiers,54,40,1,5,135.00,KTK,Jawaharlal Nehru Stadium,09 April 2011
20,21,Brendon McCullum,29,12,1,4,241.66,RR,Holkar Cricket Stadium,15 May 2011
21,22,Virender Sehwag,77,35,8,4,220.00,KXIP,Feroz Shah Kotla Ground,23 April 2011
22,23,MS Dhoni,63,31,5,4,203.22,DC,Chidambaram,12 May 2011
23,24,Chris Gayle,49,26,4,4,188.46,PWI,M. Chinnaswamy Stadium,29 April 2011
24,25,Sunny Sohal,56,30,6,4,186.66,CSK,Chidambaram,01 May 2011
25,26,JP Duminy,55,31,2,4,177.41,DC,Rajiv Gandhi Intl. Cricket Stadium,05 May 2011
26,27,Murali Vijay,74,43,6,4,172.09,KXIP,IS Bindra Stadium,13 April 2011
27,28,Ambati Rayudu,53,33,3,4,160.60,KTK,Wankhede Stadium,15 April 2011
28,29,David Warner,77,48,7,4,160.41,KXIP,Feroz Shah Kotla Ground,23 April 2011
29,30,Virat Kohli,67,42,4,4,159.52,PWI,M. Chinnaswamy Stadium,29 April 2011
30,31,Chris Gayle,70,44,7,4,159.09,RR,Sawai Mansingh Stadium,11 May 2011
31,32,Venugopal Rao,60,40,4,4,150.00,RR,Sawai Mansingh Stadium,12 April 2011
32,33,Yuvraj Singh,62,43,3,4,144.18,CSK,DY Patil Stadium,27 April 2011
33,34,Albie Morkel,19,6,0,3,316.66,DEC,Chidambaram,01 May 2011
34,35,Albie Morkel,28,10,1,3,280.00,RCB,Wankhede Stadium,24 May 2011
35,36,Tirumalasetti Suman,36,16,3,3,225.00,PWI,DY Patil Stadium,04 May 2011
36,37,MS Dhoni,41,19,3,3,215.78,RR,Sawai Mansingh Stadium,09 May 2011
37,38,Yusuf Pathan,46,24,3,3,191.66,RCB,Eden Gardens,22 April 2011
38,39,Yusuf Pathan,47,26,3,3,180.76,DEC,Rajiv Gandhi Intl. Cricket Stadium,03 May 2011
39,40,Yuvraj Singh,41,23,2,3,178.26,RCB,M. Chinnaswamy Stadium,29 April 2011
40,41,Bharat Chipli,61,35,5,3,174.28,RCB,Rajiv Gandhi Intl. Cricket Stadium,14 April 2011
41,42,Shaun Marsh,71,42,6,3,169.04,RR,IS Bindra Stadium,21 April 2011
42,43,Rohit Sharma,56,34,5,3,164.70,DEC,Rajiv Gandhi Intl. Cricket Stadium,24 April 2011
43,44,Shaun Marsh,46,28,5,3,164.28,DC,HPCA Stadium,15 May 2011
44,45,Ravindra Jadeja,29,18,1,3,161.11,KKR,Eden Gardens,20 April 2011
45,46,Virat Kohli,70,44,5,3,159.09,CSK,Wankhede Stadium,24 May 2011
46,47,Venugopal Rao,31,20,1,3,155.00,PWI,DY Patil Stadium,17 April 2011
47,48,Shane Watson,20,13,0,3,153.84,KTK,Holkar Cricket Stadium,15 May 2011
48,49,Rohit Sharma,49,32,2,3,153.12,DC,Wankhede Stadium,07 May 2011
49,50,Sachin Tendulkar,100,66,12,3,151.51,KTK,Wankhede Stadium,15 April 2011
50,51,Yusuf Pathan,36,24,2,3,150.00,RCB,M. Chinnaswamy Stadium,14 May 2011
51,52,Paul Valthaty,46,31,4,3,148.38,RR,IS Bindra Stadium,21 April 2011
52,53,Ashok Menaria,22,15,0,3,146.66,DC,Sawai Mansingh Stadium,12 April 2011
53,54,Ryan ten Doeschate,70,49,6,3,142.85,MI,Wankhede Stadium,25 May 2011
54,55,Brendon McCullum,47,33,4,3,142.42,CSK,Jawaharlal Nehru Stadium,18 April 2011
55,56,Ravindra Jadeja,47,33,3,3,142.42,PWI,DY Patil Stadium,13 April 2011
56,57,Jacques Kallis,59,42,4,3,140.47,MI,Eden Gardens,22 May 2011
57,58,Michael Hussey,63,45,3,3,140.00,RCB,Chidambaram,28 May 2011
58,59,Wriddhiman Saha,46,33,1,3,139.39,KTK,Chidambaram,18 May 2011
59,60,Virat Kohli,71,51,5,3,139.21,DEC,Rajiv Gandhi Intl. Cricket Stadium,14 April 2011
60,61,Adam Gilchrist,61,46,5,3,132.60,DEC,Rajiv Gandhi Intl. Cricket Stadium,16 April 2011
61,62,Murali Vijay,53,40,2,3,132.50,RR,Sawai Mansingh Stadium,09 May 2011
62,63,Mitchell Marsh,37,28,1,3,132.14,DEC,DY Patil Stadium,16 May 2011
63,64,Ashok Menaria,29,22,0,3,131.81,PWI,Sawai Mansingh Stadium,01 May 2011
64,65,Manoj Tiwary,61,47,2,3,129.78,DC,Feroz Shah Kotla Ground,28 April 2011
65,66,Manish Pandey,59,47,4,3,125.53,MI,DY Patil Stadium,04 May 2011
66,67,Paul Valthaty,62,50,7,3,124.00,DC,HPCA Stadium,15 May 2011
67,68,Saurabh Tiwary,42,34,1,3,123.52,CSK,Chidambaram,28 May 2011
68,69,Chris Gayle,38,12,6,2,316.66,KKR,M. Chinnaswamy Stadium,14 May 2011
69,70,Ambati Rayudu,17,6,0,2,283.33,KKR,Eden Gardens,22 May 2011
70,71,Ravindra Jadeja,16,6,0,2,266.66,CSK,Jawaharlal Nehru Stadium,18 April 2011
71,72,Robin Uthappa,31,13,3,2,238.46,KTK,DY Patil Stadium,13 April 2011
72,73,Naman Ojha,19,8,1,2,237.50,KXIP,Feroz Shah Kotla Ground,23 April 2011
73,74,Yuvraj Singh,35,15,5,2,233.33,KXIP,IS Bindra Stadium,08 May 2011
74,75,Ravindra Jadeja,25,11,2,2,227.27,MI,Wankhede Stadium,15 April 2011
75,76,MS Dhoni,43,20,4,2,215.00,KXIP,IS Bindra Stadium,13 April 2011
76,77,Dan Christian,30,14,2,2,214.28,KXIP,Rajiv Gandhi Intl. Cricket Stadium,16 April 2011
77,78,Yogesh Nagar,23,11,1,2,209.09,DEC,Feroz Shah Kotla Ground,19 April 2011
78,79,Aaron Finch,25,12,1,2,208.33,PWI,DY Patil Stadium,17 April 2011
79,80,David Hussey,20,10,0,2,200.00,DC,Feroz Shah Kotla Ground,23 April 2011
80,81,Brendon McCullum,37,19,5,2,194.73,DC,Feroz Shah Kotla Ground,02 May 2011
81,82,Brad Hodge,33,17,5,2,194.11,RR,Holkar Cricket Stadium,15 May 2011
82,83,AB de Villiers,27,14,2,2,192.85,KXIP,M. Chinnaswamy Stadium,06 May 2011
83,84,Dan Christian,25,13,1,2,192.30,KKR,Eden Gardens,11 April 2011
84,85,Owais Shah,23,12,1,2,191.66,KXIP,Holkar Cricket Stadium,13 May 2011
85,86,Paul Valthaty,120,63,19,2,190.47,CSK,IS Bindra Stadium,13 April 2011
86,87,David Warner,19,10,1,2,190.00,PWI,Feroz Shah Kotla Ground,21 May 2011
87,88,Piyush Chawla,13,7,0,2,185.71,DEC,HPCA Stadium,21 May 2011
88,89,Irfan Pathan,13,7,0,2,185.71,RCB,Feroz Shah Kotla Ground,26 April 2011
89,90,Brad Hodge,35,19,3,2,184.21,KKR,Jawaharlal Nehru Stadium,05 May 2011
90,91,Kieron Pollard,20,11,1,2,181.81,KXIP,Wankhede Stadium,02 May 2011
91,92,Manoj Tiwary,27,15,1,2,180.00,CSK,Chidambaram,08 April 2011
92,93,Naman Ojha,25,14,3,2,178.57,CSK,Chidambaram,12 May 2011
93,94,Mohnish Mishra,37,21,2,2,176.19,KTK,DY Patil Stadium,13 April 2011
94,95,Jesse Ryder,35,20,5,2,175.00,DEC,Rajiv Gandhi Intl. Cricket Stadium,10 May 2011
95,96,Paul Valthaty,17,10,1,2,170.00,KTK,Holkar Cricket Stadium,13 May 2011
96,97,Aiden Blizzard,51,30,7,2,170.00,KKR,Wankhede Stadium,25 May 2011
97,98,Shane Watson,22,13,0,2,169.23,KKR,Sawai Mansingh Stadium,15 April 2011
98,99,MS Dhoni,22,13,0,2,169.23,RCB,Chidambaram,28 May 2011
99,100,Suresh Raina,59,35,6,2,168.57,DEC,Chidambaram,01 May 2011
