,POS,PLAYER,"
                                Ov
                            ","
                                Econ
                            ","
                                Dots
                            ","
                                Runs
                            ","
                                Wkts
                            ","
                                SR
                            ","
                                Against
                            ","
                                Venue
                            ","
                                Match Date
                            "
0,1,Mohammad Hafeez,4,2.00,14,8,1,24.00,DEC,Eden Gardens,20 April 2008
1,2,Ishant Sharma,4,2.25,14,9,2,12.00,RCB,M. Chinnaswamy Stadium,18 April 2008
2,3,Brett Lee,4,2.25,17,9,1,24.00,MI,IS Bindra Stadium,25 April 2008
3,4,Shaun Pollock,4,2.25,17,9,1,24.00,CSK,Wankhede Stadium,14 May 2008
4,5,Dominic Thornely,3,2.33,12,7,2,9.00,KKR,Wankhede Stadium,16 May 2008
5,6,Sourav Ganguly,3,2.33,10,7,1,18.00,RCB,Eden Gardens,08 May 2008
6,7,Sohail Tanvir,4,2.50,18,10,3,8.00,RCB,Sawai Mansingh Stadium,17 May 2008
7,8,Irfan Pathan,4,2.50,17,10,1,24.00,RR,IS Bindra Stadium,28 May 2008
8,9,Siddharth Trivedi,3,2.66,10,8,1,18.00,DEC,Sawai Mansingh Stadium,09 May 2008
9,10,Manpreet Gony,4,2.75,13,11,2,12.00,RCB,Chidambaram,21 May 2008
10,11,MF Maharoof,4,2.75,10,11,2,12.00,RR,Feroz Shah Kotla Ground,19 April 2008
11,12,Shaun Pollock,4,3.00,17,12,3,8.00,KKR,Wankhede Stadium,16 May 2008
12,13,Chaminda Vaas,3,3.00,11,9,2,9.00,KKR,Eden Gardens,20 April 2008
13,14,Ashok Dinda,4,3.00,15,12,1,24.00,MI,Eden Gardens,29 April 2008
14,15,Ishant Sharma,3,3.00,12,9,1,18.00,DEC,Eden Gardens,20 April 2008
15,16,Muttiah Muralitharan,4,3.00,14,12,0,-,KKR,Chidambaram,26 April 2008
16,17,Glenn McGrath,4,3.00,16,12,0,-,RR,Sawai Mansingh Stadium,11 May 2008
17,18,Shane Watson,2,3.00,7,6,0,-,RCB,Sawai Mansingh Stadium,17 May 2008
18,19,Yusuf Pathan,3,3.00,10,9,0,-,MI,Sawai Mansingh Stadium,26 May 2008
19,20,MF Maharoof,4,3.25,11,13,2,12.00,RCB,M. Chinnaswamy Stadium,19 May 2008
20,21,Shane Watson,3,3.33,12,10,3,6.00,DC,Wankhede Stadium,30 May 2008
21,22,Sohail Tanvir,4,3.50,16,14,6,4.00,CSK,Sawai Mansingh Stadium,04 May 2008
22,23,Sohail Tanvir,4,3.50,15,14,4,6.00,MI,Sawai Mansingh Stadium,26 May 2008
23,24,Anil Kumble,4,3.50,13,14,3,8.00,CSK,Chidambaram,21 May 2008
24,25,Sanath Jayasuriya,4,3.50,14,14,3,8.00,KKR,Eden Gardens,29 April 2008
25,26,Manpreet Gony,4,3.50,16,14,2,12.00,KXIP,Wankhede Stadium,31 May 2008
26,27,Ashok Dinda,2,3.50,7,7,1,12.00,RCB,M. Chinnaswamy Stadium,18 April 2008
27,28,Dale Steyn,4,3.50,17,14,1,24.00,MI,M. Chinnaswamy Stadium,28 May 2008
28,29,Shoaib Akhtar,3,3.66,12,11,4,4.50,DC,Eden Gardens,13 May 2008
29,30,RP Singh,4,3.75,14,15,2,12.00,MI,DY Patil Stadium,27 April 2008
30,31,Glenn McGrath,4,3.75,16,15,2,12.00,RCB,M. Chinnaswamy Stadium,19 May 2008
31,32,VRV Singh,4,3.75,10,15,1,24.00,RCB,IS Bindra Stadium,12 May 2008
32,33,Jacques Kallis,4,3.75,13,15,0,-,CSK,Chidambaram,21 May 2008
33,34,Irfan Pathan,3.2,3.90,14,13,1,20.00,RCB,M. Chinnaswamy Stadium,05 May 2008
34,35,Munaf Patel,4,4.00,12,16,2,12.00,CSK,Sawai Mansingh Stadium,04 May 2008
35,36,Piyush Chawla,4,4.00,15,16,2,12.00,MI,IS Bindra Stadium,25 April 2008
36,37,RP Singh,3,4.00,10,12,2,9.00,CSK,Chidambaram,06 May 2008
37,38,Shaun Pollock,4,4.00,15,16,2,12.00,DC,DY Patil Stadium,04 May 2008
38,39,Shanthakumaran Sreesanth,4,4.00,17,16,2,12.00,RCB,M. Chinnaswamy Stadium,05 May 2008
39,40,Dale Steyn,4,4.00,14,16,0,-,KXIP,M. Chinnaswamy Stadium,05 May 2008
40,41,Sanath Jayasuriya,2,4.00,5,8,0,-,RR,Sawai Mansingh Stadium,26 May 2008
41,42,Sohail Tanvir,3.1,4.10,13,13,0,-,MI,DY Patil Stadium,07 May 2008
42,43,Amit Mishra,4,4.25,11,17,5,4.80,DEC,Feroz Shah Kotla Ground,15 May 2008
43,44,Munaf Patel,4,4.25,16,17,3,8.00,DC,Wankhede Stadium,30 May 2008
44,45,Rajat Bhatia,4,4.25,12,17,2,12.00,RR,Feroz Shah Kotla Ground,19 April 2008
45,46,Zaheer Khan,4,4.25,13,17,2,12.00,MI,Wankhede Stadium,20 April 2008
46,47,Shaun Pollock,4,4.25,10,17,0,-,RCB,Wankhede Stadium,20 April 2008
47,48,Manpreet Gony,4,4.25,13,17,0,-,KKR,Eden Gardens,18 May 2008
48,49,Ashish Nehra,3,4.33,12,13,3,6.00,RR,DY Patil Stadium,07 May 2008
49,50,Dwayne Bravo,3,4.33,12,13,2,9.00,KKR,Wankhede Stadium,16 May 2008
50,51,Amit Mishra,3,4.33,7,13,0,-,KKR,Eden Gardens,13 May 2008
51,52,Dilhara Fernando,4,4.50,16,18,4,6.00,RCB,M. Chinnaswamy Stadium,28 May 2008
52,53,Anil Kumble,4,4.50,12,18,2,12.00,DC,M. Chinnaswamy Stadium,19 May 2008
53,54,Irfan Pathan,4,4.50,15,18,2,12.00,KKR,IS Bindra Stadium,03 May 2008
54,55,Pragyan Ojha,4,4.50,11,18,2,12.00,KKR,Eden Gardens,20 April 2008
55,56,Manpreet Gony,4,4.50,14,18,1,24.00,MI,Chidambaram,23 April 2008
56,57,Yusuf Pathan,2,4.50,6,9,0,-,CSK,Sawai Mansingh Stadium,04 May 2008
57,58,Lakshmipathy Balaji,2,4.50,9,9,0,-,MI,Wankhede Stadium,14 May 2008
58,59,Murali Kartik,3.4,4.63,14,17,3,7.33,DEC,Eden Gardens,20 April 2008
59,60,Shaun Pollock,3,4.66,10,14,1,18.00,KXIP,Wankhede Stadium,21 May 2008
60,61,Jacques Kallis,3,4.66,5,14,0,-,KXIP,M. Chinnaswamy Stadium,05 May 2008
61,62,Shane Warne,4,4.75,11,19,3,8.00,KXIP,Sawai Mansingh Stadium,21 April 2008
62,63,Dale Steyn,4,4.75,12,19,2,12.00,DEC,Rajiv Gandhi Intl. Cricket Stadium,25 May 2008
63,64,Irfan Pathan,4,4.75,15,19,2,12.00,MI,IS Bindra Stadium,25 April 2008
64,65,Mohammad Asif,4,4.75,16,19,2,12.00,DEC,Rajiv Gandhi Intl. Cricket Stadium,22 April 2008
65,66,Daniel Vettori,4,4.75,8,19,1,24.00,RCB,Feroz Shah Kotla Ground,30 April 2008
66,67,Muttiah Muralitharan,4,4.75,12,19,1,24.00,KXIP,Wankhede Stadium,31 May 2008
67,68,Shane Watson,4,4.75,17,19,1,24.00,CSK,Sawai Mansingh Stadium,04 May 2008
68,69,Muttiah Muralitharan,4,4.75,11,19,1,24.00,RCB,Chidambaram,21 May 2008
69,70,Scott Styris,4,4.75,14,19,0,-,KKR,Eden Gardens,20 April 2008
70,71,Shane Warne,4,5.00,9,20,2,12.00,DEC,Sawai Mansingh Stadium,09 May 2008
71,72,Shane Watson,4,5.00,15,20,2,12.00,RCB,M. Chinnaswamy Stadium,26 April 2008
72,73,RP Singh,3,5.00,9,15,1,18.00,KKR,Eden Gardens,20 April 2008
73,74,Ramesh Powar,4,5.00,12,20,1,24.00,DEC,IS Bindra Stadium,23 May 2008
74,75,Muttiah Muralitharan,4,5.00,13,20,1,24.00,RR,Sawai Mansingh Stadium,04 May 2008
75,76,Manpreet Gony,3,5.00,9,15,1,18.00,DEC,Chidambaram,06 May 2008
76,77,Dhawal Kulkarni,3,5.00,7,15,0,-,KKR,Eden Gardens,29 April 2008
77,78,Shahid Afridi,2,5.00,5,10,0,-,RR,Sawai Mansingh Stadium,09 May 2008
78,79,Vinay Kumar,3,5.00,8,15,0,-,KKR,Eden Gardens,08 May 2008
79,80,Dale Steyn,4,5.00,13,20,0,-,DEC,M. Chinnaswamy Stadium,03 May 2008
80,81,SB Joshi,2,5.00,5,10,0,-,MI,Wankhede Stadium,20 April 2008
81,82,RP Singh,3,5.00,9,15,0,-,RCB,Rajiv Gandhi Intl. Cricket Stadium,25 May 2008
82,83,Ashok Dinda,2,5.00,5,10,0,-,CSK,Eden Gardens,18 May 2008
83,84,Dwayne Bravo,2.2,5.14,6,12,2,7.00,RR,DY Patil Stadium,07 May 2008
84,85,Makhaya Ntini,4,5.25,14,21,4,6.00,KKR,Eden Gardens,18 May 2008
85,86,Shane Watson,4,5.25,11,21,2,12.00,DC,Sawai Mansingh Stadium,11 May 2008
86,87,Shane Warne,4,5.25,11,21,2,12.00,DC,Wankhede Stadium,30 May 2008
87,88,Munaf Patel,4,5.25,12,21,2,12.00,RCB,Sawai Mansingh Stadium,17 May 2008
88,89,Sourav Ganguly,4,5.25,11,21,2,12.00,RCB,M. Chinnaswamy Stadium,18 April 2008
89,90,Pradeep Sangwan,4,5.25,9,21,1,24.00,MI,DY Patil Stadium,04 May 2008
90,91,Manpreet Gony,4,5.25,12,21,1,24.00,DEC,Rajiv Gandhi Intl. Cricket Stadium,27 May 2008
91,92,Glenn McGrath,4,5.25,11,21,1,24.00,CSK,Chidambaram,02 May 2008
92,93,Irfan Pathan,4,5.25,11,21,1,24.00,RR,Sawai Mansingh Stadium,21 April 2008
93,94,Glenn McGrath,4,5.25,16,21,1,24.00,RR,Feroz Shah Kotla Ground,19 April 2008
94,95,Makhaya Ntini,4,5.25,11,21,0,-,RR,DY Patil Stadium,01 June 2008
95,96,Scott Styris,3,5.33,6,16,0,-,CSK,Rajiv Gandhi Intl. Cricket Stadium,27 May 2008
96,97,Yusuf Pathan,4,5.50,10,22,3,8.00,CSK,DY Patil Stadium,01 June 2008
97,98,Munaf Patel,4,5.50,14,22,2,12.00,KKR,Eden Gardens,20 May 2008
98,99,Praveen Kumar,4,5.50,13,22,2,12.00,KXIP,M. Chinnaswamy Stadium,05 May 2008
99,100,Pragyan Ojha,4,5.50,10,22,1,24.00,CSK,Chidambaram,06 May 2008
