,POS,PLAYER,"
                                Ov
                            ","
                                Runs
                            ","
                                Wkts
                            ","
                                SR
                            ","
                                Against
                            ","
                                Venue
                            ","
                                Match Date
                            "
0,1,Sohail Tanvir,4,14,6,4.00,CSK,Sawai Mansingh Stadium,04 May 2008
1,2,Amit Mishra,4,17,5,4.80,DEC,Feroz Shah Kotla Ground,15 May 2008
2,3,Lakshmipathy Balaji,4,24,5,4.80,KXIP,Chidambaram,10 May 2008
3,4,Shoaib Akhtar,3,11,4,4.50,DC,Eden Gardens,13 May 2008
4,5,Sohail Tanvir,4,14,4,6.00,MI,Sawai Mansingh Stadium,26 May 2008
5,6,Dilhara Fernando,4,18,4,6.00,RCB,M. Chinnaswamy Stadium,28 May 2008
6,7,Makhaya Ntini,4,21,4,6.00,KKR,Eden Gardens,18 May 2008
7,8,Umar Gul,4,23,4,6.00,KXIP,Eden Gardens,25 May 2008
8,9,Glenn McGrath,4,29,4,6.00,RCB,Feroz Shah Kotla Ground,30 April 2008
9,10,Albie Morkel,4,32,4,6.00,RCB,Chidambaram,21 May 2008
10,11,Yo Mahesh,4,36,4,6.00,MI,Feroz Shah Kotla Ground,24 May 2008
11,12,Laxmi Ratan Shukla,0.5,6,3,1.66,DC,Eden Gardens,13 May 2008
12,13,Sohail Tanvir,4,10,3,8.00,RCB,Sawai Mansingh Stadium,17 May 2008
13,14,Shane Watson,3,10,3,6.00,DC,Wankhede Stadium,30 May 2008
14,15,Shaun Pollock,4,12,3,8.00,KKR,Wankhede Stadium,16 May 2008
15,16,Ashish Nehra,3,13,3,6.00,RR,DY Patil Stadium,07 May 2008
16,17,Sanath Jayasuriya,4,14,3,8.00,KKR,Eden Gardens,29 April 2008
17,18,Anil Kumble,4,14,3,8.00,CSK,Chidambaram,21 May 2008
18,19,Munaf Patel,4,17,3,8.00,DC,Wankhede Stadium,30 May 2008
19,20,Murali Kartik,3.4,17,3,7.33,DEC,Eden Gardens,20 April 2008
20,21,Shane Warne,4,19,3,8.00,KXIP,Sawai Mansingh Stadium,21 April 2008
21,22,Yusuf Pathan,4,22,3,8.00,CSK,DY Patil Stadium,01 June 2008
22,23,Shane Warne,4,23,3,8.00,RCB,Sawai Mansingh Stadium,17 May 2008
23,24,Praveen Kumar,4,23,3,8.00,DEC,M. Chinnaswamy Stadium,03 May 2008
24,25,Dwayne Bravo,4,24,3,8.00,DEC,Rajiv Gandhi Intl. Cricket Stadium,18 May 2008
25,26,Piyush Chawla,4,25,3,8.00,RCB,M. Chinnaswamy Stadium,05 May 2008
26,27,Ashish Nehra,4,25,3,8.00,DC,DY Patil Stadium,04 May 2008
27,28,Ajit Agarkar,4,25,3,8.00,RCB,M. Chinnaswamy Stadium,18 April 2008
28,29,Sohail Tanvir,4,26,3,8.00,KKR,Eden Gardens,20 May 2008
29,30,Dwayne Smith,4,26,3,8.00,RCB,M. Chinnaswamy Stadium,28 May 2008
30,31,Vinay Kumar,4,27,3,8.00,DEC,Rajiv Gandhi Intl. Cricket Stadium,25 May 2008
31,32,Dale Steyn,4,27,3,8.00,KKR,Eden Gardens,08 May 2008
32,33,Piyush Chawla,4,28,3,8.00,DEC,Rajiv Gandhi Intl. Cricket Stadium,01 May 2008
33,34,Shahid Afridi,4,28,3,8.00,RR,Rajiv Gandhi Intl. Cricket Stadium,24 April 2008
34,35,VRV Singh,4,29,3,8.00,DC,IS Bindra Stadium,27 April 2008
35,36,Shanthakumaran Sreesanth,4,29,3,8.00,RCB,IS Bindra Stadium,12 May 2008
36,37,Umar Gul,4,31,3,8.00,RR,Sawai Mansingh Stadium,01 May 2008
37,38,Jacob Oram,4,32,3,8.00,KKR,Chidambaram,26 April 2008
38,39,Harbhajan Singh,4,32,3,8.00,KXIP,IS Bindra Stadium,25 April 2008
39,40,Yo Mahesh,4,33,3,8.00,MI,DY Patil Stadium,04 May 2008
40,41,Dhawal Kulkarni,4,33,3,8.00,CSK,Wankhede Stadium,14 May 2008
41,42,Ashok Dinda,4,33,3,8.00,DEC,Rajiv Gandhi Intl. Cricket Stadium,11 May 2008
42,43,Sohail Tanvir,4,33,3,8.00,CSK,Chidambaram,24 May 2008
43,44,MF Maharoof,4,34,3,8.00,RR,Wankhede Stadium,30 May 2008
44,45,Manpreet Gony,4,34,3,8.00,RCB,M. Chinnaswamy Stadium,28 April 2008
45,46,RP Singh,4,35,3,8.00,MI,Rajiv Gandhi Intl. Cricket Stadium,18 May 2008
46,47,Piyush Chawla,4,35,3,8.00,RR,IS Bindra Stadium,28 May 2008
47,48,Zaheer Khan,4,38,3,8.00,CSK,M. Chinnaswamy Stadium,28 April 2008
48,49,RP Singh,4,41,3,8.00,RCB,M. Chinnaswamy Stadium,03 May 2008
49,50,James Hopes,1,2,2,3.00,DC,Feroz Shah Kotla Ground,17 May 2008
50,51,Dominic Thornely,3,7,2,9.00,KKR,Wankhede Stadium,16 May 2008
51,52,Ishant Sharma,4,9,2,12.00,RCB,M. Chinnaswamy Stadium,18 April 2008
52,53,Chaminda Vaas,3,9,2,9.00,KKR,Eden Gardens,20 April 2008
53,54,MF Maharoof,4,11,2,12.00,RR,Feroz Shah Kotla Ground,19 April 2008
54,55,Manpreet Gony,4,11,2,12.00,RCB,Chidambaram,21 May 2008
55,56,RP Singh,3,12,2,9.00,CSK,Chidambaram,06 May 2008
56,57,Dwayne Bravo,2.2,12,2,7.00,RR,DY Patil Stadium,07 May 2008
57,58,Yuvraj Singh,2,12,2,6.00,MI,Wankhede Stadium,21 May 2008
58,59,MF Maharoof,4,13,2,12.00,RCB,M. Chinnaswamy Stadium,19 May 2008
59,60,Dwayne Bravo,3,13,2,9.00,KKR,Wankhede Stadium,16 May 2008
60,61,Manpreet Gony,4,14,2,12.00,KXIP,Wankhede Stadium,31 May 2008
61,62,Glenn McGrath,4,15,2,12.00,RCB,M. Chinnaswamy Stadium,19 May 2008
62,63,RP Singh,4,15,2,12.00,MI,DY Patil Stadium,27 April 2008
63,64,Shaun Pollock,4,16,2,12.00,DC,DY Patil Stadium,04 May 2008
64,65,Shanthakumaran Sreesanth,4,16,2,12.00,RCB,M. Chinnaswamy Stadium,05 May 2008
65,66,Munaf Patel,4,16,2,12.00,CSK,Sawai Mansingh Stadium,04 May 2008
66,67,Piyush Chawla,4,16,2,12.00,MI,IS Bindra Stadium,25 April 2008
67,68,RR Raje,2.2,16,2,7.00,KKR,Wankhede Stadium,16 May 2008
68,69,Rajat Bhatia,4,17,2,12.00,RR,Feroz Shah Kotla Ground,19 April 2008
69,70,Zaheer Khan,4,17,2,12.00,MI,Wankhede Stadium,20 April 2008
70,71,Balachandra Akhil,3,17,2,9.00,MI,Wankhede Stadium,20 April 2008
71,72,Pragyan Ojha,4,18,2,12.00,KKR,Eden Gardens,20 April 2008
72,73,Irfan Pathan,4,18,2,12.00,KKR,IS Bindra Stadium,03 May 2008
73,74,Anil Kumble,4,18,2,12.00,DC,M. Chinnaswamy Stadium,19 May 2008
74,75,Dhawal Kulkarni,2.5,18,2,8.50,DC,DY Patil Stadium,04 May 2008
75,76,Irfan Pathan,4,19,2,12.00,MI,IS Bindra Stadium,25 April 2008
76,77,Mohammad Asif,4,19,2,12.00,DEC,Rajiv Gandhi Intl. Cricket Stadium,22 April 2008
77,78,Dale Steyn,4,19,2,12.00,DEC,Rajiv Gandhi Intl. Cricket Stadium,25 May 2008
78,79,RR Raje,3,19,2,9.00,RR,DY Patil Stadium,07 May 2008
79,80,Ajit Agarkar,2,19,2,6.00,DEC,Eden Gardens,20 April 2008
80,81,Pragyan Ojha,2,19,2,6.00,DC,Feroz Shah Kotla Ground,15 May 2008
81,82,Shane Warne,4,20,2,12.00,DEC,Sawai Mansingh Stadium,09 May 2008
82,83,Shane Watson,4,20,2,12.00,RCB,M. Chinnaswamy Stadium,26 April 2008
83,84,Munaf Patel,3,20,2,9.00,RCB,M. Chinnaswamy Stadium,26 April 2008
84,85,Yusuf Pathan,2,20,2,6.00,DEC,Rajiv Gandhi Intl. Cricket Stadium,24 April 2008
85,86,Munaf Patel,4,21,2,12.00,RCB,Sawai Mansingh Stadium,17 May 2008
86,87,Shane Watson,4,21,2,12.00,DC,Sawai Mansingh Stadium,11 May 2008
87,88,Sourav Ganguly,4,21,2,12.00,RCB,M. Chinnaswamy Stadium,18 April 2008
88,89,Shane Warne,4,21,2,12.00,DC,Wankhede Stadium,30 May 2008
89,90,Dhawal Kulkarni,3,21,2,9.00,RR,DY Patil Stadium,07 May 2008
90,91,Praveen Kumar,4,22,2,12.00,KXIP,M. Chinnaswamy Stadium,05 May 2008
91,92,Munaf Patel,4,22,2,12.00,KKR,Eden Gardens,20 May 2008
92,93,Shane Watson,3.1,22,2,9.50,KKR,Sawai Mansingh Stadium,01 May 2008
93,94,Dwayne Smith,3,22,2,9.00,DC,Feroz Shah Kotla Ground,24 May 2008
94,95,Ashish Nehra,3,22,2,9.00,KXIP,IS Bindra Stadium,25 April 2008
95,96,Ramesh Powar,2,22,2,6.00,DC,Feroz Shah Kotla Ground,17 May 2008
96,97,Shahid Afridi,4,23,2,12.00,MI,Rajiv Gandhi Intl. Cricket Stadium,18 May 2008
97,98,Makhaya Ntini,4,23,2,12.00,KXIP,Wankhede Stadium,31 May 2008
98,99,Zaheer Khan,4,24,2,12.00,DEC,M. Chinnaswamy Stadium,03 May 2008
99,100,MF Maharoof,4,25,2,12.00,KKR,Eden Gardens,13 May 2008
