,POS,PLAYER,"
                                HS
                            ","
                                BF
                            ","
                                4s
                            ","
                                6s
                            ","
                                SR
                            ","
                                Against
                            ","
                                Venue
                            ","
                                Match Date
                            "
0,1,Brendon McCullum,158*,73,10,13,216.43,RCB,M. Chinnaswamy Stadium,18 April 2008
1,2,Andrew Symonds,117*,53,11,7,220.75,RR,Rajiv Gandhi Intl. Cricket Stadium,24 April 2008
2,3,Michael Hussey,116*,54,8,9,214.81,KXIP,IS Bindra Stadium,19 April 2008
3,4,Shaun Marsh,115,69,11,7,166.66,RR,IS Bindra Stadium,28 May 2008
4,5,Sanath Jayasuriya,114*,48,9,11,237.50,CSK,Wankhede Stadium,14 May 2008
5,6,Adam Gilchrist,109*,47,9,10,231.91,MI,DY Patil Stadium,27 April 2008
6,7,Virender Sehwag,94*,41,10,6,229.26,DEC,Rajiv Gandhi Intl. Cricket Stadium,22 April 2008
7,8,Kumar Sangakkara,94,56,13,1,167.85,MI,IS Bindra Stadium,25 April 2008
8,9,Graeme Smith,91,51,9,4,178.43,CSK,Chidambaram,24 May 2008
9,10,Sourav Ganguly,91,57,11,5,159.64,DEC,Rajiv Gandhi Intl. Cricket Stadium,11 May 2008
10,11,Sourav Ganguly,86*,53,6,6,162.26,KXIP,Eden Gardens,25 May 2008
11,12,Gautam Gambhir,86,54,11,1,159.25,RCB,Feroz Shah Kotla Ground,30 April 2008
12,13,Shaun Marsh,84*,62,11,1,135.48,DEC,Rajiv Gandhi Intl. Cricket Stadium,01 May 2008
13,14,Matthew Hayden,81,46,12,2,176.08,MI,Chidambaram,23 April 2008
14,15,Shaun Marsh,81,56,7,4,144.64,MI,Wankhede Stadium,21 May 2008
15,16,Gautam Gambhir,80,49,11,1,163.26,CSK,Feroz Shah Kotla Ground,08 May 2008
16,17,Luke Pomersbach,79*,50,10,3,158.00,MI,Wankhede Stadium,21 May 2008
17,18,Gautam Gambhir,79,48,7,3,164.58,DEC,Feroz Shah Kotla Ground,15 May 2008
18,19,Rohit Sharma,76*,42,10,2,180.95,KXIP,Rajiv Gandhi Intl. Cricket Stadium,01 May 2008
19,20,Shane Watson,76*,49,5,5,155.10,KXIP,Sawai Mansingh Stadium,21 April 2008
20,21,Rahul Dravid,75*,36,6,6,208.33,RR,Sawai Mansingh Stadium,17 May 2008
21,22,Graeme Smith,75*,49,8,2,153.06,RCB,Sawai Mansingh Stadium,17 May 2008
22,23,Simon Katich,75,52,11,1,144.23,DC,IS Bindra Stadium,27 April 2008
23,24,Shaun Marsh,74*,51,9,2,145.09,RCB,IS Bindra Stadium,12 May 2008
24,25,Shane Watson,74,40,5,5,185.00,DC,Sawai Mansingh Stadium,11 May 2008
25,26,Salman Butt,73,54,10,1,135.18,CSK,Eden Gardens,18 May 2008
26,27,Venugopal Rao,71*,42,4,6,169.04,KKR,Rajiv Gandhi Intl. Cricket Stadium,11 May 2008
27,28,James Hopes,71,33,10,3,215.15,CSK,IS Bindra Stadium,19 April 2008
28,29,Albie Morkel,71,40,6,4,177.50,RR,Chidambaram,24 May 2008
29,30,Virender Sehwag,71,41,7,4,173.17,CSK,Chidambaram,02 May 2008
30,31,Graeme Smith,71,45,9,2,157.77,DEC,Rajiv Gandhi Intl. Cricket Stadium,24 April 2008
31,32,David Hussey,71,46,4,4,154.34,KXIP,IS Bindra Stadium,03 May 2008
32,33,Matthew Hayden,70*,49,6,3,142.85,KKR,Chidambaram,26 April 2008
33,34,Sanath Jayasuriya,70,42,7,5,166.66,DC,Feroz Shah Kotla Ground,24 May 2008
34,35,Shikhar Dhawan,68*,52,8,0,130.76,DEC,Feroz Shah Kotla Ground,15 May 2008
35,36,Yusuf Pathan,68,37,9,2,183.78,DEC,Sawai Mansingh Stadium,09 May 2008
36,37,Rohit Sharma,66,36,6,4,183.33,DC,Rajiv Gandhi Intl. Cricket Stadium,22 April 2008
37,38,Rahul Dravid,66,51,9,1,129.41,KXIP,M. Chinnaswamy Stadium,05 May 2008
38,39,MS Dhoni,65,30,9,3,216.66,RCB,M. Chinnaswamy Stadium,28 April 2008
39,40,Sachin Tendulkar,65,46,12,0,141.30,KXIP,Wankhede Stadium,21 May 2008
40,41,Dwayne Bravo,64*,53,8,1,120.75,KKR,Eden Gardens,29 April 2008
41,42,Kumar Sangakkara,64,45,7,2,142.22,KKR,Eden Gardens,25 May 2008
42,43,Subramaniam Badrinath,64,47,6,3,136.17,KXIP,Chidambaram,10 May 2008
43,44,Shane Watson,61*,41,8,2,148.78,RCB,M. Chinnaswamy Stadium,26 April 2008
44,45,Yusuf Pathan,61,28,4,6,217.85,DEC,Rajiv Gandhi Intl. Cricket Stadium,24 April 2008
45,46,Adam Gilchrist,61,49,9,1,124.48,RR,Sawai Mansingh Stadium,09 May 2008
46,47,MS Dhoni,60*,43,2,4,139.53,KXIP,Chidambaram,10 May 2008
47,48,SA Asnodkar,60,34,10,1,176.47,KKR,Sawai Mansingh Stadium,01 May 2008
48,49,Shaun Marsh,60,46,3,3,130.43,DEC,IS Bindra Stadium,23 May 2008
49,50,Wriddhiman Saha,59*,32,2,4,184.37,KXIP,IS Bindra Stadium,03 May 2008
50,51,Shikhar Dhawan,59,46,6,2,128.26,CSK,Feroz Shah Kotla Ground,08 May 2008
51,52,Gautam Gambhir,58*,46,7,1,126.08,RR,Feroz Shah Kotla Ground,19 April 2008
52,53,Shaun Marsh,58,38,3,4,152.63,CSK,Chidambaram,10 May 2008
53,54,David Hussey,57*,29,4,3,196.55,DEC,Rajiv Gandhi Intl. Cricket Stadium,11 May 2008
54,55,Yuvraj Singh,57,34,6,3,167.64,RR,Sawai Mansingh Stadium,21 April 2008
55,56,Venugopal Rao,57,38,4,3,150.00,MI,Rajiv Gandhi Intl. Cricket Stadium,18 May 2008
56,57,NK Patel,57,39,10,0,146.15,KXIP,IS Bindra Stadium,28 May 2008
57,58,Rohit Sharma,57,42,5,3,135.71,RCB,M. Chinnaswamy Stadium,03 May 2008
58,59,Dinesh Karthik,56*,32,4,3,175.00,MI,Feroz Shah Kotla Ground,24 May 2008
59,60,Yusuf Pathan,56,39,3,4,143.58,CSK,DY Patil Stadium,01 June 2008
60,61,Suresh Raina,55*,34,4,4,161.76,KXIP,Wankhede Stadium,31 May 2008
61,62,Yusuf Pathan,55,33,6,2,166.66,KKR,Sawai Mansingh Stadium,01 May 2008
62,63,Suresh Raina,54*,43,5,2,125.58,DEC,Rajiv Gandhi Intl. Cricket Stadium,27 May 2008
63,64,Kumar Sangakkara,54,33,5,2,163.63,CSK,IS Bindra Stadium,19 April 2008
64,65,Adam Gilchrist,54,36,7,2,150.00,CSK,Chidambaram,06 May 2008
65,66,Sanath Jayasuriya,54,37,4,4,145.94,RCB,M. Chinnaswamy Stadium,28 May 2008
66,67,S Vidyut,54,37,7,1,145.94,DC,Chidambaram,02 May 2008
67,68,Parthiv Patel,54,40,5,2,135.00,RR,Chidambaram,24 May 2008
68,69,Jacques Kallis,54,44,6,1,122.72,DC,Feroz Shah Kotla Ground,30 April 2008
69,70,Kamran Akmal,53*,28,4,3,189.28,CSK,Chidambaram,24 May 2008
70,71,Subramaniam Badrinath,53,33,7,2,160.60,MI,Wankhede Stadium,14 May 2008
71,72,Ross Taylor,53,34,3,3,155.88,CSK,M. Chinnaswamy Stadium,28 April 2008
72,73,Suresh Raina,53,37,3,3,143.24,MI,Chidambaram,23 April 2008
73,74,Shikhar Dhawan,52*,41,8,0,126.82,RR,Feroz Shah Kotla Ground,19 April 2008
74,75,Shane Watson,52,29,4,3,179.31,DC,Wankhede Stadium,30 May 2008
75,76,Shreevats Goswami,52,42,7,1,123.80,DC,M. Chinnaswamy Stadium,19 May 2008
76,77,VVS Laxman,52,44,7,0,118.18,RCB,M. Chinnaswamy Stadium,03 May 2008
77,78,Virender Sehwag,51*,26,2,5,196.15,KXIP,Feroz Shah Kotla Ground,17 May 2008
78,79,Parthiv Patel,51*,48,8,0,106.25,KXIP,Wankhede Stadium,31 May 2008
79,80,James Hopes,51,35,7,1,145.71,RR,IS Bindra Stadium,28 May 2008
80,81,Sourav Ganguly,51,39,4,2,130.76,RR,Sawai Mansingh Stadium,01 May 2008
81,82,Mark Boucher,50*,40,5,1,125.00,KKR,Eden Gardens,08 May 2008
82,83,Kumar Sangakkara,50,25,7,2,200.00,DEC,IS Bindra Stadium,23 May 2008
83,84,Rohit Sharma,50,27,3,4,185.18,KXIP,IS Bindra Stadium,23 May 2008
84,85,Shikhar Dhawan,50,33,4,3,151.51,RCB,Feroz Shah Kotla Ground,30 April 2008
85,86,W Jaffer,50,33,5,2,151.51,CSK,M. Chinnaswamy Stadium,28 April 2008
86,87,Gautam Gambhir,50,37,5,1,135.13,CSK,Chidambaram,02 May 2008
87,88,Adam Gilchrist,50,42,6,1,119.04,KXIP,IS Bindra Stadium,23 May 2008
88,89,SA Asnodkar,50,44,7,1,113.63,RCB,Sawai Mansingh Stadium,17 May 2008
89,90,Yuvraj Singh,49,16,2,6,306.25,RR,IS Bindra Stadium,28 May 2008
90,91,Graeme Smith,49,42,8,0,116.66,RCB,M. Chinnaswamy Stadium,26 April 2008
91,92,Sanath Jayasuriya,48*,17,6,3,282.35,KKR,Wankhede Stadium,16 May 2008
92,93,Yusuf Pathan,48*,18,5,3,266.66,KKR,Eden Gardens,20 May 2008
93,94,VVS Laxman,48,34,8,0,141.17,KXIP,Rajiv Gandhi Intl. Cricket Stadium,01 May 2008
94,95,Robin Uthappa,48,38,5,1,126.31,RCB,Wankhede Stadium,20 April 2008
95,96,Salman Butt,48,44,7,0,109.09,DC,Eden Gardens,13 May 2008
96,97,Misbah-ul-Haq,47*,25,2,4,188.00,DC,M. Chinnaswamy Stadium,19 May 2008
97,98,Virender Sehwag,47,19,9,1,247.36,RCB,M. Chinnaswamy Stadium,19 May 2008
98,99,Herschelle Gibbs,47,34,6,2,138.23,RCB,Rajiv Gandhi Intl. Cricket Stadium,25 May 2008
99,100,Michael Hussey,47,37,3,2,127.02,RCB,M. Chinnaswamy Stadium,28 April 2008
