,POS,PLAYER,"
                                Ov
                            ","
                                Maid
                            ","
                                Dots
                            ","
                                Runs
                            ","
                                Wkts
                            ","
                                SR
                            ","
                                Against
                            ","
                                Venue
                            ","
                                Match Date
                            "
0,1,Sohail Tanvir,4,0,18,10,3,8.00,RCB,Sawai Mansingh Stadium,17 May 2008
1,2,Dale Steyn,4,0,18,28,2,12.00,CSK,Chidambaram,21 May 2008
2,3,Shaun Pollock,4,1,17,9,1,24.00,CSK,Wankhede Stadium,14 May 2008
3,4,Brett Lee,4,0,17,9,1,24.00,MI,IS Bindra Stadium,25 April 2008
4,5,Irfan Pathan,4,0,17,10,1,24.00,RR,IS Bindra Stadium,28 May 2008
5,6,Shaun Pollock,4,0,17,12,3,8.00,KKR,Wankhede Stadium,16 May 2008
6,7,Dale Steyn,4,0,17,14,1,24.00,MI,M. Chinnaswamy Stadium,28 May 2008
7,8,Shanthakumaran Sreesanth,4,0,17,16,2,12.00,RCB,M. Chinnaswamy Stadium,05 May 2008
8,9,Shane Watson,4,0,17,19,1,24.00,CSK,Sawai Mansingh Stadium,04 May 2008
9,10,Vinay Kumar,4,0,17,27,3,8.00,DEC,Rajiv Gandhi Intl. Cricket Stadium,25 May 2008
10,11,Glenn McGrath,4,0,16,12,0,-,RR,Sawai Mansingh Stadium,11 May 2008
11,12,Sohail Tanvir,4,0,16,14,6,4.00,CSK,Sawai Mansingh Stadium,04 May 2008
12,13,Manpreet Gony,4,1,16,14,2,12.00,KXIP,Wankhede Stadium,31 May 2008
13,14,Glenn McGrath,4,0,16,15,2,12.00,RCB,M. Chinnaswamy Stadium,19 May 2008
14,15,Munaf Patel,4,0,16,17,3,8.00,DC,Wankhede Stadium,30 May 2008
15,16,Dilhara Fernando,4,0,16,18,4,6.00,RCB,M. Chinnaswamy Stadium,28 May 2008
16,17,Mohammad Asif,4,0,16,19,2,12.00,DEC,Rajiv Gandhi Intl. Cricket Stadium,22 April 2008
17,18,Glenn McGrath,4,1,16,21,1,24.00,RR,Feroz Shah Kotla Ground,19 April 2008
18,19,Ashok Dinda,4,0,15,12,1,24.00,MI,Eden Gardens,29 April 2008
19,20,Sohail Tanvir,4,0,15,14,4,6.00,MI,Sawai Mansingh Stadium,26 May 2008
20,21,Piyush Chawla,4,0,15,16,2,12.00,MI,IS Bindra Stadium,25 April 2008
21,22,Shaun Pollock,4,0,15,16,2,12.00,DC,DY Patil Stadium,04 May 2008
22,23,Irfan Pathan,4,0,15,18,2,12.00,KKR,IS Bindra Stadium,03 May 2008
23,24,Irfan Pathan,4,1,15,19,2,12.00,MI,IS Bindra Stadium,25 April 2008
24,25,Shane Watson,4,0,15,20,2,12.00,RCB,M. Chinnaswamy Stadium,26 April 2008
25,26,Glenn McGrath,4,1,15,22,0,-,DEC,Rajiv Gandhi Intl. Cricket Stadium,22 April 2008
26,27,Ajit Agarkar,4,0,15,25,3,8.00,RCB,M. Chinnaswamy Stadium,18 April 2008
27,28,Praveen Kumar,4,0,15,26,1,24.00,CSK,Chidambaram,21 May 2008
28,29,Mohammad Hafeez,4,0,14,8,1,24.00,DEC,Eden Gardens,20 April 2008
29,30,Ishant Sharma,4,0,14,9,2,12.00,RCB,M. Chinnaswamy Stadium,18 April 2008
30,31,Muttiah Muralitharan,4,0,14,12,0,-,KKR,Chidambaram,26 April 2008
31,32,Sanath Jayasuriya,4,1,14,14,3,8.00,KKR,Eden Gardens,29 April 2008
32,33,RP Singh,4,1,14,15,2,12.00,MI,DY Patil Stadium,27 April 2008
33,34,Irfan Pathan,3.2,0,14,13,1,20.00,RCB,M. Chinnaswamy Stadium,05 May 2008
34,35,Dale Steyn,4,0,14,16,0,-,KXIP,M. Chinnaswamy Stadium,05 May 2008
35,36,Manpreet Gony,4,1,14,18,1,24.00,MI,Chidambaram,23 April 2008
36,37,Murali Kartik,3.4,0,14,17,3,7.33,DEC,Eden Gardens,20 April 2008
37,38,Scott Styris,4,0,14,19,0,-,KKR,Eden Gardens,20 April 2008
38,39,Makhaya Ntini,4,0,14,21,4,6.00,KKR,Eden Gardens,18 May 2008
39,40,Munaf Patel,4,1,14,22,2,12.00,KKR,Eden Gardens,20 May 2008
40,41,Makhaya Ntini,4,0,14,23,2,12.00,KXIP,Wankhede Stadium,31 May 2008
41,42,Shane Warne,4,1,14,23,1,24.00,RCB,M. Chinnaswamy Stadium,26 April 2008
42,43,Zaheer Khan,4,0,14,24,1,24.00,RR,M. Chinnaswamy Stadium,26 April 2008
43,44,Manpreet Gony,4,1,13,11,2,12.00,RCB,Chidambaram,21 May 2008
44,45,Anil Kumble,4,0,13,14,3,8.00,CSK,Chidambaram,21 May 2008
45,46,Jacques Kallis,4,0,13,15,0,-,CSK,Chidambaram,21 May 2008
46,47,Sohail Tanvir,3.1,0,13,13,0,-,MI,DY Patil Stadium,07 May 2008
47,48,Zaheer Khan,4,0,13,17,2,12.00,MI,Wankhede Stadium,20 April 2008
48,49,Manpreet Gony,4,0,13,17,0,-,KKR,Eden Gardens,18 May 2008
49,50,Muttiah Muralitharan,4,0,13,20,1,24.00,RR,Sawai Mansingh Stadium,04 May 2008
50,51,Dale Steyn,4,0,13,20,0,-,DEC,M. Chinnaswamy Stadium,03 May 2008
51,52,Praveen Kumar,4,1,13,22,2,12.00,KXIP,M. Chinnaswamy Stadium,05 May 2008
52,53,MF Maharoof,4,0,13,22,1,24.00,RR,Sawai Mansingh Stadium,11 May 2008
53,54,Piyush Chawla,4,0,13,22,1,24.00,MI,Wankhede Stadium,21 May 2008
54,55,Umar Gul,4,0,13,23,4,6.00,KXIP,Eden Gardens,25 May 2008
55,56,Ajit Agarkar,4,0,13,23,1,24.00,MI,Eden Gardens,29 April 2008
56,57,Irfan Pathan,4,0,13,24,1,24.00,CSK,Wankhede Stadium,31 May 2008
57,58,RP Singh,4,0,13,24,1,24.00,RR,Sawai Mansingh Stadium,09 May 2008
58,59,Shanthakumaran Sreesanth,4,0,13,25,2,12.00,KKR,IS Bindra Stadium,03 May 2008
59,60,SB Bangar,3,0,13,19,0,-,KKR,Eden Gardens,20 April 2008
60,61,Albie Morkel,4,0,13,26,1,24.00,DEC,Chidambaram,06 May 2008
61,62,Yo Mahesh,4,0,13,31,1,24.00,CSK,Chidambaram,02 May 2008
62,63,Sohail Tanvir,4,0,13,31,0,-,RCB,M. Chinnaswamy Stadium,26 April 2008
63,64,Shane Watson,4,0,13,32,1,24.00,DEC,Rajiv Gandhi Intl. Cricket Stadium,24 April 2008
64,65,Dhawal Kulkarni,4,0,13,33,3,8.00,CSK,Wankhede Stadium,14 May 2008
65,66,Ishant Sharma,3.4,0,13,33,1,22.00,MI,Eden Gardens,29 April 2008
66,67,Dominic Thornely,3,0,12,7,2,9.00,KKR,Wankhede Stadium,16 May 2008
67,68,Ishant Sharma,3,1,12,9,1,18.00,DEC,Eden Gardens,20 April 2008
68,69,Shane Watson,3,0,12,10,3,6.00,DC,Wankhede Stadium,30 May 2008
69,70,Shoaib Akhtar,3,0,12,11,4,4.50,DC,Eden Gardens,13 May 2008
70,71,Munaf Patel,4,0,12,16,2,12.00,CSK,Sawai Mansingh Stadium,04 May 2008
71,72,Rajat Bhatia,4,0,12,17,2,12.00,RR,Feroz Shah Kotla Ground,19 April 2008
72,73,Ashish Nehra,3,0,12,13,3,6.00,RR,DY Patil Stadium,07 May 2008
73,74,Dwayne Bravo,3,1,12,13,2,9.00,KKR,Wankhede Stadium,16 May 2008
74,75,Anil Kumble,4,0,12,18,2,12.00,DC,M. Chinnaswamy Stadium,19 May 2008
75,76,Dale Steyn,4,0,12,19,2,12.00,DEC,Rajiv Gandhi Intl. Cricket Stadium,25 May 2008
76,77,Muttiah Muralitharan,4,0,12,19,1,24.00,KXIP,Wankhede Stadium,31 May 2008
77,78,Ramesh Powar,4,0,12,20,1,24.00,DEC,IS Bindra Stadium,23 May 2008
78,79,Munaf Patel,4,0,12,21,2,12.00,RCB,Sawai Mansingh Stadium,17 May 2008
79,80,Manpreet Gony,4,0,12,21,1,24.00,DEC,Rajiv Gandhi Intl. Cricket Stadium,27 May 2008
80,81,Lakshmipathy Balaji,4,0,12,24,5,4.80,KXIP,Chidambaram,10 May 2008
81,82,Dwayne Bravo,4,0,12,24,3,8.00,DEC,Rajiv Gandhi Intl. Cricket Stadium,18 May 2008
82,83,Makhaya Ntini,4,0,12,24,1,24.00,DEC,Rajiv Gandhi Intl. Cricket Stadium,27 May 2008
83,84,Piyush Chawla,4,0,12,25,3,8.00,RCB,M. Chinnaswamy Stadium,05 May 2008
84,85,Siddharth Trivedi,4,0,12,25,2,12.00,KXIP,Sawai Mansingh Stadium,21 April 2008
85,86,Yo Mahesh,4,0,12,25,0,-,RCB,M. Chinnaswamy Stadium,19 May 2008
86,87,Sohail Tanvir,4,0,12,26,3,8.00,KKR,Eden Gardens,20 May 2008
87,88,Albie Morkel,4,0,12,27,2,12.00,KXIP,Wankhede Stadium,31 May 2008
88,89,Makhaya Ntini,4,0,12,27,0,-,RCB,Chidambaram,21 May 2008
89,90,Zaheer Khan,4,0,12,29,2,12.00,KXIP,M. Chinnaswamy Stadium,05 May 2008
90,91,Siddharth Trivedi,4,0,12,29,1,24.00,RCB,M. Chinnaswamy Stadium,26 April 2008
91,92,Piyush Chawla,4,0,12,29,0,-,DC,IS Bindra Stadium,27 April 2008
92,93,Shanthakumaran Sreesanth,4,0,12,31,2,12.00,MI,IS Bindra Stadium,25 April 2008
93,94,Piyush Chawla,4,0,12,31,0,-,DEC,IS Bindra Stadium,23 May 2008
94,95,RP Singh,4,0,12,32,0,-,CSK,Rajiv Gandhi Intl. Cricket Stadium,27 May 2008
95,96,Ashok Dinda,4,0,12,33,3,8.00,DEC,Rajiv Gandhi Intl. Cricket Stadium,11 May 2008
96,97,RP Singh,4,0,12,35,3,8.00,MI,Rajiv Gandhi Intl. Cricket Stadium,18 May 2008
97,98,Shanthakumaran Sreesanth,4,0,12,35,2,12.00,MI,Wankhede Stadium,21 May 2008
98,99,Brett Lee,4,0,12,35,1,24.00,RR,Sawai Mansingh Stadium,21 April 2008
99,100,Ashish Nehra,4,0,12,35,1,24.00,CSK,Chidambaram,23 April 2008
