,POS,PLAYER,"
                                Ov
                            ","
                                Runs
                            ","
                                Wkts
                            ","
                                SR
                            ","
                                Against
                            ","
                                Venue
                            ","
                                Match Date
                            "
0,1,RP Singh,4,59,1,24.00,KKR,Rajiv Gandhi Intl. Cricket Stadium,11 May 2008
1,2,P Amarnath,4,57,1,24.00,MI,Chidambaram,23 April 2008
2,3,VRV Singh,4,56,0,-,MI,Wankhede Stadium,21 May 2008
3,4,Munaf Patel,4,55,0,-,DEC,Rajiv Gandhi Intl. Cricket Stadium,24 April 2008
4,5,Munaf Patel,4,55,1,24.00,CSK,Chidambaram,24 May 2008
5,6,Jacob Oram,4,53,0,-,MI,Chidambaram,23 April 2008
6,7,James Hopes,4,53,1,24.00,CSK,IS Bindra Stadium,19 April 2008
7,8,Mohammad Asif,4,51,0,-,DEC,Feroz Shah Kotla Ground,15 May 2008
8,9,Pradeep Sangwan,3,51,0,-,RCB,M. Chinnaswamy Stadium,19 May 2008
9,10,RP Singh,4,50,0,-,DC,Feroz Shah Kotla Ground,15 May 2008
10,11,Brett Geeves,4,50,1,24.00,MI,Feroz Shah Kotla Ground,24 May 2008
11,12,Yo Mahesh,4,50,2,12.00,RR,Wankhede Stadium,30 May 2008
12,13,Ishant Sharma,4,49,0,-,KXIP,Eden Gardens,25 May 2008
13,14,Siddharth Trivedi,4,48,0,-,KXIP,IS Bindra Stadium,28 May 2008
14,15,Jacques Kallis,4,48,1,24.00,KKR,M. Chinnaswamy Stadium,18 April 2008
15,16,Pankaj Singh,3,48,0,-,KXIP,IS Bindra Stadium,28 May 2008
16,17,Rajat Bhatia,4,47,0,-,RCB,M. Chinnaswamy Stadium,19 May 2008
17,18,Anil Kumble,4,47,0,-,DEC,M. Chinnaswamy Stadium,03 May 2008
18,19,Shane Warne,4,47,0,-,DC,Sawai Mansingh Stadium,11 May 2008
19,20,Joginder Sharma,4,47,1,24.00,KXIP,IS Bindra Stadium,19 April 2008
20,21,Pragyan Ojha,4,47,1,24.00,RR,Sawai Mansingh Stadium,09 May 2008
21,22,Shane Warne,4,47,2,12.00,DEC,Rajiv Gandhi Intl. Cricket Stadium,24 April 2008
22,23,Irfan Pathan,4,47,2,12.00,CSK,IS Bindra Stadium,19 April 2008
23,24,Zaheer Khan,4,46,0,-,RR,Sawai Mansingh Stadium,17 May 2008
24,25,Ajit Agarkar,4,46,1,24.00,RR,Sawai Mansingh Stadium,01 May 2008
25,26,Mohammad Asif,4,46,1,24.00,MI,DY Patil Stadium,04 May 2008
26,27,Andrew Symonds,2.5,46,0,-,RR,Rajiv Gandhi Intl. Cricket Stadium,24 April 2008
27,28,Anil Kumble,4,45,0,-,MI,M. Chinnaswamy Stadium,28 May 2008
28,29,Ashish Nehra,4,45,1,24.00,RCB,Wankhede Stadium,20 April 2008
29,30,Joginder Sharma,3,45,0,-,DEC,Chidambaram,06 May 2008
30,31,Lakshmipathy Balaji,3,45,0,-,RR,Chidambaram,24 May 2008
31,32,RP Singh,4,44,1,24.00,RR,Rajiv Gandhi Intl. Cricket Stadium,24 April 2008
32,33,Albie Morkel,3,44,0,-,MI,Wankhede Stadium,14 May 2008
33,34,Shanthakumaran Sreesanth,3,44,1,18.00,RR,IS Bindra Stadium,28 May 2008
34,35,Makhaya Ntini,4,43,0,-,RR,Chidambaram,24 May 2008
35,36,VS Yeligati,4,43,0,-,KXIP,Wankhede Stadium,21 May 2008
36,37,Umar Gul,4,43,1,24.00,DEC,Rajiv Gandhi Intl. Cricket Stadium,11 May 2008
37,38,Gajendra Singh,4,43,1,24.00,KXIP,IS Bindra Stadium,03 May 2008
38,39,Jacques Kallis,3,43,0,-,MI,Wankhede Stadium,20 April 2008
39,40,Lakshmipathy Balaji,4,42,0,-,RR,DY Patil Stadium,01 June 2008
40,41,Mohammad Asif,4,42,0,-,RCB,Feroz Shah Kotla Ground,30 April 2008
41,42,Zaheer Khan,4,42,1,24.00,DC,Feroz Shah Kotla Ground,30 April 2008
42,43,Chaminda Vaas,4,42,1,24.00,RR,Rajiv Gandhi Intl. Cricket Stadium,24 April 2008
43,44,Manpreet Gony,4,42,1,24.00,KXIP,IS Bindra Stadium,19 April 2008
44,45,P Amarnath,4,42,1,24.00,KXIP,IS Bindra Stadium,19 April 2008
45,46,Glenn McGrath,4,42,2,12.00,DEC,Feroz Shah Kotla Ground,15 May 2008
46,47,Praveen Kumar,3,42,1,18.00,RR,M. Chinnaswamy Stadium,26 April 2008
47,48,Muttiah Muralitharan,4,41,0,-,KKR,Eden Gardens,18 May 2008
48,49,Ishant Sharma,4,41,0,-,KXIP,IS Bindra Stadium,03 May 2008
49,50,Vinay Kumar,4,41,0,-,MI,Wankhede Stadium,20 April 2008
50,51,Brett Geeves,4,41,0,-,RR,Feroz Shah Kotla Ground,19 April 2008
51,52,Dilhara Fernando,4,41,1,24.00,KKR,Eden Gardens,29 April 2008
52,53,RP Singh,4,41,3,8.00,RCB,M. Chinnaswamy Stadium,03 May 2008
53,54,Pradeep Sangwan,4,40,0,-,CSK,Chidambaram,02 May 2008
54,55,Dale Steyn,4,40,0,-,CSK,M. Chinnaswamy Stadium,28 April 2008
55,56,Albie Morkel,4,40,0,-,DC,Chidambaram,02 May 2008
56,57,VRV Singh,4,40,1,24.00,MI,IS Bindra Stadium,25 April 2008
57,58,Sohail Tanvir,4,40,1,24.00,CSK,DY Patil Stadium,01 June 2008
58,59,Shaun Pollock,4,40,1,24.00,KXIP,IS Bindra Stadium,25 April 2008
59,60,Ashley Noffke,4,40,1,24.00,KKR,M. Chinnaswamy Stadium,18 April 2008
60,61,VRV Singh,4,40,1,24.00,DEC,IS Bindra Stadium,23 May 2008
61,62,Shane Watson,4,40,1,24.00,KXIP,IS Bindra Stadium,28 May 2008
62,63,Yo Mahesh,4,40,2,12.00,CSK,Feroz Shah Kotla Ground,08 May 2008
63,64,Manpreet Gony,4,40,2,12.00,KKR,Chidambaram,26 April 2008
64,65,Siddharth Chitnis,4,40,2,12.00,KXIP,Wankhede Stadium,21 May 2008
65,66,Muttiah Muralitharan,4,40,2,12.00,MI,Chidambaram,23 April 2008
66,67,Shane Watson,4,39,0,-,KXIP,Sawai Mansingh Stadium,21 April 2008
67,68,Jacques Kallis,4,39,0,-,RR,Sawai Mansingh Stadium,17 May 2008
68,69,Glenn McGrath,4,39,0,-,MI,Feroz Shah Kotla Ground,24 May 2008
69,70,Sohail Tanvir,4,39,0,-,DEC,Sawai Mansingh Stadium,09 May 2008
70,71,Manpreet Gony,4,39,1,24.00,DC,Chidambaram,02 May 2008
71,72,Sanath Jayasuriya,4,39,1,24.00,RCB,Wankhede Stadium,20 April 2008
72,73,Muttiah Muralitharan,4,39,2,12.00,RR,DY Patil Stadium,01 June 2008
73,74,Jacques Kallis,4,39,2,12.00,DC,Feroz Shah Kotla Ground,30 April 2008
74,75,Mohammad Asif,4,39,2,12.00,KXIP,IS Bindra Stadium,27 April 2008
75,76,MF Maharoof,4,39,2,12.00,DEC,Feroz Shah Kotla Ground,15 May 2008
76,77,Balachandra Akhil,3,39,0,-,DEC,Rajiv Gandhi Intl. Cricket Stadium,25 May 2008
77,78,Glenn McGrath,4,38,0,-,RR,Wankhede Stadium,30 May 2008
78,79,Praveen Kumar,4,38,0,-,KKR,M. Chinnaswamy Stadium,18 April 2008
79,80,Albie Morkel,4,38,1,24.00,RCB,M. Chinnaswamy Stadium,28 April 2008
80,81,Zaheer Khan,4,38,1,24.00,KKR,M. Chinnaswamy Stadium,18 April 2008
81,82,Manpreet Gony,4,38,1,24.00,KXIP,Chidambaram,10 May 2008
82,83,P Amarnath,4,38,2,12.00,RCB,M. Chinnaswamy Stadium,28 April 2008
83,84,Dilhara Fernando,4,38,2,12.00,DEC,Rajiv Gandhi Intl. Cricket Stadium,18 May 2008
84,85,Zaheer Khan,4,38,3,8.00,CSK,M. Chinnaswamy Stadium,28 April 2008
85,86,Shanthakumaran Sreesanth,3.1,38,1,19.00,RR,Sawai Mansingh Stadium,21 April 2008
86,87,Irfan Pathan,4,37,0,-,MI,Wankhede Stadium,21 May 2008
87,88,Jacob Oram,4,37,0,-,KXIP,IS Bindra Stadium,19 April 2008
88,89,Munaf Patel,4,37,0,-,KXIP,IS Bindra Stadium,28 May 2008
89,90,Makhaya Ntini,4,37,0,-,DEC,Chidambaram,06 May 2008
90,91,Gajendra Singh,4,37,1,24.00,DEC,Rajiv Gandhi Intl. Cricket Stadium,01 May 2008
91,92,RR Raje,4,37,1,24.00,RR,Sawai Mansingh Stadium,26 May 2008
92,93,Albie Morkel,4,37,2,12.00,DEC,Rajiv Gandhi Intl. Cricket Stadium,27 May 2008
93,94,Amit Mishra,4,37,2,12.00,RR,Wankhede Stadium,30 May 2008
94,95,Dhawal Kulkarni,4,37,2,12.00,KXIP,IS Bindra Stadium,25 April 2008
95,96,Dwayne Bravo,4,37,2,12.00,CSK,Wankhede Stadium,14 May 2008
96,97,RP Singh,3.3,37,0,-,KXIP,IS Bindra Stadium,23 May 2008
97,98,Zaheer Khan,3,37,0,-,DC,M. Chinnaswamy Stadium,19 May 2008
98,99,DNT Zoysa,3,37,0,-,MI,Rajiv Gandhi Intl. Cricket Stadium,18 May 2008
99,100,Siddharth Trivedi,3,37,0,-,DEC,Rajiv Gandhi Intl. Cricket Stadium,24 April 2008
