,POS,PLAYER,"
                                Runs
                            ","
                                BF
                            ","
                                4s
                            ","
                                6s
                            ","
                                SR
                            ","
                                Against
                            ","
                                Venue
                            ","
                                Match Date
                            "
0,1,Brendon McCullum,158,73,10,13,216.43,RCB,M. Chinnaswamy Stadium,18 April 2008
1,2,Sanath Jayasuriya,114,48,9,11,237.50,CSK,Wankhede Stadium,14 May 2008
2,3,Adam Gilchrist,109,47,9,10,231.91,MI,DY Patil Stadium,27 April 2008
3,4,Michael Hussey,116,54,8,9,214.81,KXIP,IS Bindra Stadium,19 April 2008
4,5,Andrew Symonds,117,53,11,7,220.75,RR,Rajiv Gandhi Intl. Cricket Stadium,24 April 2008
5,6,Shaun Marsh,115,69,11,7,166.66,RR,IS Bindra Stadium,28 May 2008
6,7,Yuvraj Singh,49,16,2,6,306.25,RR,IS Bindra Stadium,28 May 2008
7,8,Virender Sehwag,94,41,10,6,229.26,DEC,Rajiv Gandhi Intl. Cricket Stadium,22 April 2008
8,9,Yusuf Pathan,61,28,4,6,217.85,DEC,Rajiv Gandhi Intl. Cricket Stadium,24 April 2008
9,10,Rahul Dravid,75,36,6,6,208.33,RR,Sawai Mansingh Stadium,17 May 2008
10,11,Venugopal Rao,71,42,4,6,169.04,KKR,Rajiv Gandhi Intl. Cricket Stadium,11 May 2008
11,12,Sourav Ganguly,86,53,6,6,162.26,KXIP,Eden Gardens,25 May 2008
12,13,Virender Sehwag,51,26,2,5,196.15,KXIP,Feroz Shah Kotla Ground,17 May 2008
13,14,Shane Watson,74,40,5,5,185.00,DC,Sawai Mansingh Stadium,11 May 2008
14,15,Sanath Jayasuriya,70,42,7,5,166.66,DC,Feroz Shah Kotla Ground,24 May 2008
15,16,Sourav Ganguly,91,57,11,5,159.64,DEC,Rajiv Gandhi Intl. Cricket Stadium,11 May 2008
16,17,Shane Watson,76,49,5,5,155.10,KXIP,Sawai Mansingh Stadium,21 April 2008
17,18,MF Maharoof,39,16,2,4,243.75,RR,Sawai Mansingh Stadium,11 May 2008
18,19,Yusuf Pathan,45,21,3,4,214.28,DC,Wankhede Stadium,30 May 2008
19,20,Misbah-ul-Haq,47,25,2,4,188.00,DC,M. Chinnaswamy Stadium,19 May 2008
20,21,Rohit Sharma,50,27,3,4,185.18,KXIP,IS Bindra Stadium,23 May 2008
21,22,Wriddhiman Saha,59,32,2,4,184.37,KXIP,IS Bindra Stadium,03 May 2008
22,23,Rohit Sharma,66,36,6,4,183.33,DC,Rajiv Gandhi Intl. Cricket Stadium,22 April 2008
23,24,Graeme Smith,91,51,9,4,178.43,CSK,Chidambaram,24 May 2008
24,25,Albie Morkel,71,40,6,4,177.50,RR,Chidambaram,24 May 2008
25,26,Virender Sehwag,71,41,7,4,173.17,CSK,Chidambaram,02 May 2008
26,27,Suresh Raina,55,34,4,4,161.76,KXIP,Wankhede Stadium,31 May 2008
27,28,David Hussey,71,46,4,4,154.34,KXIP,IS Bindra Stadium,03 May 2008
28,29,Shaun Marsh,58,38,3,4,152.63,CSK,Chidambaram,10 May 2008
29,30,Sanath Jayasuriya,54,37,4,4,145.94,RCB,M. Chinnaswamy Stadium,28 May 2008
30,31,Shaun Marsh,81,56,7,4,144.64,MI,Wankhede Stadium,21 May 2008
31,32,Yusuf Pathan,56,39,3,4,143.58,CSK,DY Patil Stadium,01 June 2008
32,33,MS Dhoni,60,43,2,4,139.53,KXIP,Chidambaram,10 May 2008
33,34,Balachandra Akhil,27,7,2,3,385.71,DEC,Rajiv Gandhi Intl. Cricket Stadium,25 May 2008
34,35,Kamran Akmal,24,8,1,3,300.00,KXIP,IS Bindra Stadium,28 May 2008
35,36,Yuvraj Singh,23,8,1,3,287.50,DC,Feroz Shah Kotla Ground,17 May 2008
36,37,Sanath Jayasuriya,48,17,6,3,282.35,KKR,Wankhede Stadium,16 May 2008
37,38,Yusuf Pathan,48,18,5,3,266.66,KKR,Eden Gardens,20 May 2008
38,39,Yusuf Pathan,39,15,3,3,260.00,KXIP,IS Bindra Stadium,28 May 2008
39,40,Suresh Raina,32,13,2,3,246.15,KXIP,IS Bindra Stadium,19 April 2008
40,41,Irfan Pathan,40,18,3,3,222.22,CSK,Chidambaram,10 May 2008
41,42,Shaun Pollock,33,15,2,3,220.00,DC,DY Patil Stadium,04 May 2008
42,43,Ross Taylor,44,20,6,3,220.00,RR,M. Chinnaswamy Stadium,26 April 2008
43,44,Umar Gul,24,11,1,3,218.18,KXIP,Eden Gardens,25 May 2008
44,45,MS Dhoni,65,30,9,3,216.66,RCB,M. Chinnaswamy Stadium,28 April 2008
45,46,David Hussey,26,12,1,3,216.66,RCB,Eden Gardens,08 May 2008
46,47,James Hopes,71,33,10,3,215.15,CSK,IS Bindra Stadium,19 April 2008
47,48,Mohammad Kaif,34,16,2,3,212.50,DEC,Rajiv Gandhi Intl. Cricket Stadium,24 April 2008
48,49,Luke Pomersbach,25,12,0,3,208.33,DC,Feroz Shah Kotla Ground,17 May 2008
49,50,Virender Sehwag,40,20,3,3,200.00,MI,DY Patil Stadium,04 May 2008
50,51,Harbhajan Singh,28,14,1,3,200.00,CSK,Chidambaram,23 April 2008
51,52,Albie Morkel,30,15,2,3,200.00,DC,Feroz Shah Kotla Ground,08 May 2008
52,53,David Hussey,57,29,4,3,196.55,DEC,Rajiv Gandhi Intl. Cricket Stadium,11 May 2008
53,54,Kamran Akmal,53,28,4,3,189.28,CSK,Chidambaram,24 May 2008
54,55,Shane Watson,52,29,4,3,179.31,DC,Wankhede Stadium,30 May 2008
55,56,Abhishek Nayar,34,19,1,3,178.94,DEC,DY Patil Stadium,27 April 2008
56,57,Dinesh Karthik,56,32,4,3,175.00,MI,Feroz Shah Kotla Ground,24 May 2008
57,58,Yuvraj Singh,57,34,6,3,167.64,RR,Sawai Mansingh Stadium,21 April 2008
58,59,Gautam Gambhir,79,48,7,3,164.58,DEC,Feroz Shah Kotla Ground,15 May 2008
59,60,Luke Pomersbach,79,50,10,3,158.00,MI,Wankhede Stadium,21 May 2008
60,61,Ross Taylor,53,34,3,3,155.88,CSK,M. Chinnaswamy Stadium,28 April 2008
61,62,Shikhar Dhawan,50,33,4,3,151.51,RCB,Feroz Shah Kotla Ground,30 April 2008
62,63,Venugopal Rao,57,38,4,3,150.00,MI,Rajiv Gandhi Intl. Cricket Stadium,18 May 2008
63,64,Suresh Raina,53,37,3,3,143.24,MI,Chidambaram,23 April 2008
64,65,Matthew Hayden,70,49,6,3,142.85,KKR,Chidambaram,26 April 2008
65,66,James Hopes,27,19,0,3,142.10,RCB,IS Bindra Stadium,12 May 2008
66,67,Dwaraka Ravi Teja,37,27,2,3,137.03,MI,Rajiv Gandhi Intl. Cricket Stadium,18 May 2008
67,68,Subramaniam Badrinath,64,47,6,3,136.17,KXIP,Chidambaram,10 May 2008
68,69,Rohit Sharma,57,42,5,3,135.71,RCB,M. Chinnaswamy Stadium,03 May 2008
69,70,Shaun Marsh,60,46,3,3,130.43,DEC,IS Bindra Stadium,23 May 2008
70,71,Herschelle Gibbs,44,34,3,3,129.41,KXIP,IS Bindra Stadium,23 May 2008
71,72,Praveen Kumar,34,30,2,3,113.33,RR,M. Chinnaswamy Stadium,26 April 2008
72,73,David Hussey,38,43,1,3,88.37,DEC,Eden Gardens,20 April 2008
73,74,Shahid Afridi,20,6,2,2,333.33,CSK,Chidambaram,06 May 2008
74,75,Manpreet Gony,15,6,0,2,250.00,DEC,Chidambaram,06 May 2008
75,76,Shane Warne,22,9,2,2,244.44,DEC,Rajiv Gandhi Intl. Cricket Stadium,24 April 2008
76,77,SB Bangar,17,7,0,2,242.85,RCB,M. Chinnaswamy Stadium,03 May 2008
77,78,Sanath Jayasuriya,36,15,6,2,240.00,DEC,Rajiv Gandhi Intl. Cricket Stadium,18 May 2008
78,79,Shahid Afridi,33,14,3,2,235.71,DC,Feroz Shah Kotla Ground,15 May 2008
79,80,Shaun Pollock,28,12,3,2,233.33,RCB,Wankhede Stadium,20 April 2008
80,81,Subramaniam Badrinath,31,14,3,2,221.42,KXIP,IS Bindra Stadium,19 April 2008
81,82,Venugopal Rao,26,12,2,2,216.66,RCB,Rajiv Gandhi Intl. Cricket Stadium,25 May 2008
82,83,Mahela Jayawardene,36,17,3,2,211.76,DC,Feroz Shah Kotla Ground,17 May 2008
83,84,Mark Boucher,39,19,4,2,205.26,MI,Wankhede Stadium,20 April 2008
84,85,Brendon McCullum,24,12,2,2,200.00,CSK,Chidambaram,26 April 2008
85,86,Robin Uthappa,46,23,5,2,200.00,DC,Feroz Shah Kotla Ground,24 May 2008
86,87,Kumar Sangakkara,50,25,7,2,200.00,DEC,IS Bindra Stadium,23 May 2008
87,88,Rohit Sharma,35,18,3,2,194.44,DC,Feroz Shah Kotla Ground,15 May 2008
88,89,Ross Taylor,29,15,3,2,193.33,DC,Feroz Shah Kotla Ground,30 April 2008
89,90,Ross Taylor,23,12,1,2,191.66,MI,Wankhede Stadium,20 April 2008
90,91,Venugopal Rao,34,18,3,2,188.88,DC,Feroz Shah Kotla Ground,15 May 2008
91,92,Suresh Raina,45,24,6,2,187.50,RR,Chidambaram,24 May 2008
92,93,Yusuf Pathan,68,37,9,2,183.78,DEC,Sawai Mansingh Stadium,09 May 2008
93,94,Mark Boucher,31,17,2,2,182.35,DC,Feroz Shah Kotla Ground,30 April 2008
94,95,Laxmi Ratan Shukla,40,22,4,2,181.81,MI,Eden Gardens,29 April 2008
95,96,Rohit Sharma,76,42,10,2,180.95,KXIP,Rajiv Gandhi Intl. Cricket Stadium,01 May 2008
96,97,Yuvraj Singh,23,13,1,2,176.92,CSK,IS Bindra Stadium,19 April 2008
97,98,Dwayne Bravo,30,17,2,2,176.47,DEC,Rajiv Gandhi Intl. Cricket Stadium,18 May 2008
98,99,Matthew Hayden,81,46,12,2,176.08,MI,Chidambaram,23 April 2008
99,100,Albie Morkel,28,16,3,2,175.00,DC,Chidambaram,02 May 2008
