,POS,PLAYER,"
                                Runs
                            ","
                                BF
                            ","
                                4s
                            ","
                                6s
                            ","
                                SR
                            ","
                                Against
                            ","
                                Venue
                            ","
                                Match Date
                            "
0,1,Virender Sehwag,30,6,3,3,500.00,DEC,Rajiv Gandhi Intl. Cricket Stadium,22 April 2008
1,2,Sanath Jayasuriya,26,5,2,3,520.00,CSK,Wankhede Stadium,14 May 2008
2,3,MF Maharoof,26,5,0,4,520.00,RR,Sawai Mansingh Stadium,11 May 2008
3,4,Rohit Sharma,26,6,3,2,433.33,DC,Rajiv Gandhi Intl. Cricket Stadium,22 April 2008
4,5,Shane Watson,26,6,5,1,433.33,RCB,M. Chinnaswamy Stadium,26 April 2008
5,6,Misbah-ul-Haq,24,6,1,3,400.00,DC,M. Chinnaswamy Stadium,19 May 2008
6,7,Kamran Akmal,23,6,1,3,383.33,KXIP,IS Bindra Stadium,28 May 2008
7,8,Albie Morkel,23,6,1,3,383.33,DC,Feroz Shah Kotla Ground,08 May 2008
8,9,MS Dhoni,23,6,4,1,383.33,RCB,M. Chinnaswamy Stadium,28 April 2008
9,10,Brendon McCullum,22,6,0,3,366.66,RCB,M. Chinnaswamy Stadium,18 April 2008
10,11,Adam Gilchrist,22,5,1,3,440.00,MI,DY Patil Stadium,27 April 2008
11,12,Venugopal Rao,22,6,1,3,366.66,KKR,Rajiv Gandhi Intl. Cricket Stadium,11 May 2008
12,13,Sanath Jayasuriya,22,5,2,2,440.00,KKR,Wankhede Stadium,16 May 2008
13,14,Rohit Sharma,21,6,1,2,350.00,KXIP,IS Bindra Stadium,23 May 2008
14,15,Virender Sehwag,21,5,2,2,420.00,DEC,Rajiv Gandhi Intl. Cricket Stadium,22 April 2008
15,16,David Hussey,20,6,1,2,333.33,DEC,Rajiv Gandhi Intl. Cricket Stadium,11 May 2008
16,17,Shahid Afridi,20,5,2,2,400.00,CSK,Chidambaram,06 May 2008
17,18,Piyush Chawla,20,5,3,1,400.00,KKR,IS Bindra Stadium,03 May 2008
18,19,Sanath Jayasuriya,20,6,2,2,333.33,CSK,Wankhede Stadium,14 May 2008
19,20,Adam Gilchrist,20,6,2,2,333.33,RCB,Rajiv Gandhi Intl. Cricket Stadium,25 May 2008
20,21,Adam Gilchrist,19,5,1,2,380.00,CSK,Chidambaram,06 May 2008
21,22,Balachandra Akhil,19,4,0,3,475.00,DEC,Rajiv Gandhi Intl. Cricket Stadium,25 May 2008
22,23,Robin Uthappa,19,6,3,1,316.66,CSK,Chidambaram,23 April 2008
23,24,Shaun Marsh,19,5,3,1,380.00,RCB,IS Bindra Stadium,12 May 2008
24,25,Sanath Jayasuriya,19,6,0,3,316.66,CSK,Wankhede Stadium,14 May 2008
25,26,Rohit Sharma,19,5,1,2,380.00,DC,Feroz Shah Kotla Ground,15 May 2008
26,27,Shaun Pollock,19,4,0,3,475.00,DC,DY Patil Stadium,04 May 2008
27,28,Shane Watson,19,5,1,2,380.00,DC,Wankhede Stadium,30 May 2008
28,29,Mohammad Kaif,19,5,0,3,380.00,DEC,Rajiv Gandhi Intl. Cricket Stadium,24 April 2008
29,30,Adam Gilchrist,19,4,0,3,475.00,MI,DY Patil Stadium,27 April 2008
30,31,Virender Sehwag,18,5,3,1,360.00,MI,Feroz Shah Kotla Ground,24 May 2008
31,32,Yuvraj Singh,18,3,0,3,600.00,RR,IS Bindra Stadium,28 May 2008
32,33,Shane Watson,18,8,2,1,225.00,DC,Sawai Mansingh Stadium,11 May 2008
33,34,Shreevats Goswami,18,6,3,1,300.00,DC,M. Chinnaswamy Stadium,19 May 2008
34,35,Virender Sehwag,18,5,3,1,360.00,RCB,M. Chinnaswamy Stadium,19 May 2008
35,36,Sanath Jayasuriya,18,5,3,1,360.00,DEC,Rajiv Gandhi Intl. Cricket Stadium,18 May 2008
36,37,Sanath Jayasuriya,18,6,3,1,300.00,RCB,Wankhede Stadium,20 April 2008
37,38,Mark Boucher,18,5,1,2,360.00,DC,Feroz Shah Kotla Ground,30 April 2008
38,39,Rahul Dravid,18,6,0,3,300.00,RR,Sawai Mansingh Stadium,17 May 2008
39,40,Brendon McCullum,18,6,3,1,300.00,RCB,M. Chinnaswamy Stadium,18 April 2008
40,41,Subramaniam Badrinath,17,4,1,2,425.00,KXIP,IS Bindra Stadium,19 April 2008
41,42,Andrew Symonds,17,6,2,1,283.33,RR,Rajiv Gandhi Intl. Cricket Stadium,24 April 2008
42,43,Sanath Jayasuriya,17,5,1,2,340.00,KXIP,Wankhede Stadium,21 May 2008
43,44,NK Patel,17,6,4,0,283.33,KXIP,IS Bindra Stadium,28 May 2008
44,45,Sourav Ganguly,17,5,1,2,340.00,DEC,Rajiv Gandhi Intl. Cricket Stadium,11 May 2008
45,46,Virender Sehwag,17,4,1,2,425.00,KXIP,Feroz Shah Kotla Ground,17 May 2008
46,47,Sourav Ganguly,17,4,1,2,425.00,KXIP,Eden Gardens,25 May 2008
47,48,Venugopal Rao,17,4,1,2,425.00,DC,Feroz Shah Kotla Ground,15 May 2008
48,49,Virender Sehwag,17,6,2,1,283.33,CSK,Chidambaram,02 May 2008
49,50,Yusuf Pathan,17,4,1,2,425.00,DEC,Rajiv Gandhi Intl. Cricket Stadium,24 April 2008
50,51,Mahela Jayawardene,17,5,2,1,340.00,DEC,Rajiv Gandhi Intl. Cricket Stadium,01 May 2008
51,52,Misbah-ul-Haq,17,5,2,1,340.00,DEC,Rajiv Gandhi Intl. Cricket Stadium,25 May 2008
52,53,Brendon McCullum,17,5,1,2,340.00,RCB,M. Chinnaswamy Stadium,18 April 2008
53,54,Kumar Sangakkara,17,6,3,0,283.33,MI,IS Bindra Stadium,25 April 2008
54,55,Venugopal Rao,17,5,1,2,340.00,RCB,Rajiv Gandhi Intl. Cricket Stadium,25 May 2008
55,56,Rohit Sharma,16,5,3,0,320.00,KXIP,Rajiv Gandhi Intl. Cricket Stadium,01 May 2008
56,57,Sanath Jayasuriya,16,6,1,2,266.66,RCB,M. Chinnaswamy Stadium,28 May 2008
57,58,Albie Morkel,16,5,2,1,320.00,RR,Sawai Mansingh Stadium,04 May 2008
58,59,Kumar Sangakkara,16,6,2,1,266.66,MI,IS Bindra Stadium,25 April 2008
59,60,David Hussey,16,5,2,1,320.00,KXIP,IS Bindra Stadium,03 May 2008
60,61,Shane Warne,16,3,1,2,533.33,DEC,Rajiv Gandhi Intl. Cricket Stadium,24 April 2008
61,62,Cameron White,16,6,2,1,266.66,MI,M. Chinnaswamy Stadium,28 May 2008
62,63,Dwayne Smith,16,6,2,1,266.66,KXIP,Wankhede Stadium,21 May 2008
63,64,Brendon McCullum,16,3,1,2,533.33,RCB,M. Chinnaswamy Stadium,18 April 2008
64,65,Sanath Jayasuriya,16,5,1,2,320.00,DC,Feroz Shah Kotla Ground,24 May 2008
65,66,Kamran Akmal,16,4,2,1,400.00,CSK,Chidambaram,24 May 2008
66,67,Adam Gilchrist,16,6,1,2,266.66,KKR,Eden Gardens,20 April 2008
67,68,Gautam Gambhir,16,4,1,2,400.00,DEC,Feroz Shah Kotla Ground,15 May 2008
68,69,Wriddhiman Saha,16,6,0,2,266.66,KXIP,IS Bindra Stadium,03 May 2008
69,70,Virender Sehwag,16,5,2,1,320.00,RCB,Feroz Shah Kotla Ground,30 April 2008
70,71,Mark Boucher,15,5,2,1,300.00,KKR,Eden Gardens,08 May 2008
71,72,Mohammad Kaif,15,6,3,0,250.00,KKR,Eden Gardens,20 May 2008
72,73,Yusuf Pathan,15,5,2,1,300.00,DEC,Rajiv Gandhi Intl. Cricket Stadium,24 April 2008
73,74,Yusuf Pathan,15,4,2,1,375.00,DC,Wankhede Stadium,30 May 2008
74,75,Yusuf Pathan,15,4,2,1,375.00,DEC,Sawai Mansingh Stadium,09 May 2008
75,76,Suresh Raina,15,4,2,1,375.00,KXIP,Wankhede Stadium,31 May 2008
76,77,Shaun Marsh,15,6,0,2,250.00,CSK,Chidambaram,10 May 2008
77,78,Sourav Ganguly,15,4,0,2,375.00,KXIP,Eden Gardens,25 May 2008
78,79,Rahul Dravid,15,4,2,1,375.00,RR,Sawai Mansingh Stadium,17 May 2008
79,80,Suresh Raina,15,5,2,1,300.00,RR,Chidambaram,24 May 2008
80,81,Brendon McCullum,15,7,2,1,214.28,CSK,Chidambaram,26 April 2008
81,82,Manpreet Gony,15,4,0,2,375.00,DEC,Chidambaram,06 May 2008
82,83,SA Asnodkar,15,6,2,1,250.00,DC,Wankhede Stadium,30 May 2008
83,84,Graeme Smith,15,6,2,1,250.00,RCB,Sawai Mansingh Stadium,17 May 2008
84,85,Mark Boucher,15,5,2,1,300.00,KXIP,IS Bindra Stadium,12 May 2008
85,86,Luke Pomersbach,15,5,2,1,300.00,MI,Wankhede Stadium,21 May 2008
86,87,James Hopes,15,5,3,0,300.00,RR,IS Bindra Stadium,28 May 2008
87,88,Albie Morkel,15,4,2,1,375.00,RR,Chidambaram,24 May 2008
88,89,Virender Sehwag,15,5,0,2,300.00,CSK,Chidambaram,02 May 2008
89,90,Sanath Jayasuriya,15,5,2,1,300.00,DC,DY Patil Stadium,04 May 2008
90,91,Piyush Chawla,15,6,3,0,250.00,RR,Sawai Mansingh Stadium,21 April 2008
91,92,MS Dhoni,15,5,0,2,300.00,KXIP,Chidambaram,10 May 2008
92,93,Graeme Smith,15,4,2,1,375.00,CSK,Chidambaram,24 May 2008
93,94,Michael Hussey,15,4,2,1,375.00,KXIP,IS Bindra Stadium,19 April 2008
94,95,Kumar Sangakkara,15,5,2,1,300.00,RR,Sawai Mansingh Stadium,21 April 2008
95,96,Yuvraj Singh,14,6,2,1,233.33,KKR,IS Bindra Stadium,03 May 2008
96,97,Virender Sehwag,14,4,0,2,350.00,MI,DY Patil Stadium,04 May 2008
97,98,Parthiv Patel,14,6,3,0,233.33,KXIP,IS Bindra Stadium,19 April 2008
98,99,MS Dhoni,14,5,1,1,280.00,KXIP,Chidambaram,10 May 2008
99,100,Shaun Marsh,14,6,3,0,233.33,RCB,M. Chinnaswamy Stadium,05 May 2008
