,POS,PLAYER,"
                                Ov
                            ","
                                Runs
                            ","
                                Wkts
                            ","
                                SR
                            ","
                                Against
                            ","
                                Venue
                            ","
                                Match Date
                            "
0,1,Moises Henriques,1,3,2,3.00,RCB,Rajiv Gandhi Intl. Cricket Stadium,15 May 2015
1,2,JP Duminy,3,17,4,4.50,SRH,ACA-VDCA Stadium,18 April 2015
2,3,Sunil Narine,4,19,4,6.00,KXIP,Eden Gardens,09 May 2015
3,4,David Wiese,4,33,4,6.00,MI,M. Chinnaswamy Stadium,19 April 2015
4,5,Mitchell Starc,4,15,4,6.00,KXIP,M. Chinnaswamy Stadium,06 May 2015
5,6,Imran Tahir,4,28,4,6.00,RR,Feroz Shah Kotla Ground,12 April 2015
6,7,Brad Hogg,4,29,4,6.00,CSK,Eden Gardens,30 April 2015
7,8,Piyush Chawla,4,32,4,6.00,DC,Eden Gardens,07 May 2015
8,9,Sreenath Arvind,4,27,4,6.00,KXIP,M. Chinnaswamy Stadium,06 May 2015
9,10,Sandeep Sharma,4,25,4,6.00,KKR,Maharashtra Cricket Association's International Stadium,18 April 2015
10,11,Lasith Malinga,4,23,4,6.00,SRH,Wankhede Stadium,25 April 2015
11,12,Chris Morris,4,23,4,6.00,KKR,Brabourne Stadium,16 May 2015
12,13,Ravindra Jadeja,4,11,4,6.00,RR,Chidambaram,10 May 2015
13,14,Ashish Nehra,4,10,4,6.00,RCB,M. Chinnaswamy Stadium,22 April 2015
14,15,Nathan Coulter-Nile,4,20,4,6.00,KXIP,Feroz Shah Kotla Ground,01 May 2015
15,16,Dwayne Bravo,3,22,3,6.00,KKR,Chidambaram,28 April 2015
16,17,Angelo Mathews,2,15,2,6.00,MI,Feroz Shah Kotla Ground,23 April 2015
17,18,Ravichandran Ashwin,2,5,2,6.00,KKR,Chidambaram,28 April 2015
18,19,Harshal Patel,2,12,2,6.00,KXIP,IS Bindra Stadium,13 May 2015
19,20,JP Duminy,2,16,2,6.00,KXIP,Maharashtra Cricket Association's International Stadium,15 April 2015
20,21,Anureet Singh,2,21,2,6.00,RCB,IS Bindra Stadium,13 May 2015
21,22,Axar Patel,2,11,2,6.00,RCB,IS Bindra Stadium,13 May 2015
22,23,Bipul Sharma,2,13,2,6.00,KXIP,Rajiv Gandhi Intl. Cricket Stadium,11 May 2015
23,24,Yuzvendra Chahal,2,25,2,6.00,KXIP,IS Bindra Stadium,13 May 2015
24,25,Stuart Binny,2,27,2,6.00,DC,Brabourne Stadium,03 May 2015
25,26,David Wiese,2,20,2,6.00,SRH,Rajiv Gandhi Intl. Cricket Stadium,15 May 2015
26,27,Mitchell McClenaghan,4,20,3,8.00,SRH,Wankhede Stadium,25 April 2015
27,28,Ashish Nehra,4,19,3,8.00,RCB,Chidambaram,04 May 2015
28,29,Trent Boult,4,36,3,8.00,RCB,M. Chinnaswamy Stadium,13 April 2015
29,30,Nathan Coulter-Nile,4,30,3,8.00,CSK,Chidambaram,09 April 2015
30,31,Mitchell Starc,4,20,3,8.00,DC,Feroz Shah Kotla Ground,26 April 2015
31,32,Bhuvneshwar Kumar,4,26,3,8.00,MI,Wankhede Stadium,25 April 2015
32,33,Mohit Sharma,4,25,3,8.00,RR,Chidambaram,10 May 2015
33,34,Yuzvendra Chahal,4,40,3,8.00,CSK,M. Chinnaswamy Stadium,22 April 2015
34,35,Ashish Nehra,4,23,3,8.00,MI,Wankhede Stadium,17 April 2015
35,36,Dwayne Bravo,4,40,3,8.00,MI,Wankhede Stadium,19 May 2015
36,37,Ashish Nehra,4,25,3,8.00,DC,Chidambaram,09 April 2015
37,38,Anureet Singh,4,23,3,8.00,RR,Maharashtra Cricket Association's International Stadium,10 April 2015
38,39,Mitchell McClenaghan,4,25,3,8.00,CSK,Eden Gardens,24 May 2015
39,40,Chris Morris,4,19,3,8.00,CSK,Chidambaram,10 May 2015
40,41,Umesh Yadav,4,33,3,8.00,KXIP,Maharashtra Cricket Association's International Stadium,18 April 2015
41,42,Trent Boult,4,19,3,8.00,KXIP,IS Bindra Stadium,27 April 2015
42,43,Mitchell Starc,4,24,3,8.00,CSK,Chidambaram,04 May 2015
43,44,Moises Henriques,4,16,3,8.00,KXIP,Rajiv Gandhi Intl. Cricket Stadium,11 May 2015
44,45,Mitchell McClenaghan,4,31,3,8.00,RR,Wankhede Stadium,01 May 2015
45,46,Andre Russell,4,32,3,8.00,RR,Brabourne Stadium,16 May 2015
46,47,Ravindra Jadeja,4,22,3,8.00,KXIP,Chidambaram,25 April 2015
47,48,James Faulkner,4,26,3,8.00,KXIP,Maharashtra Cricket Association's International Stadium,10 April 2015
48,49,Ashish Nehra,4,28,3,8.00,RCB,JSCA Stadium,22 May 2015
49,50,Imran Tahir,4,22,3,8.00,MI,Feroz Shah Kotla Ground,23 April 2015
50,51,Dwayne Bravo,4,25,3,8.00,SRH,Rajiv Gandhi Intl. Cricket Stadium,02 May 2015
51,52,Lasith Malinga,4,23,3,8.00,CSK,Wankhede Stadium,19 May 2015
52,53,Bhuvneshwar Kumar,4,44,3,8.00,RR,Brabourne Stadium,07 May 2015
53,54,Imran Tahir,4,43,3,8.00,KXIP,Maharashtra Cricket Association's International Stadium,15 April 2015
54,55,Mitchell Starc,4,22,3,8.00,RR,Sardar Patel Stadium,24 April 2015
55,56,Mitchell McClenaghan,4,16,3,8.00,SRH,Rajiv Gandhi Intl. Cricket Stadium,17 May 2015
56,57,Harbhajan Singh,4,27,3,8.00,RCB,M. Chinnaswamy Stadium,19 April 2015
57,58,Vinay Kumar,3,26,2,9.00,CSK,Wankhede Stadium,19 May 2015
58,59,Shane Watson,3,36,2,9.00,SRH,Brabourne Stadium,07 May 2015
59,60,Gurkeerat Mann Singh,3,17,2,9.00,KKR,Eden Gardens,09 May 2015
60,61,Jagadeesha Suchith,3,14,2,9.00,SRH,Rajiv Gandhi Intl. Cricket Stadium,17 May 2015
61,62,Pawan Negi,3,28,2,9.00,DC,Shaheed Veer Narayan Singh International Cricket Stadium,12 May 2015
62,63,Domnic Joseph,3,18,2,9.00,KKR,Feroz Shah Kotla Ground,20 April 2015
63,64,Dhawal Kulkarni,3,26,2,9.00,MI,Wankhede Stadium,01 May 2015
64,65,Albie Morkel,3,21,2,9.00,CSK,Shaheed Veer Narayan Singh International Cricket Stadium,12 May 2015
65,66,Ravi Bopara,3,31,2,9.00,RCB,M. Chinnaswamy Stadium,13 April 2015
66,67,Yuzvendra Chahal,3,26,2,9.00,DC,M. Chinnaswamy Stadium,17 May 2015
67,68,Karn Sharma,3,12,2,9.00,DC,Shaheed Veer Narayan Singh International Cricket Stadium,09 May 2015
68,69,Dhawal Kulkarni,3,9,2,9.00,SRH,ACA-VDCA Stadium,16 April 2015
69,70,Harshal Patel,3,15,2,9.00,RR,Maharashtra Cricket Association's International Stadium,20 May 2015
70,71,Yuzvendra Chahal,3.1,25,2,9.50,RR,Sardar Patel Stadium,24 April 2015
71,72,David Wiese,3.2,18,2,10.00,DC,Feroz Shah Kotla Ground,26 April 2015
72,73,Dwayne Bravo,3.4,17,2,11.00,RCB,Chidambaram,04 May 2015
73,74,Bhuvneshwar Kumar,3.5,30,2,11.50,RCB,M. Chinnaswamy Stadium,13 April 2015
74,75,Anureet Singh,3.5,56,2,11.50,KKR,Eden Gardens,09 May 2015
75,76,Ravi Bopara,4,18,2,12.00,RR,ACA-VDCA Stadium,16 April 2015
76,77,Ishwar Pandey,4,27,2,12.00,DC,Shaheed Veer Narayan Singh International Cricket Stadium,12 May 2015
77,78,Dwayne Bravo,4,36,2,12.00,MI,Eden Gardens,24 May 2015
78,79,Moises Henriques,4,20,2,12.00,CSK,Rajiv Gandhi Intl. Cricket Stadium,02 May 2015
79,80,Yuzvendra Chahal,4,51,2,12.00,MI,Wankhede Stadium,10 May 2015
80,81,Yusuf Pathan,4,40,2,12.00,RCB,Eden Gardens,11 April 2015
81,82,Umesh Yadav,4,18,2,12.00,DC,Feroz Shah Kotla Ground,20 April 2015
82,83,Shane Watson,4,38,2,12.00,KKR,Brabourne Stadium,16 May 2015
83,84,Morne Morkel,4,27,2,12.00,KXIP,Maharashtra Cricket Association's International Stadium,18 April 2015
84,85,Brad Hogg,4,17,2,12.00,SRH,Eden Gardens,04 May 2015
85,86,Dhawal Kulkarni,4,43,2,12.00,DC,Brabourne Stadium,03 May 2015
86,87,David Wiese,4,32,2,12.00,RR,Maharashtra Cricket Association's International Stadium,20 May 2015
87,88,Mitchell Johnson,4,23,2,12.00,MI,Wankhede Stadium,12 April 2015
88,89,Zaheer Khan,4,17,2,12.00,KXIP,Feroz Shah Kotla Ground,01 May 2015
89,90,Mitchell Johnson,4,34,2,12.00,RR,Maharashtra Cricket Association's International Stadium,10 April 2015
90,91,Yuzvendra Chahal,4,28,2,12.00,MI,M. Chinnaswamy Stadium,19 April 2015
91,92,Axar Patel,4,25,2,12.00,SRH,IS Bindra Stadium,27 April 2015
92,93,Sandeep Sharma,4,41,2,12.00,RCB,M. Chinnaswamy Stadium,06 May 2015
93,94,Ashish Nehra,4,16,2,12.00,KXIP,Chidambaram,25 April 2015
94,95,Lasith Malinga,4,25,2,12.00,CSK,Eden Gardens,24 May 2015
95,96,Amit Mishra,4,32,2,12.00,MI,Feroz Shah Kotla Ground,23 April 2015
96,97,Bhuvneshwar Kumar,4,32,2,12.00,CSK,Rajiv Gandhi Intl. Cricket Stadium,02 May 2015
97,98,Harshal Patel,4,36,2,12.00,MI,Wankhede Stadium,10 May 2015
98,99,Chris Morris,4,35,2,12.00,DC,Feroz Shah Kotla Ground,12 April 2015
99,100,Tim Southee,4,32,2,12.00,RCB,M. Chinnaswamy Stadium,29 April 2015
