,POS,PLAYER,"
                                Ov
                            ","
                                Econ
                            ","
                                Dots
                            ","
                                Runs
                            ","
                                Wkts
                            ","
                                SR
                            ","
                                Against
                            ","
                                Venue
                            ","
                                Match Date
                            "
0,1,Zaheer Khan,4,2.25,18,9,2,12.00,CSK,Shaheed Veer Narayan Singh International Cricket Stadium,12 May 2015
1,2,Ashish Nehra,4,2.50,14,10,4,6.00,RCB,M. Chinnaswamy Stadium,22 April 2015
2,3,Ravichandran Ashwin,2,2.50,8,5,2,6.00,KKR,Chidambaram,28 April 2015
3,4,Ravindra Jadeja,4,2.75,11,11,4,6.00,RR,Chidambaram,10 May 2015
4,5,Harbhajan Singh,4,2.75,15,11,2,12.00,DC,Wankhede Stadium,05 May 2015
5,6,Dhawal Kulkarni,3,3.00,13,9,2,9.00,SRH,ACA-VDCA Stadium,16 April 2015
6,7,Sandeep Sharma,4,3.00,14,12,1,24.00,MI,Wankhede Stadium,12 April 2015
7,8,Ravichandran Ashwin,4,3.25,16,13,1,24.00,RCB,JSCA Stadium,22 May 2015
8,9,Mohit Sharma,3,3.33,12,10,1,18.00,KXIP,Chidambaram,25 April 2015
9,10,Sandeep Sharma,3,3.33,12,10,0,-,DC,Feroz Shah Kotla Ground,01 May 2015
10,11,Ravichandran Ashwin,4,3.50,14,14,2,12.00,KXIP,Chidambaram,25 April 2015
11,12,Ravichandran Ashwin,4,3.50,14,14,1,24.00,KXIP,IS Bindra Stadium,16 May 2015
12,13,Domnic Joseph,2,3.50,8,7,1,12.00,MI,Feroz Shah Kotla Ground,23 April 2015
13,14,Ravindra Jadeja,3,3.66,10,11,0,-,KKR,Chidambaram,28 April 2015
14,15,Mitchell Starc,4,3.75,14,15,4,6.00,KXIP,M. Chinnaswamy Stadium,06 May 2015
15,16,JP Duminy,4,3.75,10,15,1,24.00,KXIP,Feroz Shah Kotla Ground,01 May 2015
16,17,Moises Henriques,4,4.00,10,16,3,8.00,KXIP,Rajiv Gandhi Intl. Cricket Stadium,11 May 2015
17,18,Mitchell McClenaghan,4,4.00,13,16,3,8.00,SRH,Rajiv Gandhi Intl. Cricket Stadium,17 May 2015
18,19,Ashish Nehra,4,4.00,15,16,2,12.00,KXIP,Chidambaram,25 April 2015
19,20,Karn Sharma,3,4.00,11,12,2,9.00,DC,Shaheed Veer Narayan Singh International Cricket Stadium,09 May 2015
20,21,Stuart Binny,2,4.00,8,8,1,12.00,MI,Sardar Patel Stadium,14 April 2015
21,22,Piyush Chawla,4,4.00,8,16,1,24.00,SRH,Eden Gardens,04 May 2015
22,23,Jayant Yadav,2,4.00,7,8,1,12.00,CSK,Shaheed Veer Narayan Singh International Cricket Stadium,12 May 2015
23,24,Suresh Raina,3,4.00,8,12,0,-,KKR,Chidambaram,28 April 2015
24,25,Zaheer Khan,4,4.25,13,17,2,12.00,KXIP,Feroz Shah Kotla Ground,01 May 2015
25,26,Brad Hogg,4,4.25,10,17,2,12.00,SRH,Eden Gardens,04 May 2015
26,27,Lasith Malinga,4,4.25,12,17,2,12.00,SRH,Rajiv Gandhi Intl. Cricket Stadium,17 May 2015
27,28,Ravichandran Ashwin,4,4.25,15,17,2,12.00,MI,Chidambaram,08 May 2015
28,29,Sunil Narine,4,4.25,11,17,1,24.00,KXIP,Maharashtra Cricket Association's International Stadium,18 April 2015
29,30,Iqbal Abdulla,4,4.25,12,17,1,24.00,DC,Feroz Shah Kotla Ground,26 April 2015
30,31,Vinay Kumar,3,4.33,11,13,1,18.00,RR,Sardar Patel Stadium,14 April 2015
31,32,Dwayne Bravo,3,4.33,5,13,0,-,KXIP,Chidambaram,25 April 2015
32,33,Umesh Yadav,4,4.50,11,18,2,12.00,DC,Feroz Shah Kotla Ground,20 April 2015
33,34,Morne Morkel,4,4.50,15,18,2,12.00,MI,Eden Gardens,08 April 2015
34,35,Ravi Bopara,4,4.50,12,18,2,12.00,RR,ACA-VDCA Stadium,16 April 2015
35,36,Sandeep Sharma,2,4.50,7,9,1,12.00,CSK,IS Bindra Stadium,16 May 2015
36,37,Brad Hogg,4,4.50,9,18,1,24.00,CSK,Chidambaram,28 April 2015
37,38,Beuran Hendricks,2,4.50,4,9,1,12.00,RCB,IS Bindra Stadium,13 May 2015
38,39,Shahbaz Nadeem,4,4.50,15,18,0,-,CSK,Shaheed Veer Narayan Singh International Cricket Stadium,12 May 2015
39,40,Dwayne Bravo,3.4,4.63,12,17,2,11.00,RCB,Chidambaram,04 May 2015
40,41,Jagadeesha Suchith,3,4.66,8,14,2,9.00,SRH,Rajiv Gandhi Intl. Cricket Stadium,17 May 2015
41,42,Harshal Patel,3,4.66,7,14,1,18.00,DC,Feroz Shah Kotla Ground,26 April 2015
42,43,Nathan Coulter-Nile,3,4.66,13,14,0,-,KXIP,Maharashtra Cricket Association's International Stadium,15 April 2015
43,44,Sunil Narine,4,4.75,13,19,4,6.00,KXIP,Eden Gardens,09 May 2015
44,45,Chris Morris,4,4.75,12,19,3,8.00,CSK,Chidambaram,10 May 2015
45,46,Trent Boult,4,4.75,14,19,3,8.00,KXIP,IS Bindra Stadium,27 April 2015
46,47,Ashish Nehra,4,4.75,13,19,3,8.00,RCB,Chidambaram,04 May 2015
47,48,Harshal Patel,4,4.75,13,19,2,12.00,CSK,Chidambaram,04 May 2015
48,49,Jayant Yadav,4,4.75,10,19,1,24.00,SRH,Shaheed Veer Narayan Singh International Cricket Stadium,09 May 2015
49,50,Chris Morris,4,4.75,14,19,1,24.00,CSK,Sardar Patel Stadium,19 April 2015
50,51,Sandeep Sharma,4,4.75,11,19,1,24.00,RR,Maharashtra Cricket Association's International Stadium,10 April 2015
51,52,Nathan Coulter-Nile,4,5.00,13,20,4,6.00,KXIP,Feroz Shah Kotla Ground,01 May 2015
52,53,Mitchell Starc,4,5.00,14,20,3,8.00,DC,Feroz Shah Kotla Ground,26 April 2015
53,54,Mitchell McClenaghan,4,5.00,13,20,3,8.00,SRH,Wankhede Stadium,25 April 2015
54,55,Yuzvendra Chahal,4,5.00,9,20,2,12.00,RR,Maharashtra Cricket Association's International Stadium,20 May 2015
55,56,Harbhajan Singh,4,5.00,9,20,2,12.00,KXIP,Wankhede Stadium,12 April 2015
56,57,Moises Henriques,4,5.00,12,20,2,12.00,CSK,Rajiv Gandhi Intl. Cricket Stadium,02 May 2015
57,58,Andre Russell,4,5.00,9,20,2,12.00,CSK,Eden Gardens,30 April 2015
58,59,Harshal Patel,3,5.00,8,15,2,9.00,RR,Maharashtra Cricket Association's International Stadium,20 May 2015
59,60,Sreenath Arvind,4,5.00,13,20,2,12.00,RR,Maharashtra Cricket Association's International Stadium,20 May 2015
60,61,Bhuvneshwar Kumar,4,5.00,11,20,1,24.00,DC,Shaheed Veer Narayan Singh International Cricket Stadium,09 May 2015
61,62,Dhawal Kulkarni,3,5.00,10,15,1,18.00,MI,Sardar Patel Stadium,14 April 2015
62,63,Parveez Rasool,4,5.00,9,20,1,24.00,DC,Shaheed Veer Narayan Singh International Cricket Stadium,09 May 2015
63,64,Karn Sharma,4,5.00,7,20,1,24.00,RCB,M. Chinnaswamy Stadium,13 April 2015
64,65,Amit Mishra,4,5.00,14,20,1,24.00,KKR,Eden Gardens,07 May 2015
65,66,Andre Russell,2,5.00,8,10,1,12.00,SRH,Eden Gardens,04 May 2015
66,67,Amit Mishra,2,5.00,5,10,1,12.00,KXIP,Feroz Shah Kotla Ground,01 May 2015
67,68,Deepak Hooda,4,5.00,8,20,0,-,DC,Feroz Shah Kotla Ground,12 April 2015
68,69,Pravin Tambe,3,5.00,7,15,0,-,KXIP,Maharashtra Cricket Association's International Stadium,10 April 2015
69,70,Pravin Tambe,4,5.25,12,21,2,12.00,SRH,ACA-VDCA Stadium,16 April 2015
70,71,Ishwar Pandey,4,5.25,14,21,1,24.00,RCB,M. Chinnaswamy Stadium,22 April 2015
71,72,Jagadeesha Suchith,4,5.25,10,21,1,24.00,CSK,Chidambaram,08 May 2015
72,73,Amit Mishra,4,5.25,10,21,1,24.00,CSK,Chidambaram,09 April 2015
73,74,Piyush Chawla,4,5.25,13,21,1,24.00,CSK,Eden Gardens,30 April 2015
74,75,Bhuvneshwar Kumar,4,5.25,9,21,1,24.00,DC,ACA-VDCA Stadium,18 April 2015
75,76,Chris Morris,4,5.25,14,21,0,-,KXIP,Maharashtra Cricket Association's International Stadium,10 April 2015
76,77,Bhuvneshwar Kumar,3,5.33,10,16,0,-,MI,Rajiv Gandhi Intl. Cricket Stadium,17 May 2015
77,78,Murali Vijay,3,5.33,3,16,0,-,SRH,IS Bindra Stadium,27 April 2015
78,79,David Wiese,3.2,5.40,8,18,2,10.00,DC,Feroz Shah Kotla Ground,26 April 2015
79,80,Mitchell Starc,4,5.50,13,22,3,8.00,RR,Sardar Patel Stadium,24 April 2015
80,81,Imran Tahir,4,5.50,13,22,3,8.00,MI,Feroz Shah Kotla Ground,23 April 2015
81,82,Ravindra Jadeja,4,5.50,9,22,3,8.00,KXIP,Chidambaram,25 April 2015
82,83,Axar Patel,2,5.50,2,11,2,6.00,RCB,IS Bindra Stadium,13 May 2015
83,84,Shakib Al Hasan,4,5.50,12,22,2,12.00,MI,Wankhede Stadium,14 May 2015
84,85,James Faulkner,4,5.50,10,22,2,12.00,DC,Brabourne Stadium,03 May 2015
85,86,Karn Sharma,4,5.50,6,22,1,24.00,KXIP,IS Bindra Stadium,27 April 2015
86,87,Ravichandran Ashwin,4,5.50,8,22,1,24.00,SRH,Chidambaram,11 April 2015
87,88,Mohit Sharma,4,5.50,14,22,1,24.00,KKR,Eden Gardens,30 April 2015
88,89,Mitchell Starc,4,5.50,13,22,1,24.00,RR,Maharashtra Cricket Association's International Stadium,20 May 2015
89,90,Mohit Sharma,4,5.50,9,22,1,24.00,RCB,JSCA Stadium,22 May 2015
90,91,Ravindra Jadeja,2,5.50,5,11,0,-,RCB,Chidambaram,04 May 2015
91,92,Yusuf Pathan,2,5.50,4,11,0,-,CSK,Eden Gardens,30 April 2015
92,93,Deepak Hooda,2,5.50,6,11,0,-,SRH,ACA-VDCA Stadium,16 April 2015
93,94,JP Duminy,3,5.66,6,17,4,4.50,SRH,ACA-VDCA Stadium,18 April 2015
94,95,Gurkeerat Mann Singh,3,5.66,8,17,2,9.00,KKR,Eden Gardens,09 May 2015
95,96,Ashish Nehra,3,5.66,12,17,1,18.00,KXIP,IS Bindra Stadium,16 May 2015
96,97,Vinay Kumar,3,5.66,9,17,0,-,KXIP,IS Bindra Stadium,03 May 2015
97,98,Moises Henriques,3,5.66,8,17,0,-,MI,Rajiv Gandhi Intl. Cricket Stadium,17 May 2015
98,99,Chris Morris,4,5.75,10,23,4,6.00,KKR,Brabourne Stadium,16 May 2015
99,100,Lasith Malinga,4,5.75,13,23,4,6.00,SRH,Wankhede Stadium,25 April 2015
