,POS,PLAYER,"
                                Distance (m)
                            "
0,1,AB de Villiers,108.00
1,2,Chris Gayle,107.00
2,3,Andre Russell,106.00
3,4,Kieron Pollard,104.00
4,5,Eoin Morgan,104.00
5,6,AB de Villiers,104.00
6,7,Chris Gayle,103.00
7,8,Pawan Negi,103.00
8,9,Suryakumar Yadav,101.00
9,10,Chris Gayle,101.00
10,11,Chris Gayle,101.00
11,12,Andre Russell,101.00
12,13,Chris Gayle,101.00
13,14,Shane Watson,101.00
14,15,Andre Russell,100.00
15,16,Saurabh Tiwary,99.00
16,17,Hardik Pandya,99.00
17,18,Moises Henriques,99.00
18,19,Albie Morkel,99.00
19,20,Deepak Hooda,99.00
20,21,Naman Ojha,99.00
21,22,Rohit Sharma,98.00
22,23,Ashish Reddy,98.00
23,24,David Miller,98.00
24,25,Lendl Simmons,97.00
25,26,Rohit Sharma,97.00
26,27,KL Rahul,97.00
27,28,Pawan Negi,97.00
28,29,Kieron Pollard,97.00
29,30,Andre Russell,96.00
30,31,Yusuf Pathan,96.00
31,32,Shane Watson,96.00
32,33,AB de Villiers,96.00
33,34,Ravi Bopara,96.00
34,35,Harbhajan Singh,96.00
35,36,Lendl Simmons,96.00
36,37,Chris Gayle,96.00
37,38,Dwayne Smith,95.00
38,39,Steve Smith,95.00
39,40,Shane Watson,95.00
40,41,MS Dhoni,95.00
41,42,Shreyas Iyer,95.00
42,43,David Miller,95.00
43,44,MS Dhoni,95.00
44,45,Chris Gayle,94.00
45,46,Dwayne Bravo,94.00
46,47,Saurabh Tiwary,94.00
47,48,Lendl Simmons,94.00
48,49,Murali Vijay,94.00
49,50,Gautam Gambhir,94.00
50,51,Lendl Simmons,94.00
51,52,Ashish Reddy,93.00
52,53,Eoin Morgan,93.00
53,54,Ajinkya Rahane,93.00
54,55,Dwayne Bravo,93.00
55,56,David Miller,93.00
56,57,Kieron Pollard,93.00
57,58,Hardik Pandya,93.00
58,59,Yuvraj Singh,93.00
59,60,Rohit Sharma,93.00
60,61,AB de Villiers,93.00
61,62,Rilee Rossouw,93.00
62,63,Ashish Reddy,93.00
63,64,Murali Vijay,92.00
64,65,Chris Gayle,92.00
65,66,Mohit Sharma,92.00
66,67,Andre Russell,92.00
67,68,Chris Gayle,92.00
68,69,Glenn Maxwell,91.00
69,70,Rohit Sharma,91.00
70,71,Ravi Bopara,91.00
71,72,Suresh Raina,91.00
72,73,David Miller,91.00
73,74,Gautam Gambhir,91.00
74,75,Bhuvneshwar Kumar,91.00
75,76,Moises Henriques,91.00
76,77,Dwayne Bravo,91.00
77,78,MS Dhoni,91.00
78,79,Saurabh Tiwary,91.00
79,80,Shreyas Iyer,91.00
80,81,Glenn Maxwell,91.00
81,82,Kieron Pollard,91.00
82,83,Kieron Pollard,91.00
83,84,Deepak Hooda,91.00
84,85,Kieron Pollard,91.00
85,86,Suresh Raina,91.00
86,87,Suresh Raina,91.00
87,88,Suryakumar Yadav,91.00
88,89,AB de Villiers,91.00
89,90,David Miller,90.00
90,91,Ambati Rayudu,90.00
91,92,Rohit Sharma,90.00
92,93,Axar Patel,89.00
93,94,Yusuf Pathan,89.00
94,95,Ashish Reddy,89.00
95,96,Piyush Chawla,89.00
96,97,Rohit Sharma,89.00
97,98,Angelo Mathews,89.00
98,99,MS Dhoni,89.00
99,100,Michael Hussey,89.00
