,POS,PLAYER,"
                                Speed (km/h)
                            "
0,1,Mitchell Johnson,151.11
1,2,Mitchell Johnson,150.46
2,3,Varun Aaron,150.24
3,4,Umesh Yadav,150.21
4,5,Varun Aaron,149.89
5,6,Varun Aaron,149.76
6,7,Umesh Yadav,149.68
7,8,Mitchell Johnson,149.66
8,9,Varun Aaron,149.60
9,10,Dale Steyn,149.58
10,11,Mitchell Johnson,149.34
11,12,Mitchell Johnson,149.18
12,13,Umesh Yadav,149.13
13,14,Mitchell Starc,149.05
14,15,Varun Aaron,149.01
15,16,Umesh Yadav,148.94
16,17,Mitchell Johnson,148.92
17,18,Umesh Yadav,148.90
18,19,Umesh Yadav,148.89
19,20,Mitchell Starc,148.87
20,21,Umesh Yadav,148.84
21,22,Varun Aaron,148.79
22,23,Umesh Yadav,148.78
23,24,Mitchell Johnson,148.76
24,25,Mitchell Johnson,148.69
25,26,Mitchell Johnson,148.69
26,27,Umesh Yadav,148.62
27,28,Umesh Yadav,148.59
28,29,Mitchell Starc,148.53
29,30,Umesh Yadav,148.53
30,31,Andre Russell,148.51
31,32,Dale Steyn,148.51
32,33,Umesh Yadav,148.46
33,34,Mitchell Starc,148.45
34,35,Mitchell Johnson,148.42
35,36,Umesh Yadav,148.38
36,37,Umesh Yadav,148.38
37,38,Umesh Yadav,148.17
38,39,Mitchell Starc,148.02
39,40,Mitchell Starc,148.00
40,41,Nathan Coulter-Nile,147.98
41,42,Mitchell Johnson,147.96
42,43,Mitchell Starc,147.94
43,44,Mitchell Johnson,147.90
44,45,Varun Aaron,147.90
45,46,Dale Steyn,147.89
46,47,Dale Steyn,147.89
47,48,Varun Aaron,147.89
48,49,Umesh Yadav,147.89
49,50,Nathan Coulter-Nile,147.87
50,51,Mitchell Johnson,147.85
51,52,Umesh Yadav,147.84
52,53,Umesh Yadav,147.83
53,54,Morne Morkel,147.81
54,55,Mitchell Johnson,147.73
55,56,Morne Morkel,147.73
56,57,Umesh Yadav,147.68
57,58,Umesh Yadav,147.67
58,59,Pat Cummins,147.67
59,60,Mitchell Johnson,147.67
60,61,Pat Cummins,147.65
61,62,Mitchell Starc,147.64
62,63,Umesh Yadav,147.62
63,64,Mitchell Starc,147.59
64,65,Nathan Coulter-Nile,147.53
65,66,Mitchell Starc,147.51
66,67,Mitchell Johnson,147.41
67,68,Umesh Yadav,147.39
68,69,Dale Steyn,147.36
69,70,Umesh Yadav,147.34
70,71,Umesh Yadav,147.32
71,72,Mitchell Starc,147.30
72,73,Morne Morkel,147.30
73,74,Mitchell Starc,147.30
74,75,Mitchell Starc,147.27
75,76,Dale Steyn,147.26
76,77,Mitchell Starc,147.23
77,78,Mitchell Starc,147.23
78,79,Nathan Coulter-Nile,147.22
79,80,Varun Aaron,147.13
80,81,Mitchell Johnson,147.08
81,82,Mitchell Johnson,147.08
82,83,Dale Steyn,147.08
83,84,Morne Morkel,147.08
84,85,Mitchell Starc,147.08
85,86,Andre Russell,147.07
86,87,Varun Aaron,147.06
87,88,Varun Aaron,147.06
88,89,Umesh Yadav,147.04
89,90,Umesh Yadav,147.00
90,91,Varun Aaron,146.96
91,92,Umesh Yadav,146.95
92,93,Varun Aaron,146.95
93,94,Mitchell Starc,146.93
94,95,Mitchell Johnson,146.90
95,96,Mitchell Starc,146.88
96,97,Mitchell Starc,146.87
97,98,Mitchell Starc,146.86
98,99,Mitchell McClenaghan,146.85
99,100,Mitchell Starc,146.84
