,POS,PLAYER,"
                                HS
                            ","
                                BF
                            ","
                                4s
                            ","
                                6s
                            ","
                                SR
                            ","
                                Against
                            ","
                                Venue
                            ","
                                Match Date
                            "
0,1,AB de Villiers,133*,59,19,4,225.42,MI,Wankhede Stadium,10 May 2015
1,2,Chris Gayle,117,57,7,12,205.26,KXIP,M. Chinnaswamy Stadium,06 May 2015
2,3,Shane Watson,104*,59,9,5,176.27,KKR,Brabourne Stadium,16 May 2015
3,4,Brendon McCullum,100*,56,7,9,178.57,SRH,Chidambaram,11 April 2015
4,5,Rohit Sharma,98*,65,12,4,150.76,KKR,Eden Gardens,08 April 2015
5,6,Chris Gayle,96,56,7,7,171.42,KKR,Eden Gardens,11 April 2015
6,7,Ajinkya Rahane,91*,54,9,3,168.51,DC,Brabourne Stadium,03 May 2015
7,8,David Warner,91,55,9,4,165.45,KKR,ACA-VDCA Stadium,22 April 2015
8,9,David Miller,89*,44,2,9,202.27,SRH,Rajiv Gandhi Intl. Cricket Stadium,11 May 2015
9,10,Shreyas Iyer,83,56,7,5,148.21,MI,Feroz Shah Kotla Ground,23 April 2015
10,11,Virat Kohli,82*,50,6,4,164.00,MI,Wankhede Stadium,10 May 2015
11,12,David Warner,81,52,6,5,155.76,KXIP,Rajiv Gandhi Intl. Cricket Stadium,11 May 2015
12,13,Brendon McCullum,81,61,7,4,132.78,RR,Chidambaram,10 May 2015
13,14,Robin Uthappa,80*,58,7,1,137.93,CSK,Eden Gardens,30 April 2015
14,15,Steve Smith,79*,53,8,1,149.05,MI,Sardar Patel Stadium,14 April 2015
15,16,JP Duminy,78*,50,3,6,156.00,MI,Feroz Shah Kotla Ground,23 April 2015
16,17,Ajinkya Rahane,76*,55,6,2,138.18,CSK,Sardar Patel Stadium,19 April 2015
17,18,Sanju Samson,76,46,7,3,165.21,MI,Wankhede Stadium,01 May 2015
18,19,Moises Henriques,74*,46,1,5,160.86,DC,Shaheed Veer Narayan Singh International Cricket Stadium,09 May 2015
19,20,Ajinkya Rahane,74,54,6,2,137.03,KXIP,Sardar Patel Stadium,21 April 2015
20,21,Albie Morkel,73*,55,8,1,132.72,CSK,Chidambaram,09 April 2015
21,22,Shane Watson,73,47,6,4,155.31,CSK,Sardar Patel Stadium,19 April 2015
22,23,Lendl Simmons,71,56,9,1,126.78,KXIP,IS Bindra Stadium,03 May 2015
23,24,Shreyas Iyer,70*,49,10,1,142.85,CSK,Shaheed Veer Narayan Singh International Cricket Stadium,12 May 2015
24,25,Kieron Pollard,70,34,7,5,205.88,RR,Sardar Patel Stadium,14 April 2015
25,26,Quinton de Kock,69,39,9,3,176.92,RCB,M. Chinnaswamy Stadium,17 May 2015
26,27,Lendl Simmons,68*,53,5,3,128.30,RCB,Wankhede Stadium,10 May 2015
27,28,Steve Smith,68,40,9,2,170.00,SRH,Brabourne Stadium,07 May 2015
28,29,Lendl Simmons,68,45,8,3,151.11,CSK,Eden Gardens,24 May 2015
29,30,Mayank Agarwal,68,48,7,2,141.66,KXIP,Maharashtra Cricket Association's International Stadium,15 April 2015
30,31,JP Duminy,67*,43,4,3,155.81,RCB,M. Chinnaswamy Stadium,17 May 2015
31,32,Andre Russell,66,36,9,2,183.33,KXIP,Maharashtra Cricket Association's International Stadium,18 April 2015
32,33,AB de Villiers,66,38,4,4,173.68,RR,Maharashtra Cricket Association's International Stadium,20 May 2015
33,34,Brendon McCullum,66,44,8,3,150.00,KXIP,Chidambaram,25 April 2015
34,35,Shaun Marsh,65,40,5,3,162.50,RR,Sardar Patel Stadium,21 April 2015
35,36,Lendl Simmons,65,51,3,5,127.45,CSK,Wankhede Stadium,19 May 2015
36,37,Harbhajan Singh,64,24,5,6,266.66,KXIP,Wankhede Stadium,12 April 2015
37,38,Kieron Pollard,64,30,4,5,213.33,CSK,Wankhede Stadium,17 April 2015
38,39,Kedar Jadhav,63*,34,8,2,185.29,SRH,Shaheed Veer Narayan Singh International Cricket Stadium,09 May 2015
39,40,Eoin Morgan,63,28,4,5,225.00,RR,Brabourne Stadium,07 May 2015
40,41,Dwayne Bravo,62*,36,8,1,172.22,RR,Sardar Patel Stadium,19 April 2015
41,42,Chris Gayle,62*,40,6,4,155.00,DC,Feroz Shah Kotla Ground,26 April 2015
42,43,Virat Kohli,62*,46,1,3,134.78,RR,Sardar Patel Stadium,24 April 2015
43,44,Dwayne Smith,62,30,8,4,206.66,MI,Wankhede Stadium,17 April 2015
44,45,Suresh Raina,62,32,4,6,193.75,RCB,M. Chinnaswamy Stadium,22 April 2015
45,46,Ajinkya Rahane,62,56,9,0,110.71,SRH,ACA-VDCA Stadium,16 April 2015
46,47,Hardik Pandya,61*,31,8,2,196.77,KKR,Wankhede Stadium,14 May 2015
47,48,George Bailey,61*,32,4,3,190.62,MI,Wankhede Stadium,12 April 2015
48,49,David Warner,61,28,11,1,217.85,CSK,Rajiv Gandhi Intl. Cricket Stadium,02 May 2015
49,50,Karun Nair,61,38,6,2,160.52,DC,Brabourne Stadium,03 May 2015
50,51,Shreyas Iyer,60,40,3,5,150.00,SRH,ACA-VDCA Stadium,18 April 2015
51,52,George Bailey,60,45,5,2,133.33,KKR,Maharashtra Cricket Association's International Stadium,18 April 2015
52,53,Gautam Gambhir,60,49,8,0,122.44,DC,Feroz Shah Kotla Ground,20 April 2015
53,54,Parthiv Patel,59,36,5,3,163.88,KXIP,IS Bindra Stadium,03 May 2015
54,55,Lendl Simmons,59,44,9,2,134.09,RCB,M. Chinnaswamy Stadium,19 April 2015
55,56,Unmukt Chand,58,37,8,2,156.75,RCB,M. Chinnaswamy Stadium,19 April 2015
56,57,David Warner,58,41,10,1,141.46,KXIP,IS Bindra Stadium,27 April 2015
57,58,Gautam Gambhir,58,46,7,1,126.08,RCB,Eden Gardens,11 April 2015
58,59,Moises Henriques,57,22,5,4,259.09,RCB,Rajiv Gandhi Intl. Cricket Stadium,15 May 2015
59,60,David Warner,57,27,6,4,211.11,RCB,M. Chinnaswamy Stadium,13 April 2015
60,61,Gautam Gambhir,57,43,7,1,132.55,MI,Eden Gardens,08 April 2015
61,62,Yuvraj Singh,57,44,7,2,129.54,MI,Wankhede Stadium,05 May 2015
62,63,AB de Villiers,57,45,9,1,126.66,RR,M. Chinnaswamy Stadium,29 April 2015
63,64,Dwayne Smith,57,48,9,1,118.75,MI,Eden Gardens,24 May 2015
64,65,JP Duminy,56,39,3,3,143.58,RR,Brabourne Stadium,03 May 2015
65,66,Michael Hussey,56,46,3,2,121.73,RCB,JSCA Stadium,22 May 2015
66,67,Andre Russell,55*,32,4,4,171.87,CSK,Eden Gardens,30 April 2015
67,68,Corey Anderson,55*,41,4,3,134.14,KKR,Eden Gardens,08 April 2015
68,69,Faf du Plessis,55,41,5,1,134.14,KXIP,IS Bindra Stadium,16 May 2015
69,70,Mandeep Singh,54*,34,7,2,158.82,RR,Maharashtra Cricket Association's International Stadium,20 May 2015
70,71,Deepak Hooda,54,25,3,4,216.00,DC,Feroz Shah Kotla Ground,12 April 2015
71,72,David Miller,54,30,1,5,180.00,RR,Sardar Patel Stadium,21 April 2015
72,73,Shikhar Dhawan,54,35,6,2,154.28,RR,Brabourne Stadium,07 May 2015
73,74,Yuvraj Singh,54,39,5,3,138.46,KXIP,Maharashtra Cricket Association's International Stadium,15 April 2015
74,75,Shreyas Iyer,54,40,4,3,135.00,KXIP,Feroz Shah Kotla Ground,01 May 2015
75,76,JP Duminy,54,41,5,2,131.70,SRH,ACA-VDCA Stadium,18 April 2015
76,77,Shikhar Dhawan,54,46,4,1,117.39,KKR,ACA-VDCA Stadium,22 April 2015
77,78,Ambati Rayudu,53*,27,4,3,196.29,RR,Wankhede Stadium,01 May 2015
78,79,MS Dhoni,53,29,4,4,182.75,SRH,Chidambaram,11 April 2015
79,80,David Warner,53,42,1,3,126.19,CSK,Chidambaram,11 April 2015
80,81,David Warner,52*,32,5,1,162.50,RCB,Rajiv Gandhi Intl. Cricket Stadium,15 May 2015
81,82,Mayank Agarwal,52*,40,6,1,130.00,KXIP,Feroz Shah Kotla Ground,01 May 2015
82,83,Yusuf Pathan,52,37,5,2,140.54,MI,Wankhede Stadium,14 May 2015
83,84,Suresh Raina,52,46,5,1,113.04,RCB,Chidambaram,04 May 2015
84,85,Parthiv Patel,51*,37,9,0,137.83,SRH,Rajiv Gandhi Intl. Cricket Stadium,17 May 2015
85,86,Andre Russell,51,21,5,4,242.85,KXIP,Eden Gardens,09 May 2015
86,87,Lendl Simmons,51,42,6,1,121.42,SRH,Wankhede Stadium,25 April 2015
87,88,Virat Kohli,51,42,4,2,121.42,CSK,M. Chinnaswamy Stadium,22 April 2015
88,89,Shikhar Dhawan,50*,42,4,2,119.04,RCB,M. Chinnaswamy Stadium,13 April 2015
89,90,Rohit Sharma,50,26,6,2,192.30,CSK,Eden Gardens,24 May 2015
90,91,Rohit Sharma,50,31,5,1,161.29,CSK,Wankhede Stadium,17 April 2015
91,92,Quinton de Kock,50,31,9,1,161.29,SRH,Shaheed Veer Narayan Singh International Cricket Stadium,09 May 2015
92,93,Corey Anderson,50,38,5,3,131.57,RR,Sardar Patel Stadium,14 April 2015
93,94,Ambati Rayudu,49*,40,4,1,122.50,DC,Wankhede Stadium,05 May 2015
94,95,Kieron Pollard,49,24,6,2,204.16,RCB,Wankhede Stadium,10 May 2015
95,96,Virat Kohli,48,44,2,1,109.09,CSK,Chidambaram,04 May 2015
96,97,Lendl Simmons,48,44,4,2,109.09,SRH,Rajiv Gandhi Intl. Cricket Stadium,17 May 2015
97,98,AB de Villiers,47*,24,3,4,195.83,KXIP,M. Chinnaswamy Stadium,06 May 2015
98,99,David Wiese,47*,25,6,2,188.00,MI,M. Chinnaswamy Stadium,19 April 2015
99,100,AB de Villiers,47*,34,6,0,138.23,RR,Sardar Patel Stadium,24 April 2015
