,POS,PLAYER,"
                                Ov
                            ","
                                Maid
                            ","
                                Dots
                            ","
                                Runs
                            ","
                                Wkts
                            ","
                                SR
                            ","
                                Against
                            ","
                                Venue
                            ","
                                Match Date
                            "
0,1,Zaheer Khan,4,1,18,9,2,12.00,CSK,Shaheed Veer Narayan Singh International Cricket Stadium,12 May 2015
1,2,Mitchell Johnson,4,1,17,23,2,12.00,MI,Wankhede Stadium,12 April 2015
2,3,Ravichandran Ashwin,4,0,16,13,1,24.00,RCB,JSCA Stadium,22 May 2015
3,4,Harbhajan Singh,4,1,15,11,2,12.00,DC,Wankhede Stadium,05 May 2015
4,5,Ashish Nehra,4,0,15,16,2,12.00,KXIP,Chidambaram,25 April 2015
5,6,Ravichandran Ashwin,4,0,15,17,2,12.00,MI,Chidambaram,08 May 2015
6,7,Morne Morkel,4,1,15,18,2,12.00,MI,Eden Gardens,08 April 2015
7,8,Shahbaz Nadeem,4,1,15,18,0,-,CSK,Shaheed Veer Narayan Singh International Cricket Stadium,12 May 2015
8,9,Sandeep Sharma,4,1,15,25,4,6.00,KKR,Maharashtra Cricket Association's International Stadium,18 April 2015
9,10,Mitchell McClenaghan,4,0,15,25,3,8.00,CSK,Eden Gardens,24 May 2015
10,11,Ashish Nehra,4,0,15,28,1,24.00,MI,Wankhede Stadium,19 May 2015
11,12,Marchant de Lange,4,1,15,30,0,-,CSK,Chidambaram,08 May 2015
12,13,Trent Boult,4,0,15,36,3,8.00,RCB,M. Chinnaswamy Stadium,13 April 2015
13,14,Ashish Nehra,4,0,14,10,4,6.00,RCB,M. Chinnaswamy Stadium,22 April 2015
14,15,Sandeep Sharma,4,1,14,12,1,24.00,MI,Wankhede Stadium,12 April 2015
15,16,Ravichandran Ashwin,4,0,14,14,2,12.00,KXIP,Chidambaram,25 April 2015
16,17,Ravichandran Ashwin,4,0,14,14,1,24.00,KXIP,IS Bindra Stadium,16 May 2015
17,18,Mitchell Starc,4,0,14,15,4,6.00,KXIP,M. Chinnaswamy Stadium,06 May 2015
18,19,Trent Boult,4,0,14,19,3,8.00,KXIP,IS Bindra Stadium,27 April 2015
19,20,Chris Morris,4,0,14,19,1,24.00,CSK,Sardar Patel Stadium,19 April 2015
20,21,Mitchell Starc,4,0,14,20,3,8.00,DC,Feroz Shah Kotla Ground,26 April 2015
21,22,Amit Mishra,4,0,14,20,1,24.00,KKR,Eden Gardens,07 May 2015
22,23,Ishwar Pandey,4,0,14,21,1,24.00,RCB,M. Chinnaswamy Stadium,22 April 2015
23,24,Chris Morris,4,0,14,21,0,-,KXIP,Maharashtra Cricket Association's International Stadium,10 April 2015
24,25,Mohit Sharma,4,0,14,22,1,24.00,KKR,Eden Gardens,30 April 2015
25,26,Shane Watson,4,1,14,25,1,24.00,DC,Brabourne Stadium,03 May 2015
26,27,Sreenath Arvind,4,0,14,27,4,6.00,KXIP,M. Chinnaswamy Stadium,06 May 2015
27,28,Ishwar Pandey,4,1,14,27,2,12.00,DC,Shaheed Veer Narayan Singh International Cricket Stadium,12 May 2015
28,29,Ashish Nehra,4,0,14,28,3,8.00,RCB,JSCA Stadium,22 May 2015
29,30,Ishwar Pandey,4,0,14,28,2,12.00,RCB,Chidambaram,04 May 2015
30,31,Morne Morkel,4,0,14,30,2,12.00,DC,Feroz Shah Kotla Ground,20 April 2015
31,32,Mitchell Johnson,4,0,14,34,2,12.00,RR,Maharashtra Cricket Association's International Stadium,10 April 2015
32,33,Sandeep Sharma,4,1,14,35,1,24.00,SRH,IS Bindra Stadium,27 April 2015
33,34,Dhawal Kulkarni,3,1,13,9,2,9.00,SRH,ACA-VDCA Stadium,16 April 2015
34,35,Mitchell McClenaghan,4,0,13,16,3,8.00,SRH,Rajiv Gandhi Intl. Cricket Stadium,17 May 2015
35,36,Zaheer Khan,4,0,13,17,2,12.00,KXIP,Feroz Shah Kotla Ground,01 May 2015
36,37,Nathan Coulter-Nile,3,0,13,14,0,-,KXIP,Maharashtra Cricket Association's International Stadium,15 April 2015
37,38,Sunil Narine,4,0,13,19,4,6.00,KXIP,Eden Gardens,09 May 2015
38,39,Ashish Nehra,4,0,13,19,3,8.00,RCB,Chidambaram,04 May 2015
39,40,Harshal Patel,4,0,13,19,2,12.00,CSK,Chidambaram,04 May 2015
40,41,Nathan Coulter-Nile,4,0,13,20,4,6.00,KXIP,Feroz Shah Kotla Ground,01 May 2015
41,42,Mitchell McClenaghan,4,0,13,20,3,8.00,SRH,Wankhede Stadium,25 April 2015
42,43,Sreenath Arvind,4,0,13,20,2,12.00,RR,Maharashtra Cricket Association's International Stadium,20 May 2015
43,44,Piyush Chawla,4,0,13,21,1,24.00,CSK,Eden Gardens,30 April 2015
44,45,Mitchell Starc,4,0,13,22,3,8.00,RR,Sardar Patel Stadium,24 April 2015
45,46,Imran Tahir,4,0,13,22,3,8.00,MI,Feroz Shah Kotla Ground,23 April 2015
46,47,Mitchell Starc,4,0,13,22,1,24.00,RR,Maharashtra Cricket Association's International Stadium,20 May 2015
47,48,Lasith Malinga,4,1,13,23,4,6.00,SRH,Wankhede Stadium,25 April 2015
48,49,Ashish Nehra,4,0,13,23,3,8.00,MI,Wankhede Stadium,17 April 2015
49,50,Mitchell Starc,4,1,13,24,3,8.00,CSK,Chidambaram,04 May 2015
50,51,Varun Aaron,4,0,13,24,2,12.00,DC,Feroz Shah Kotla Ground,26 April 2015
51,52,Andre Russell,4,0,13,24,1,24.00,DC,Eden Gardens,07 May 2015
52,53,Ravichandran Ashwin,4,0,13,24,0,-,DC,Shaheed Veer Narayan Singh International Cricket Stadium,12 May 2015
53,54,Bhuvneshwar Kumar,4,0,13,26,3,8.00,MI,Wankhede Stadium,25 April 2015
54,55,Harbhajan Singh,4,0,13,27,3,8.00,RCB,M. Chinnaswamy Stadium,19 April 2015
55,56,Brad Hogg,4,0,13,29,4,6.00,CSK,Eden Gardens,30 April 2015
56,57,Zaheer Khan,4,0,13,31,0,-,RR,Brabourne Stadium,03 May 2015
57,58,Mitchell McClenaghan,4,0,13,38,2,12.00,DC,Feroz Shah Kotla Ground,23 April 2015
58,59,Anureet Singh,4,0,13,41,2,12.00,MI,Wankhede Stadium,12 April 2015
59,60,Mohit Sharma,3,0,12,10,1,18.00,KXIP,Chidambaram,25 April 2015
60,61,Sandeep Sharma,3,0,12,10,0,-,DC,Feroz Shah Kotla Ground,01 May 2015
61,62,Lasith Malinga,4,0,12,17,2,12.00,SRH,Rajiv Gandhi Intl. Cricket Stadium,17 May 2015
62,63,Iqbal Abdulla,4,1,12,17,1,24.00,DC,Feroz Shah Kotla Ground,26 April 2015
63,64,Ravi Bopara,4,0,12,18,2,12.00,RR,ACA-VDCA Stadium,16 April 2015
64,65,Dwayne Bravo,3.4,0,12,17,2,11.00,RCB,Chidambaram,04 May 2015
65,66,Chris Morris,4,0,12,19,3,8.00,CSK,Chidambaram,10 May 2015
66,67,Moises Henriques,4,0,12,20,2,12.00,CSK,Rajiv Gandhi Intl. Cricket Stadium,02 May 2015
67,68,Pravin Tambe,4,0,12,21,2,12.00,SRH,ACA-VDCA Stadium,16 April 2015
68,69,Shakib Al Hasan,4,0,12,22,2,12.00,MI,Wankhede Stadium,14 May 2015
69,70,Ashish Nehra,3,0,12,17,1,18.00,KXIP,IS Bindra Stadium,16 May 2015
70,71,Anureet Singh,4,0,12,23,3,8.00,RR,Maharashtra Cricket Association's International Stadium,10 April 2015
71,72,Domnic Joseph,3,0,12,18,2,9.00,KKR,Feroz Shah Kotla Ground,20 April 2015
72,73,Mitchell Starc,4,0,12,24,1,24.00,CSK,M. Chinnaswamy Stadium,22 April 2015
73,74,Ashish Nehra,4,0,12,25,3,8.00,DC,Chidambaram,09 April 2015
74,75,Nathan Coulter-Nile,4,0,12,25,2,12.00,SRH,Shaheed Veer Narayan Singh International Cricket Stadium,09 May 2015
75,76,Pat Cummins,4,0,12,25,0,-,CSK,Chidambaram,28 April 2015
76,77,Dhawal Kulkarni,4,0,12,28,2,12.00,RCB,Maharashtra Cricket Association's International Stadium,20 May 2015
77,78,Umesh Yadav,4,0,12,29,0,-,DC,Eden Gardens,07 May 2015
78,79,Ishwar Pandey,3,1,12,22,1,18.00,MI,Wankhede Stadium,17 April 2015
79,80,Nathan Coulter-Nile,4,1,12,30,2,12.00,MI,Wankhede Stadium,05 May 2015
80,81,Sandeep Sharma,4,0,12,30,1,24.00,DC,Maharashtra Cricket Association's International Stadium,15 April 2015
81,82,Bhuvneshwar Kumar,4,0,12,31,0,-,CSK,Chidambaram,11 April 2015
82,83,Stuart Binny,4,0,12,32,1,24.00,RCB,M. Chinnaswamy Stadium,29 April 2015
83,84,Anureet Singh,4,0,12,33,2,12.00,DC,Maharashtra Cricket Association's International Stadium,15 April 2015
84,85,Chris Morris,4,0,12,34,1,24.00,MI,Sardar Patel Stadium,14 April 2015
85,86,Lasith Malinga,4,1,12,35,1,24.00,RCB,M. Chinnaswamy Stadium,19 April 2015
86,87,Tim Southee,4,0,12,36,2,12.00,KXIP,Maharashtra Cricket Association's International Stadium,10 April 2015
87,88,Mitchell McClenaghan,4,0,12,43,1,24.00,RCB,M. Chinnaswamy Stadium,19 April 2015
88,89,Varun Aaron,4,0,12,50,0,-,MI,M. Chinnaswamy Stadium,19 April 2015
89,90,Ravindra Jadeja,4,0,11,11,4,6.00,RR,Chidambaram,10 May 2015
90,91,Karn Sharma,3,0,11,12,2,9.00,DC,Shaheed Veer Narayan Singh International Cricket Stadium,09 May 2015
91,92,Sunil Narine,4,0,11,17,1,24.00,KXIP,Maharashtra Cricket Association's International Stadium,18 April 2015
92,93,Vinay Kumar,3,0,11,13,1,18.00,RR,Sardar Patel Stadium,14 April 2015
93,94,Umesh Yadav,4,0,11,18,2,12.00,DC,Feroz Shah Kotla Ground,20 April 2015
94,95,Sandeep Sharma,4,1,11,19,1,24.00,RR,Maharashtra Cricket Association's International Stadium,10 April 2015
95,96,Bhuvneshwar Kumar,4,0,11,20,1,24.00,DC,Shaheed Veer Narayan Singh International Cricket Stadium,09 May 2015
96,97,Bhuvneshwar Kumar,4,0,11,23,2,12.00,KXIP,IS Bindra Stadium,27 April 2015
97,98,Lasith Malinga,4,0,11,23,1,24.00,DC,Feroz Shah Kotla Ground,23 April 2015
98,99,Mohit Sharma,4,0,11,25,3,8.00,RR,Chidambaram,10 May 2015
99,100,Dwayne Bravo,4,0,11,25,3,8.00,SRH,Rajiv Gandhi Intl. Cricket Stadium,02 May 2015
