,POS,PLAYER,"
                                Runs
                            ","
                                BF
                            ","
                                4s
                            ","
                                6s
                            ","
                                SR
                            ","
                                Against
                            ","
                                Venue
                            ","
                                Match Date
                            "
0,1,AB de Villiers,133,59,19,4,225.42,MI,Wankhede Stadium,10 May 2015
1,2,Rohit Sharma,98,65,12,4,150.76,KKR,Eden Gardens,08 April 2015
2,3,David Warner,61,28,11,1,217.85,CSK,Rajiv Gandhi Intl. Cricket Stadium,02 May 2015
3,4,Shreyas Iyer,70,49,10,1,142.85,CSK,Shaheed Veer Narayan Singh International Cricket Stadium,12 May 2015
4,5,David Warner,58,41,10,1,141.46,KXIP,IS Bindra Stadium,27 April 2015
5,6,Andre Russell,66,36,9,2,183.33,KXIP,Maharashtra Cricket Association's International Stadium,18 April 2015
6,7,Quinton de Kock,69,39,9,3,176.92,RCB,M. Chinnaswamy Stadium,17 May 2015
7,8,Shane Watson,104,59,9,5,176.27,KKR,Brabourne Stadium,16 May 2015
8,9,Steve Smith,68,40,9,2,170.00,SRH,Brabourne Stadium,07 May 2015
9,10,Ajinkya Rahane,91,54,9,3,168.51,DC,Brabourne Stadium,03 May 2015
10,11,David Warner,91,55,9,4,165.45,KKR,ACA-VDCA Stadium,22 April 2015
11,12,Quinton de Kock,50,31,9,1,161.29,SRH,Shaheed Veer Narayan Singh International Cricket Stadium,09 May 2015
12,13,Parthiv Patel,51,37,9,0,137.83,SRH,Rajiv Gandhi Intl. Cricket Stadium,17 May 2015
13,14,Lendl Simmons,59,44,9,2,134.09,RCB,M. Chinnaswamy Stadium,19 April 2015
14,15,Lendl Simmons,71,56,9,1,126.78,KXIP,IS Bindra Stadium,03 May 2015
15,16,AB de Villiers,57,45,9,1,126.66,RR,M. Chinnaswamy Stadium,29 April 2015
16,17,Dwayne Smith,57,48,9,1,118.75,MI,Eden Gardens,24 May 2015
17,18,Ajinkya Rahane,62,56,9,0,110.71,SRH,ACA-VDCA Stadium,16 April 2015
18,19,Dwayne Smith,62,30,8,4,206.66,MI,Wankhede Stadium,17 April 2015
19,20,Hardik Pandya,61,31,8,2,196.77,KKR,Wankhede Stadium,14 May 2015
20,21,Kedar Jadhav,63,34,8,2,185.29,SRH,Shaheed Veer Narayan Singh International Cricket Stadium,09 May 2015
21,22,Dwayne Bravo,62,36,8,1,172.22,RR,Sardar Patel Stadium,19 April 2015
22,23,Unmukt Chand,58,37,8,2,156.75,RCB,M. Chinnaswamy Stadium,19 April 2015
23,24,Lendl Simmons,68,45,8,3,151.11,CSK,Eden Gardens,24 May 2015
24,25,Brendon McCullum,66,44,8,3,150.00,KXIP,Chidambaram,25 April 2015
25,26,Steve Smith,79,53,8,1,149.05,MI,Sardar Patel Stadium,14 April 2015
26,27,Albie Morkel,73,55,8,1,132.72,CSK,Chidambaram,09 April 2015
27,28,Gautam Gambhir,60,49,8,0,122.44,DC,Feroz Shah Kotla Ground,20 April 2015
28,29,Kieron Pollard,70,34,7,5,205.88,RR,Sardar Patel Stadium,14 April 2015
29,30,Chris Gayle,117,57,7,12,205.26,KXIP,M. Chinnaswamy Stadium,06 May 2015
30,31,Brendon McCullum,100,56,7,9,178.57,SRH,Chidambaram,11 April 2015
31,32,Chris Gayle,96,56,7,7,171.42,KKR,Eden Gardens,11 April 2015
32,33,Sanju Samson,76,46,7,3,165.21,MI,Wankhede Stadium,01 May 2015
33,34,Mandeep Singh,54,34,7,2,158.82,RR,Maharashtra Cricket Association's International Stadium,20 May 2015
34,35,Shreyas Iyer,83,56,7,5,148.21,MI,Feroz Shah Kotla Ground,23 April 2015
35,36,Shikhar Dhawan,42,29,7,1,144.82,MI,Wankhede Stadium,25 April 2015
36,37,Mayank Agarwal,68,48,7,2,141.66,KXIP,Maharashtra Cricket Association's International Stadium,15 April 2015
37,38,Robin Uthappa,80,58,7,1,137.93,CSK,Eden Gardens,30 April 2015
38,39,Brendon McCullum,81,61,7,4,132.78,RR,Chidambaram,10 May 2015
39,40,Gautam Gambhir,57,43,7,1,132.55,MI,Eden Gardens,08 April 2015
40,41,Yuvraj Singh,57,44,7,2,129.54,MI,Wankhede Stadium,05 May 2015
41,42,Gautam Gambhir,58,46,7,1,126.08,RCB,Eden Gardens,11 April 2015
42,43,Andre Russell,41,17,6,2,241.17,RCB,Eden Gardens,11 April 2015
43,44,Brendon McCullum,46,20,6,2,230.00,MI,Wankhede Stadium,17 April 2015
44,45,Robin Uthappa,39,17,6,1,229.41,CSK,Chidambaram,28 April 2015
45,46,Sarfaraz Khan,45,21,6,1,214.28,RR,M. Chinnaswamy Stadium,29 April 2015
46,47,David Warner,57,27,6,4,211.11,RCB,M. Chinnaswamy Stadium,13 April 2015
47,48,Kieron Pollard,49,24,6,2,204.16,RCB,Wankhede Stadium,10 May 2015
48,49,Rohit Sharma,50,26,6,2,192.30,CSK,Eden Gardens,24 May 2015
49,50,Virender Sehwag,36,19,6,1,189.47,MI,Wankhede Stadium,12 April 2015
50,51,David Wiese,47,25,6,2,188.00,MI,M. Chinnaswamy Stadium,19 April 2015
51,52,Mayank Agarwal,37,21,6,1,176.19,RR,Feroz Shah Kotla Ground,12 April 2015
52,53,Virat Kohli,82,50,6,4,164.00,MI,Wankhede Stadium,10 May 2015
53,54,Karun Nair,61,38,6,2,160.52,DC,Brabourne Stadium,03 May 2015
54,55,David Warner,81,52,6,5,155.76,KXIP,Rajiv Gandhi Intl. Cricket Stadium,11 May 2015
55,56,Shane Watson,73,47,6,4,155.31,CSK,Sardar Patel Stadium,19 April 2015
56,57,Chris Gayle,62,40,6,4,155.00,DC,Feroz Shah Kotla Ground,26 April 2015
57,58,Shikhar Dhawan,54,35,6,2,154.28,RR,Brabourne Stadium,07 May 2015
58,59,Yusuf Pathan,40,26,6,1,153.84,DC,Feroz Shah Kotla Ground,20 April 2015
59,60,Virat Kohli,35,23,6,0,152.17,DC,Feroz Shah Kotla Ground,26 April 2015
60,61,Parthiv Patel,45,32,6,0,140.62,CSK,Chidambaram,08 May 2015
61,62,AB de Villiers,47,34,6,0,138.23,RR,Sardar Patel Stadium,24 April 2015
62,63,Ajinkya Rahane,76,55,6,2,138.18,CSK,Sardar Patel Stadium,19 April 2015
63,64,Ajinkya Rahane,74,54,6,2,137.03,KXIP,Sardar Patel Stadium,21 April 2015
64,65,Mayank Agarwal,52,40,6,1,130.00,KXIP,Feroz Shah Kotla Ground,01 May 2015
65,66,Lendl Simmons,51,42,6,1,121.42,SRH,Wankhede Stadium,25 April 2015
66,67,Murali Vijay,35,29,6,0,120.68,MI,Wankhede Stadium,12 April 2015
67,68,Dwayne Smith,34,31,6,0,109.67,DC,Chidambaram,09 April 2015
68,69,AB de Villiers,41,11,5,3,372.72,MI,M. Chinnaswamy Stadium,19 April 2015
69,70,Harbhajan Singh,64,24,5,6,266.66,KXIP,Wankhede Stadium,12 April 2015
70,71,Andre Russell,45,17,5,3,264.70,RCB,M. Chinnaswamy Stadium,02 May 2015
71,72,Moises Henriques,57,22,5,4,259.09,RCB,Rajiv Gandhi Intl. Cricket Stadium,15 May 2015
72,73,Wriddhiman Saha,31,12,5,1,258.33,RCB,IS Bindra Stadium,13 May 2015
73,74,Andre Russell,51,21,5,4,242.85,KXIP,Eden Gardens,09 May 2015
74,75,Axar Patel,40,21,5,2,190.47,RCB,M. Chinnaswamy Stadium,06 May 2015
75,76,Faf du Plessis,20,11,5,0,181.81,KKR,Eden Gardens,30 April 2015
76,77,Parthiv Patel,23,14,5,0,164.28,RR,Wankhede Stadium,01 May 2015
77,78,AB de Villiers,46,28,5,2,164.28,SRH,M. Chinnaswamy Stadium,13 April 2015
78,79,Parthiv Patel,59,36,5,3,163.88,KXIP,IS Bindra Stadium,03 May 2015
79,80,Shaun Marsh,65,40,5,3,162.50,RR,Sardar Patel Stadium,21 April 2015
80,81,David Warner,52,32,5,1,162.50,RCB,Rajiv Gandhi Intl. Cricket Stadium,15 May 2015
81,82,Rohit Sharma,50,31,5,1,161.29,CSK,Wankhede Stadium,17 April 2015
82,83,AB de Villiers,21,14,5,0,150.00,CSK,Chidambaram,04 May 2015
83,84,Shikhar Dhawan,26,18,5,0,144.44,CSK,Chidambaram,11 April 2015
84,85,Steve Smith,33,23,5,0,143.47,KXIP,Maharashtra Cricket Association's International Stadium,10 April 2015
85,86,Rohit Sharma,30,21,5,0,142.85,KKR,Wankhede Stadium,14 May 2015
86,87,Yusuf Pathan,52,37,5,2,140.54,MI,Wankhede Stadium,14 May 2015
87,88,Yuvraj Singh,54,39,5,3,138.46,KXIP,Maharashtra Cricket Association's International Stadium,15 April 2015
88,89,Gautam Gambhir,31,23,5,0,134.78,SRH,Eden Gardens,04 May 2015
89,90,Faf du Plessis,55,41,5,1,134.14,KXIP,IS Bindra Stadium,16 May 2015
90,91,David Warner,24,18,5,0,133.33,RR,Brabourne Stadium,07 May 2015
91,92,George Bailey,60,45,5,2,133.33,KKR,Maharashtra Cricket Association's International Stadium,18 April 2015
92,93,Faf du Plessis,45,34,5,1,132.35,MI,Wankhede Stadium,19 May 2015
93,94,JP Duminy,54,41,5,2,131.70,SRH,ACA-VDCA Stadium,18 April 2015
94,95,Corey Anderson,50,38,5,3,131.57,RR,Sardar Patel Stadium,14 April 2015
95,96,Gautam Gambhir,38,29,5,0,131.03,MI,Wankhede Stadium,14 May 2015
96,97,Shane Watson,45,35,5,2,128.57,KXIP,Sardar Patel Stadium,21 April 2015
97,98,Lendl Simmons,68,53,5,3,128.30,RCB,Wankhede Stadium,10 May 2015
98,99,Yusuf Pathan,44,35,5,1,125.71,RR,Brabourne Stadium,16 May 2015
99,100,Manoj Tiwary,32,28,5,0,114.28,KKR,Feroz Shah Kotla Ground,20 April 2015
