,POS,PLAYER,"
                                Runs
                            ","
                                BF
                            ","
                                4s
                            ","
                                6s
                            ","
                                SR
                            ","
                                Against
                            ","
                                Venue
                            ","
                                Match Date
                            "
0,1,Chris Gayle,24,6,3,2,400.00,SRH,Rajiv Gandhi Intl. Cricket Stadium,15 May 2015
1,2,Rohit Sharma,23,5,1,3,460.00,RCB,M. Chinnaswamy Stadium,19 April 2015
2,3,Kieron Pollard,23,5,1,3,460.00,CSK,Wankhede Stadium,17 April 2015
3,4,Dwayne Smith,22,6,2,2,366.66,KXIP,Chidambaram,25 April 2015
4,5,AB de Villiers,22,5,2,2,440.00,MI,M. Chinnaswamy Stadium,19 April 2015
5,6,Kieron Pollard,22,5,1,3,440.00,CSK,Eden Gardens,24 May 2015
6,7,David Miller,22,6,1,3,366.66,SRH,Rajiv Gandhi Intl. Cricket Stadium,11 May 2015
7,8,David Miller,21,5,2,2,420.00,KKR,Eden Gardens,09 May 2015
8,9,Chris Morris,21,5,0,3,420.00,SRH,Brabourne Stadium,07 May 2015
9,10,Chris Gayle,21,5,2,2,420.00,KXIP,M. Chinnaswamy Stadium,06 May 2015
10,11,Moises Henriques,20,6,3,1,333.33,RCB,Rajiv Gandhi Intl. Cricket Stadium,15 May 2015
11,12,Mohit Sharma,20,5,1,2,400.00,MI,Eden Gardens,24 May 2015
12,13,Karn Sharma,20,5,0,3,400.00,KKR,Eden Gardens,04 May 2015
13,14,Dwayne Smith,20,5,2,2,400.00,MI,Wankhede Stadium,17 April 2015
14,15,Chris Gayle,20,6,2,2,333.33,KXIP,M. Chinnaswamy Stadium,06 May 2015
15,16,Kieron Pollard,20,6,2,2,333.33,RR,Sardar Patel Stadium,14 April 2015
16,17,Angelo Mathews,19,5,1,2,380.00,KKR,Feroz Shah Kotla Ground,20 April 2015
17,18,Andre Russell,19,6,2,1,316.66,KXIP,Maharashtra Cricket Association's International Stadium,18 April 2015
18,19,Wriddhiman Saha,19,6,3,1,316.66,RCB,IS Bindra Stadium,13 May 2015
19,20,David Warner,19,5,3,1,380.00,CSK,Rajiv Gandhi Intl. Cricket Stadium,02 May 2015
20,21,Brendon McCullum,19,5,1,2,380.00,SRH,Chidambaram,11 April 2015
21,22,AB de Villiers,19,5,0,3,380.00,KXIP,M. Chinnaswamy Stadium,06 May 2015
22,23,Harbhajan Singh,19,6,0,3,316.66,KXIP,Wankhede Stadium,12 April 2015
23,24,James Faulkner,19,5,1,2,380.00,KXIP,Maharashtra Cricket Association's International Stadium,10 April 2015
24,25,MS Dhoni,19,5,0,3,380.00,SRH,Chidambaram,11 April 2015
25,26,Umesh Yadav,18,5,3,1,360.00,RR,Brabourne Stadium,16 May 2015
26,27,Andre Russell,18,5,1,2,360.00,KXIP,Eden Gardens,09 May 2015
27,28,Rohit Sharma,18,4,3,1,450.00,KKR,Eden Gardens,08 April 2015
28,29,David Warner,18,5,3,1,360.00,RCB,M. Chinnaswamy Stadium,13 April 2015
29,30,Murali Vijay,18,6,3,1,300.00,KKR,Eden Gardens,09 May 2015
30,31,Eoin Morgan,18,6,1,2,300.00,RR,Brabourne Stadium,07 May 2015
31,32,JP Duminy,18,5,1,2,360.00,MI,Feroz Shah Kotla Ground,23 April 2015
32,33,Mayank Agarwal,18,6,4,0,300.00,RR,Feroz Shah Kotla Ground,12 April 2015
33,34,Shikhar Dhawan,18,6,3,1,300.00,MI,Wankhede Stadium,25 April 2015
34,35,Shane Watson,18,4,3,1,450.00,KXIP,Sardar Patel Stadium,21 April 2015
35,36,AB de Villiers,18,5,1,2,360.00,RR,Maharashtra Cricket Association's International Stadium,20 May 2015
36,37,Shreyas Iyer,18,6,1,2,300.00,KXIP,Feroz Shah Kotla Ground,01 May 2015
37,38,David Warner,18,6,4,0,300.00,DC,ACA-VDCA Stadium,18 April 2015
38,39,Hardik Pandya,18,5,0,3,360.00,CSK,Chidambaram,08 May 2015
39,40,Suresh Raina,18,4,0,3,450.00,RCB,M. Chinnaswamy Stadium,22 April 2015
40,41,Moises Henriques,18,5,1,2,360.00,KKR,Eden Gardens,04 May 2015
41,42,Shaun Marsh,17,6,0,2,283.33,RR,Sardar Patel Stadium,21 April 2015
42,43,Eoin Morgan,17,5,1,2,340.00,KXIP,Rajiv Gandhi Intl. Cricket Stadium,11 May 2015
43,44,Unmukt Chand,17,5,4,0,340.00,RCB,M. Chinnaswamy Stadium,19 April 2015
44,45,Eoin Morgan,17,5,2,1,340.00,RR,Brabourne Stadium,07 May 2015
45,46,Sarfaraz Khan,17,5,2,1,340.00,RR,M. Chinnaswamy Stadium,29 April 2015
46,47,Kedar Jadhav,17,4,1,2,425.00,SRH,Shaheed Veer Narayan Singh International Cricket Stadium,09 May 2015
47,48,Hardik Pandya,17,5,4,0,340.00,KKR,Wankhede Stadium,14 May 2015
48,49,Johan Botha,17,5,4,0,340.00,DC,Eden Gardens,07 May 2015
49,50,Dwayne Smith,17,6,1,2,283.33,RCB,M. Chinnaswamy Stadium,22 April 2015
50,51,Quinton de Kock,17,5,1,2,340.00,RCB,M. Chinnaswamy Stadium,17 May 2015
51,52,Deepak Hooda,17,5,2,1,340.00,DC,Feroz Shah Kotla Ground,12 April 2015
52,53,Angelo Mathews,17,6,2,1,283.33,RR,Feroz Shah Kotla Ground,12 April 2015
53,54,Parthiv Patel,17,5,2,1,340.00,KXIP,IS Bindra Stadium,03 May 2015
54,55,Albie Morkel,17,5,2,1,340.00,CSK,Chidambaram,09 April 2015
55,56,David Warner,16,6,4,0,266.66,KXIP,IS Bindra Stadium,27 April 2015
56,57,Andre Russell,16,5,1,2,320.00,RCB,M. Chinnaswamy Stadium,02 May 2015
57,58,Jagadeesha Suchith,16,5,2,1,320.00,KXIP,Wankhede Stadium,12 April 2015
58,59,Rohit Sharma,16,6,2,1,266.66,CSK,Eden Gardens,24 May 2015
59,60,Shane Watson,16,5,2,1,320.00,KKR,Brabourne Stadium,16 May 2015
60,61,Dwayne Bravo,16,5,2,1,320.00,RR,Sardar Patel Stadium,19 April 2015
61,62,Virat Kohli,16,5,2,1,320.00,MI,Wankhede Stadium,10 May 2015
62,63,Virender Sehwag,16,5,2,1,320.00,MI,Wankhede Stadium,12 April 2015
63,64,Deepak Hooda,16,6,0,2,266.66,KXIP,Maharashtra Cricket Association's International Stadium,10 April 2015
64,65,Brendon McCullum,16,6,2,1,266.66,KKR,Eden Gardens,30 April 2015
65,66,Karun Nair,16,4,2,1,400.00,DC,Brabourne Stadium,03 May 2015
66,67,Mayank Agarwal,16,5,2,1,320.00,KXIP,Maharashtra Cricket Association's International Stadium,15 April 2015
67,68,Yuvraj Singh,16,5,0,2,320.00,RR,Feroz Shah Kotla Ground,12 April 2015
68,69,Virat Kohli,16,5,2,1,320.00,KXIP,IS Bindra Stadium,13 May 2015
69,70,Shreyas Iyer,15,5,2,1,300.00,MI,Feroz Shah Kotla Ground,23 April 2015
70,71,Quinton de Kock,15,4,2,1,375.00,RCB,M. Chinnaswamy Stadium,17 May 2015
71,72,Corey Anderson,15,4,0,2,375.00,KKR,Eden Gardens,08 April 2015
72,73,Murali Vijay,15,5,2,1,300.00,SRH,Rajiv Gandhi Intl. Cricket Stadium,11 May 2015
73,74,Robin Uthappa,15,5,2,1,300.00,CSK,Eden Gardens,30 April 2015
74,75,AB de Villiers,15,5,2,1,300.00,KKR,Eden Gardens,11 April 2015
75,76,AB de Villiers,15,4,2,1,375.00,MI,Wankhede Stadium,10 May 2015
76,77,Lendl Simmons,15,6,2,1,250.00,RCB,Wankhede Stadium,10 May 2015
77,78,Dwayne Smith,15,5,1,1,300.00,RR,Sardar Patel Stadium,19 April 2015
78,79,Parthiv Patel,15,5,2,1,300.00,CSK,Wankhede Stadium,19 May 2015
79,80,Shane Watson,15,5,2,1,300.00,CSK,Sardar Patel Stadium,19 April 2015
80,81,Andre Russell,15,5,2,1,300.00,KXIP,Eden Gardens,09 May 2015
81,82,Hardik Pandya,15,5,0,2,300.00,RCB,M. Chinnaswamy Stadium,19 April 2015
82,83,Virender Sehwag,15,4,2,1,375.00,DC,Maharashtra Cricket Association's International Stadium,15 April 2015
83,84,Steve Smith,15,6,3,0,250.00,SRH,Brabourne Stadium,07 May 2015
84,85,Lendl Simmons,15,6,2,1,250.00,CSK,Chidambaram,08 May 2015
85,86,David Warner,15,5,2,1,300.00,RCB,M. Chinnaswamy Stadium,13 April 2015
86,87,Hardik Pandya,15,6,2,1,250.00,KKR,Wankhede Stadium,14 May 2015
87,88,David Warner,15,4,2,1,375.00,KXIP,IS Bindra Stadium,27 April 2015
88,89,Shane Watson,15,5,0,2,300.00,CSK,Sardar Patel Stadium,19 April 2015
89,90,Ambati Rayudu,15,4,0,2,375.00,CSK,Chidambaram,08 May 2015
90,91,Ambati Rayudu,15,5,2,1,300.00,RR,Wankhede Stadium,01 May 2015
91,92,Glenn Maxwell,15,5,0,2,300.00,DC,Maharashtra Cricket Association's International Stadium,15 April 2015
92,93,Steve Smith,15,6,3,0,250.00,MI,Sardar Patel Stadium,14 April 2015
93,94,AB de Villiers,14,3,2,1,466.66,MI,M. Chinnaswamy Stadium,19 April 2015
94,95,Kieron Pollard,14,4,0,2,350.00,CSK,Wankhede Stadium,19 May 2015
95,96,David Warner,14,5,0,2,280.00,KXIP,Rajiv Gandhi Intl. Cricket Stadium,11 May 2015
96,97,Shreyas Iyer,14,6,3,0,233.33,MI,Wankhede Stadium,05 May 2015
97,98,Andre Russell,14,5,0,2,280.00,CSK,Eden Gardens,30 April 2015
98,99,AB de Villiers,14,5,2,1,280.00,KXIP,M. Chinnaswamy Stadium,06 May 2015
99,100,Chris Gayle,14,5,2,1,280.00,RR,Sardar Patel Stadium,24 April 2015
