,POS,PLAYER,"
                                Ov
                            ","
                                Runs
                            ","
                                Wkts
                            ","
                                SR
                            ","
                                Against
                            ","
                                Venue
                            ","
                                Match Date
                            "
0,1,Abu Nechim,4,59,0,-,MI,M. Chinnaswamy Stadium,19 April 2015
1,2,Mohit Sharma,4,58,0,-,SRH,Rajiv Gandhi Intl. Cricket Stadium,02 May 2015
2,3,Anureet Singh,3.5,56,2,11.50,KKR,Eden Gardens,09 May 2015
3,4,James Faulkner,4,55,0,-,DC,Feroz Shah Kotla Ground,12 April 2015
4,5,Jasprit Bumrah,4,55,1,24.00,DC,Feroz Shah Kotla Ground,23 April 2015
5,6,Pat Cummins,4,54,1,24.00,CSK,Eden Gardens,30 April 2015
6,7,Jasprit Bumrah,4,52,0,-,RCB,Wankhede Stadium,10 May 2015
7,8,Karn Sharma,4,51,0,-,CSK,Chidambaram,11 April 2015
8,9,Yuzvendra Chahal,4,51,2,12.00,MI,Wankhede Stadium,10 May 2015
9,10,Hardik Pandya,3,51,0,-,RCB,Wankhede Stadium,10 May 2015
10,11,Rishi Dhawan,4,50,0,-,MI,Wankhede Stadium,12 April 2015
11,12,Varun Aaron,4,50,0,-,MI,M. Chinnaswamy Stadium,19 April 2015
12,13,Axar Patel,4,50,1,24.00,RCB,M. Chinnaswamy Stadium,06 May 2015
13,14,Andre Russell,4,50,1,24.00,KXIP,Eden Gardens,09 May 2015
14,15,Ravindra Jadeja,4,49,0,-,MI,Wankhede Stadium,17 April 2015
15,16,Ishant Sharma,4,49,0,-,KXIP,Rajiv Gandhi Intl. Cricket Stadium,11 May 2015
16,17,Gurinder Sandhu,4,49,0,-,RR,Brabourne Stadium,03 May 2015
17,18,Shakib Al Hasan,4,48,1,24.00,MI,Eden Gardens,08 April 2015
18,19,Vinay Kumar,4,46,0,-,KXIP,Wankhede Stadium,12 April 2015
19,20,Pawan Negi,4,46,0,-,MI,Wankhede Stadium,19 May 2015
20,21,Tim Southee,4,46,1,24.00,MI,Sardar Patel Stadium,14 April 2015
21,22,David Wiese,4,46,1,24.00,CSK,M. Chinnaswamy Stadium,22 April 2015
22,23,Imran Tahir,4,46,2,12.00,KKR,Eden Gardens,07 May 2015
23,24,Ishant Sharma,3,46,0,-,CSK,Chidambaram,11 April 2015
24,25,Mitchell McClenaghan,3,46,1,18.00,CSK,Wankhede Stadium,19 May 2015
25,26,Pawan Suyal,4,45,0,-,RR,Sardar Patel Stadium,14 April 2015
26,27,James Faulkner,4,45,1,24.00,KKR,Brabourne Stadium,16 May 2015
27,28,Trent Boult,4,45,1,24.00,KXIP,Rajiv Gandhi Intl. Cricket Stadium,11 May 2015
28,29,Ashish Nehra,3,45,0,-,MI,Chidambaram,08 May 2015
29,30,Trent Boult,4,44,0,-,CSK,Rajiv Gandhi Intl. Cricket Stadium,02 May 2015
30,31,Harbhajan Singh,4,44,2,12.00,CSK,Wankhede Stadium,17 April 2015
31,32,Bhuvneshwar Kumar,4,44,3,8.00,RR,Brabourne Stadium,07 May 2015
32,33,Shivam Sharma,3,44,1,18.00,RR,Sardar Patel Stadium,21 April 2015
33,34,Karanveer Singh,4,43,0,-,RR,Maharashtra Cricket Association's International Stadium,10 April 2015
34,35,Karanveer Singh,4,43,0,-,CSK,Chidambaram,25 April 2015
35,36,Mitchell Johnson,4,43,0,-,RCB,M. Chinnaswamy Stadium,06 May 2015
36,37,Mohit Sharma,4,43,1,24.00,MI,Wankhede Stadium,17 April 2015
37,38,Mitchell McClenaghan,4,43,1,24.00,RCB,M. Chinnaswamy Stadium,19 April 2015
38,39,Dhawal Kulkarni,4,43,2,12.00,DC,Brabourne Stadium,03 May 2015
39,40,Dwayne Bravo,4,43,2,12.00,RR,Chidambaram,10 May 2015
40,41,Imran Tahir,4,43,3,8.00,KXIP,Maharashtra Cricket Association's International Stadium,15 April 2015
41,42,Nathan Coulter-Nile,4,42,0,-,RR,Feroz Shah Kotla Ground,12 April 2015
42,43,Mitchell Johnson,4,42,0,-,DC,Maharashtra Cricket Association's International Stadium,15 April 2015
43,44,James Faulkner,4,42,0,-,RCB,Maharashtra Cricket Association's International Stadium,20 May 2015
44,45,Chris Morris,4,42,1,24.00,RCB,Maharashtra Cricket Association's International Stadium,20 May 2015
45,46,Angelo Mathews,4,42,1,24.00,RR,Feroz Shah Kotla Ground,12 April 2015
46,47,Bhuvneshwar Kumar,4,42,2,12.00,KKR,Eden Gardens,04 May 2015
47,48,James Faulkner,4,41,0,-,KXIP,Sardar Patel Stadium,21 April 2015
48,49,Amit Mishra,4,41,0,-,RR,Brabourne Stadium,03 May 2015
49,50,Ashish Nehra,4,41,0,-,MI,Eden Gardens,24 May 2015
50,51,Abu Nechim,4,41,0,-,SRH,M. Chinnaswamy Stadium,13 April 2015
51,52,Jagadeesha Suchith,4,41,1,24.00,KXIP,Wankhede Stadium,12 April 2015
52,53,Lasith Malinga,4,41,1,24.00,RR,Sardar Patel Stadium,14 April 2015
53,54,Anureet Singh,4,41,1,24.00,RR,Sardar Patel Stadium,21 April 2015
54,55,Mitchell Starc,4,41,1,24.00,MI,Wankhede Stadium,10 May 2015
55,56,Mitchell Johnson,4,41,1,24.00,MI,IS Bindra Stadium,03 May 2015
56,57,Anureet Singh,4,41,2,12.00,MI,Wankhede Stadium,12 April 2015
57,58,Sandeep Sharma,4,41,2,12.00,RCB,M. Chinnaswamy Stadium,06 May 2015
58,59,Mitchell Johnson,3.5,41,1,23.00,KKR,Maharashtra Cricket Association's International Stadium,18 April 2015
59,60,Azhar Mahmood,3,41,0,-,RR,Brabourne Stadium,16 May 2015
60,61,Karanveer Singh,2,41,0,-,RCB,M. Chinnaswamy Stadium,06 May 2015
61,62,Praveen Kumar,4,40,0,-,RR,Brabourne Stadium,07 May 2015
62,63,Mitchell Johnson,4,40,0,-,CSK,Chidambaram,25 April 2015
63,64,Mitchell McClenaghan,4,40,0,-,RCB,Wankhede Stadium,10 May 2015
64,65,James Faulkner,4,40,0,-,CSK,Chidambaram,10 May 2015
65,66,Lasith Malinga,4,40,1,24.00,CSK,Wankhede Stadium,17 April 2015
66,67,Umesh Yadav,4,40,1,24.00,SRH,ACA-VDCA Stadium,22 April 2015
67,68,Juan Theron,4,40,1,24.00,MI,Wankhede Stadium,01 May 2015
68,69,Anureet Singh,4,40,1,24.00,CSK,Chidambaram,25 April 2015
69,70,Yusuf Pathan,4,40,2,12.00,RCB,Eden Gardens,11 April 2015
70,71,Beuran Hendricks,4,40,2,12.00,SRH,Rajiv Gandhi Intl. Cricket Stadium,11 May 2015
71,72,Dwayne Bravo,4,40,3,8.00,MI,Wankhede Stadium,19 May 2015
72,73,Yuzvendra Chahal,4,40,3,8.00,CSK,M. Chinnaswamy Stadium,22 April 2015
73,74,Mohit Sharma,4,39,0,-,RCB,M. Chinnaswamy Stadium,22 April 2015
74,75,David Wiese,4,39,0,-,DC,M. Chinnaswamy Stadium,17 May 2015
75,76,Ishant Sharma,4,39,0,-,DC,Shaheed Veer Narayan Singh International Cricket Stadium,09 May 2015
76,77,Jagadeesha Suchith,4,39,1,24.00,RR,Wankhede Stadium,01 May 2015
77,78,Vinay Kumar,4,39,1,24.00,CSK,Eden Gardens,24 May 2015
78,79,Vinay Kumar,4,39,1,24.00,RR,Wankhede Stadium,01 May 2015
79,80,Jasprit Bumrah,4,39,1,24.00,RCB,M. Chinnaswamy Stadium,19 April 2015
80,81,Andre Russell,4,39,2,12.00,KXIP,Maharashtra Cricket Association's International Stadium,18 April 2015
81,82,Mitchell Johnson,4,39,2,12.00,SRH,IS Bindra Stadium,27 April 2015
82,83,Ashok Dinda,3,39,0,-,DC,M. Chinnaswamy Stadium,17 May 2015
83,84,Pravin Tambe,3,39,0,-,RCB,M. Chinnaswamy Stadium,29 April 2015
84,85,Bhuvneshwar Kumar,1.5,39,0,-,RCB,Rajiv Gandhi Intl. Cricket Stadium,15 May 2015
85,86,Ravi Bopara,4,38,0,-,DC,ACA-VDCA Stadium,18 April 2015
86,87,Sunil Narine,4,38,0,-,SRH,ACA-VDCA Stadium,22 April 2015
87,88,Chris Morris,4,38,0,-,SRH,Brabourne Stadium,07 May 2015
88,89,Morne Morkel,4,38,0,-,RR,Brabourne Stadium,16 May 2015
89,90,David Wiese,4,38,0,-,MI,Wankhede Stadium,10 May 2015
90,91,Varun Aaron,4,38,1,24.00,KKR,Eden Gardens,11 April 2015
91,92,Ashish Nehra,4,38,1,24.00,KKR,Chidambaram,28 April 2015
92,93,Sunil Narine,4,38,1,24.00,MI,Wankhede Stadium,14 May 2015
93,94,Angelo Mathews,4,38,1,24.00,SRH,ACA-VDCA Stadium,18 April 2015
94,95,Praveen Kumar,4,38,1,24.00,DC,ACA-VDCA Stadium,18 April 2015
95,96,Sunil Narine,4,38,1,24.00,DC,Feroz Shah Kotla Ground,20 April 2015
96,97,Nathan Coulter-Nile,4,38,1,24.00,RR,Brabourne Stadium,03 May 2015
97,98,Mohit Sharma,4,38,1,24.00,MI,Eden Gardens,24 May 2015
98,99,Harbhajan Singh,4,38,1,24.00,KKR,Eden Gardens,08 April 2015
99,100,Shane Watson,4,38,2,12.00,KKR,Brabourne Stadium,16 May 2015
