,POS,PLAYER,"
                                Runs
                            ","
                                BF
                            ","
                                4s
                            ","
                                6s
                            ","
                                SR
                            ","
                                Against
                            ","
                                Venue
                            ","
                                Match Date
                            "
0,1,Chris Gayle,117,57,7,12,205.26,KXIP,M. Chinnaswamy Stadium,06 May 2015
1,2,David Miller,89,44,2,9,202.27,SRH,Rajiv Gandhi Intl. Cricket Stadium,11 May 2015
2,3,Brendon McCullum,100,56,7,9,178.57,SRH,Chidambaram,11 April 2015
3,4,Chris Gayle,96,56,7,7,171.42,KKR,Eden Gardens,11 April 2015
4,5,Harbhajan Singh,64,24,5,6,266.66,KXIP,Wankhede Stadium,12 April 2015
5,6,Suresh Raina,62,32,4,6,193.75,RCB,M. Chinnaswamy Stadium,22 April 2015
6,7,JP Duminy,78,50,3,6,156.00,MI,Feroz Shah Kotla Ground,23 April 2015
7,8,Kieron Pollard,41,17,1,5,241.17,CSK,Wankhede Stadium,19 May 2015
8,9,Suryakumar Yadav,46,20,1,5,230.00,MI,Eden Gardens,08 April 2015
9,10,Eoin Morgan,63,28,4,5,225.00,RR,Brabourne Stadium,07 May 2015
10,11,Kieron Pollard,64,30,4,5,213.33,CSK,Wankhede Stadium,17 April 2015
11,12,Kieron Pollard,70,34,7,5,205.88,RR,Sardar Patel Stadium,14 April 2015
12,13,David Miller,54,30,1,5,180.00,RR,Sardar Patel Stadium,21 April 2015
13,14,Shane Watson,104,59,9,5,176.27,KKR,Brabourne Stadium,16 May 2015
14,15,Moises Henriques,74,46,1,5,160.86,DC,Shaheed Veer Narayan Singh International Cricket Stadium,09 May 2015
15,16,David Warner,81,52,6,5,155.76,KXIP,Rajiv Gandhi Intl. Cricket Stadium,11 May 2015
16,17,Shreyas Iyer,60,40,3,5,150.00,SRH,ACA-VDCA Stadium,18 April 2015
17,18,Shreyas Iyer,83,56,7,5,148.21,MI,Feroz Shah Kotla Ground,23 April 2015
18,19,Lendl Simmons,65,51,3,5,127.45,CSK,Wankhede Stadium,19 May 2015
19,20,Rohit Sharma,42,15,3,4,280.00,RCB,M. Chinnaswamy Stadium,19 April 2015
20,21,Moises Henriques,57,22,5,4,259.09,RCB,Rajiv Gandhi Intl. Cricket Stadium,15 May 2015
21,22,Andre Russell,51,21,5,4,242.85,KXIP,Eden Gardens,09 May 2015
22,23,AB de Villiers,133,59,19,4,225.42,MI,Wankhede Stadium,10 May 2015
23,24,Deepak Hooda,54,25,3,4,216.00,DC,Feroz Shah Kotla Ground,12 April 2015
24,25,David Warner,57,27,6,4,211.11,RCB,M. Chinnaswamy Stadium,13 April 2015
25,26,Dwayne Smith,62,30,8,4,206.66,MI,Wankhede Stadium,17 April 2015
26,27,AB de Villiers,47,24,3,4,195.83,KXIP,M. Chinnaswamy Stadium,06 May 2015
27,28,MS Dhoni,53,29,4,4,182.75,SRH,Chidambaram,11 April 2015
28,29,AB de Villiers,66,38,4,4,173.68,RR,Maharashtra Cricket Association's International Stadium,20 May 2015
29,30,Andre Russell,55,32,4,4,171.87,CSK,Eden Gardens,30 April 2015
30,31,David Warner,91,55,9,4,165.45,KKR,ACA-VDCA Stadium,22 April 2015
31,32,Virat Kohli,82,50,6,4,164.00,MI,Wankhede Stadium,10 May 2015
32,33,Shane Watson,73,47,6,4,155.31,CSK,Sardar Patel Stadium,19 April 2015
33,34,Chris Gayle,62,40,6,4,155.00,DC,Feroz Shah Kotla Ground,26 April 2015
34,35,Rohit Sharma,98,65,12,4,150.76,KKR,Eden Gardens,08 April 2015
35,36,Brendon McCullum,81,61,7,4,132.78,RR,Chidambaram,10 May 2015
36,37,AB de Villiers,41,11,5,3,372.72,MI,M. Chinnaswamy Stadium,19 April 2015
37,38,Chris Gayle,35,10,4,3,350.00,SRH,Rajiv Gandhi Intl. Cricket Stadium,15 May 2015
38,39,Chris Morris,34,11,2,3,309.09,SRH,Brabourne Stadium,07 May 2015
39,40,Brendon McCullum,32,12,3,3,266.66,KKR,Eden Gardens,30 April 2015
40,41,Andre Russell,45,17,5,3,264.70,RCB,M. Chinnaswamy Stadium,02 May 2015
41,42,Hardik Pandya,21,8,0,3,262.50,CSK,Chidambaram,08 May 2015
42,43,Mandeep Singh,45,18,4,3,250.00,KKR,M. Chinnaswamy Stadium,02 May 2015
43,44,Chris Gayle,21,9,0,3,233.33,KKR,M. Chinnaswamy Stadium,02 May 2015
44,45,Virat Kohli,44,19,3,3,231.57,SRH,Rajiv Gandhi Intl. Cricket Stadium,15 May 2015
45,46,Sanju Samson,21,10,0,3,210.00,SRH,Brabourne Stadium,07 May 2015
46,47,Kieron Pollard,36,18,2,3,200.00,CSK,Eden Gardens,24 May 2015
47,48,Deepak Hooda,30,15,1,3,200.00,KXIP,Maharashtra Cricket Association's International Stadium,10 April 2015
48,49,Ambati Rayudu,53,27,4,3,196.29,RR,Wankhede Stadium,01 May 2015
49,50,Glenn Maxwell,43,22,4,3,195.45,KKR,Eden Gardens,09 May 2015
50,51,George Bailey,61,32,4,3,190.62,MI,Wankhede Stadium,12 April 2015
51,52,Kieron Pollard,26,14,0,3,185.71,DC,Wankhede Stadium,05 May 2015
52,53,Ambati Rayudu,29,16,1,3,181.25,CSK,Wankhede Stadium,17 April 2015
53,54,Ambati Rayudu,34,19,1,3,178.94,CSK,Chidambaram,08 May 2015
54,55,Quinton de Kock,69,39,9,3,176.92,RCB,M. Chinnaswamy Stadium,17 May 2015
55,56,Yusuf Pathan,42,24,3,3,175.00,DC,Eden Gardens,07 May 2015
56,57,Virat Kohli,34,20,2,3,170.00,KKR,M. Chinnaswamy Stadium,02 May 2015
57,58,Ajinkya Rahane,91,54,9,3,168.51,DC,Brabourne Stadium,03 May 2015
58,59,Manish Pandey,40,24,2,3,166.66,MI,Eden Gardens,08 April 2015
59,60,Sanju Samson,76,46,7,3,165.21,MI,Wankhede Stadium,01 May 2015
60,61,Parthiv Patel,59,36,5,3,163.88,KXIP,IS Bindra Stadium,03 May 2015
61,62,Shaun Marsh,65,40,5,3,162.50,RR,Sardar Patel Stadium,21 April 2015
62,63,Karn Sharma,32,20,0,3,160.00,KKR,Eden Gardens,04 May 2015
63,64,JP Duminy,67,43,4,3,155.81,RCB,M. Chinnaswamy Stadium,17 May 2015
64,65,Suresh Raina,23,15,0,3,153.33,SRH,Rajiv Gandhi Intl. Cricket Stadium,02 May 2015
65,66,Yusuf Pathan,29,19,1,3,152.63,KXIP,Eden Gardens,09 May 2015
66,67,Lendl Simmons,68,45,8,3,151.11,CSK,Eden Gardens,24 May 2015
67,68,Brendon McCullum,66,44,8,3,150.00,KXIP,Chidambaram,25 April 2015
68,69,Ambati Rayudu,36,24,0,3,150.00,CSK,Eden Gardens,24 May 2015
69,70,JP Duminy,56,39,3,3,143.58,RR,Brabourne Stadium,03 May 2015
70,71,James Faulkner,46,33,2,3,139.39,KXIP,Maharashtra Cricket Association's International Stadium,10 April 2015
71,72,Wriddhiman Saha,39,28,0,3,139.28,DC,Maharashtra Cricket Association's International Stadium,15 April 2015
72,73,Yuvraj Singh,54,39,5,3,138.46,KXIP,Maharashtra Cricket Association's International Stadium,15 April 2015
73,74,Ravi Bopara,41,30,1,3,136.66,DC,ACA-VDCA Stadium,18 April 2015
74,75,Shreyas Iyer,54,40,4,3,135.00,KXIP,Feroz Shah Kotla Ground,01 May 2015
75,76,Virat Kohli,62,46,1,3,134.78,RR,Sardar Patel Stadium,24 April 2015
76,77,Dwayne Smith,39,29,3,3,134.48,RCB,M. Chinnaswamy Stadium,22 April 2015
77,78,Corey Anderson,55,41,4,3,134.14,KKR,Eden Gardens,08 April 2015
78,79,Shreyas Iyer,40,30,3,3,133.33,RR,Feroz Shah Kotla Ground,12 April 2015
79,80,Corey Anderson,50,38,5,3,131.57,RR,Sardar Patel Stadium,14 April 2015
80,81,Lendl Simmons,68,53,5,3,128.30,RCB,Wankhede Stadium,10 May 2015
81,82,David Warner,53,42,1,3,126.19,CSK,Chidambaram,11 April 2015
82,83,Rohit Sharma,46,37,2,3,124.32,DC,Wankhede Stadium,05 May 2015
83,84,Ajinkya Rahane,47,39,2,3,120.51,DC,Feroz Shah Kotla Ground,12 April 2015
84,85,JP Duminy,44,38,0,3,115.78,RR,Feroz Shah Kotla Ground,12 April 2015
85,86,Manan Vohra,39,34,1,3,114.70,KKR,Eden Gardens,09 May 2015
86,87,Chris Gayle,41,43,2,3,95.34,CSK,JSCA Stadium,22 May 2015
87,88,Ambati Rayudu,14,4,0,2,350.00,RCB,Wankhede Stadium,10 May 2015
88,89,David Miller,14,4,0,2,350.00,RCB,IS Bindra Stadium,13 May 2015
89,90,Deepak Hooda,13,4,0,2,325.00,MI,Sardar Patel Stadium,14 April 2015
90,91,Glenn Maxwell,15,5,0,2,300.00,DC,Maharashtra Cricket Association's International Stadium,15 April 2015
91,92,Mitchell McClenaghan,12,4,0,2,300.00,RCB,Wankhede Stadium,10 May 2015
92,93,Mohit Sharma,21,7,1,2,300.00,MI,Eden Gardens,24 May 2015
93,94,Ashish Reddy,22,8,1,2,275.00,KXIP,IS Bindra Stadium,27 April 2015
94,95,Hardik Pandya,16,6,0,2,266.66,RCB,M. Chinnaswamy Stadium,19 April 2015
95,96,David Miller,27,11,2,2,245.45,KKR,Eden Gardens,09 May 2015
96,97,Eoin Morgan,17,7,1,2,242.85,KXIP,Rajiv Gandhi Intl. Cricket Stadium,11 May 2015
97,98,Andre Russell,41,17,6,2,241.17,RCB,Eden Gardens,11 April 2015
98,99,Brendon McCullum,46,20,6,2,230.00,MI,Wankhede Stadium,17 April 2015
99,100,Suryakumar Yadav,23,10,2,2,230.00,KXIP,Maharashtra Cricket Association's International Stadium,18 April 2015
